Order_ID,Order_Date,Customer_ID,Customer_Name,Region,State,City,Category,Sub_Category,Product,Quantity,Sales,Discount,Profit,Payment_Mode,Customer_Segment
ORD-00001,2026-07-13,CUST-0179,Customer 0865,North,Karnataka,Delhi,Office Supplies,Binders,Ring Binder,4,947.13,0.15,282.37,Credit Card,Consumer
ORD-00002,2025-08-14,CUST-0920,Customer 0570,South,Karnataka,Chennai,Office Supplies,Writing,Pen Set,4,1455.1,0.15,376.85,UPI,Small Business
ORD-00003,2026-01-03,CUST-0705,Customer 0542,West,Karnataka,Ahmedabad,Furniture,Chairs,Office Chair,2,34716.39,0.0,6540.11,Net Banking,Small Business
ORD-00004,2025-07-16,CUST-0143,Customer 0094,North,Maharashtra,Lucknow,Technology,Accessories,Keyboard,3,10157.57,0.2,1400.34,Debit Card,Consumer
ORD-00005,2026-11-18,CUST-0547,Customer 0147,South,Kerala,Bengaluru,Furniture,Tables,Conference Table,2,39695.01,0.05,7301.85,UPI,Small Business
ORD-00006,2025-11-29,CUST-0115,Customer 0470,South,Karnataka,Chennai,Furniture,Tables,Conference Table,4,107057.1,0.1,17078.9,Debit Card,Corporate
ORD-00007,2026-10-21,CUST-0940,Customer 0293,East,Gujarat,Kolkata,Technology,Accessories,USB Hub,4,7051.07,0.08,1562.16,UPI,Consumer
ORD-00008,2025-02-18,CUST-0225,Customer 0314,East,Telangana,Patna,Office Supplies,Binders,Lever Arch Binder,10,2479.11,0.1,616.56,Net Banking,Small Business
ORD-00009,2026-11-28,CUST-0235,Customer 1100,North,Gujarat,Lucknow,Furniture,Storage,Bookshelf,8,53808.65,0.2,15585.01,Debit Card,Consumer
ORD-00010,2025-07-02,CUST-1040,Customer 0218,East,Gujarat,Patna,Technology,Smartphones,Android Phone,5,387735.67,0.05,91312.56,Cash,Small Business
ORD-00011,2026-05-16,CUST-0040,Customer 0230,South,Delhi,Chennai,Furniture,Chairs,Visitor Chair,6,103814.98,0.0,23650.09,Debit Card,Consumer
ORD-00012,2025-05-09,CUST-0263,Customer 0974,North,Uttar Pradesh,Jaipur,Office Supplies,Paper,A4 Paper,5,3781.25,0.2,970.05,UPI,Corporate
ORD-00013,2026-03-25,CUST-1060,Customer 0925,West,Tamil Nadu,Pune,Office Supplies,Writing,Notebook,2,348.01,0.15,97.43,UPI,Consumer
ORD-00014,2025-03-02,CUST-0469,Customer 0139,North,Karnataka,Chandigarh,Technology,Accessories,USB Hub,1,1535.52,0.0,296.75,Debit Card,Consumer
ORD-00015,2025-09-06,CUST-0969,Customer 0834,South,Maharashtra,Hyderabad,Office Supplies,Binders,Ring Binder,4,1912.99,0.1,507.41,Credit Card,Consumer
ORD-00016,2025-04-11,CUST-0125,Customer 0825,West,Delhi,Ahmedabad,Furniture,Tables,Conference Table,1,22606.53,0.15,6717.52,Credit Card,Consumer
ORD-00017,2025-03-19,CUST-0908,Customer 1128,South,Tamil Nadu,Chennai,Office Supplies,Binders,Ring Binder,2,857.51,0.02,278.6,Credit Card,Small Business
ORD-00018,2025-06-18,CUST-0777,Customer 0005,North,Rajasthan,Delhi,Technology,Laptops,Gaming Laptop,1,74909.24,0.08,16808.95,Debit Card,Corporate
ORD-00019,2025-03-01,CUST-1187,Customer 1111,East,Karnataka,Patna,Office Supplies,Writing,Notebook,3,1441.66,0.02,301.8,Debit Card,Consumer
ORD-00020,2026-09-02,CUST-0140,Customer 0482,North,Rajasthan,Lucknow,Office Supplies,Writing,Pen Set,3,276.64,0.2,51.78,Credit Card,Small Business
ORD-00021,2025-07-29,CUST-0644,Customer 0489,South,Gujarat,Bengaluru,Office Supplies,Paper,Premium Paper,3,2492.34,0.05,839.77,Net Banking,Consumer
ORD-00022,2025-08-07,CUST-1037,Customer 0544,East,Telangana,Patna,Furniture,Chairs,Office Chair,10,98742.83,0.0,13151.25,Debit Card,Consumer
ORD-00023,2026-11-01,CUST-1084,Customer 0017,South,Uttar Pradesh,Hyderabad,Furniture,Chairs,Ergonomic Chair,4,55822.23,0.1,16584.43,Debit Card,Small Business
ORD-00024,2025-12-18,CUST-0417,Customer 0541,North,Uttar Pradesh,Jaipur,Furniture,Chairs,Office Chair,1,13429.44,0.05,3073.59,Net Banking,Corporate
ORD-00025,2025-09-26,CUST-0331,Customer 0905,North,Uttar Pradesh,Delhi,Office Supplies,Binders,Lever Arch Binder,2,265.13,0.02,73.55,Net Banking,Small Business
ORD-00026,2026-03-17,CUST-0262,Customer 0086,North,Gujarat,Delhi,Technology,Accessories,Wireless Mouse,5,13298.2,0.1,2239.47,Debit Card,Consumer
ORD-00027,2026-09-28,CUST-0317,Customer 0485,East,Telangana,Bhubaneswar,Office Supplies,Paper,Recycled Paper,5,1390.62,0.2,321.62,UPI,Corporate
ORD-00028,2025-06-13,CUST-0222,Customer 0784,North,Karnataka,Jaipur,Office Supplies,Binders,Lever Arch Binder,5,2967.15,0.2,592.34,Net Banking,Consumer
ORD-00029,2025-03-13,CUST-0572,Customer 0720,South,Uttar Pradesh,Kochi,Furniture,Tables,Work Desk,4,38908.97,0.08,6968.1,Net Banking,Small Business
ORD-00030,2026-03-21,CUST-0708,Customer 0643,East,Rajasthan,Kolkata,Technology,Smartphones,Android Phone,10,543830.51,0.0,52938.86,Cash,Small Business
ORD-00031,2026-07-06,CUST-0404,Customer 0746,North,Rajasthan,Lucknow,Office Supplies,Paper,Premium Paper,2,525.9,0.1,176.24,Credit Card,Small Business
ORD-00032,2026-02-17,CUST-0606,Customer 1136,East,Telangana,Guwahati,Office Supplies,Paper,Recycled Paper,3,2817.86,0.15,652.84,UPI,Corporate
ORD-00033,2026-03-17,CUST-1188,Customer 0660,West,West Bengal,Pune,Office Supplies,Writing,Markers,5,1575.89,0.05,326.81,Net Banking,Corporate
ORD-00034,2025-04-06,CUST-0482,Customer 0636,South,Maharashtra,Kochi,Office Supplies,Paper,Recycled Paper,3,842.92,0.15,230.84,UPI,Consumer
ORD-00035,2026-08-13,CUST-0399,Customer 0787,North,West Bengal,Delhi,Technology,Smartphones,Budget Phone,1,68108.38,0.08,15105.21,Net Banking,Consumer
ORD-00036,2026-07-25,CUST-0511,Customer 0249,South,West Bengal,Bengaluru,Technology,Smartphones,Android Phone,8,178846.04,0.1,27600.95,UPI,Corporate
ORD-00037,2026-05-02,CUST-0922,Customer 0531,East,Maharashtra,Patna,Office Supplies,Writing,Notebook,6,1902.08,0.08,626.62,Debit Card,Small Business
ORD-00038,2026-07-08,CUST-0166,Customer 0284,West,Telangana,Pune,Furniture,Tables,Work Desk,2,43393.38,0.05,7704.4,UPI,Corporate
ORD-00039,2026-03-07,CUST-0798,Customer 1197,South,Karnataka,Chennai,Technology,Smartphones,Premium Phone,3,108463.02,0.0,12266.46,Cash,Corporate
ORD-00040,2026-07-14,CUST-0452,Customer 1000,West,Maharashtra,Mumbai,Furniture,Tables,Conference Table,8,193834.42,0.08,42038.75,Debit Card,Corporate
ORD-00041,2025-05-11,CUST-1094,Customer 0056,West,Rajasthan,Mumbai,Furniture,Tables,Side Table,2,43077.95,0.02,11686.66,Cash,Small Business
ORD-00042,2025-08-05,CUST-0932,Customer 0670,North,Delhi,Delhi,Office Supplies,Binders,Ring Binder,1,753.81,0.05,170.23,Net Banking,Corporate
ORD-00043,2025-03-12,CUST-0083,Customer 0064,West,Maharashtra,Ahmedabad,Technology,Smartphones,Android Phone,1,63344.83,0.05,7340.12,UPI,Consumer
ORD-00044,2026-01-13,CUST-0344,Customer 0235,South,Telangana,Chennai,Technology,Smartphones,Budget Phone,8,149779.16,0.08,28744.78,Debit Card,Consumer
ORD-00045,2026-10-05,CUST-0498,Customer 0209,North,Gujarat,Chandigarh,Office Supplies,Writing,Markers,4,1303.7,0.0,349.94,Cash,Consumer
ORD-00046,2026-03-07,CUST-1004,Customer 0217,North,Rajasthan,Chandigarh,Office Supplies,Binders,Presentation Folder,3,1129.9,0.05,172.34,Debit Card,Small Business
ORD-00047,2026-07-06,CUST-0991,Customer 0953,West,Rajasthan,Pune,Furniture,Chairs,Visitor Chair,4,38974.32,0.1,10346.74,Cash,Corporate
ORD-00048,2025-12-11,CUST-0059,Customer 1013,East,Delhi,Bhubaneswar,Technology,Smartphones,Premium Phone,3,80465.48,0.1,15039.82,UPI,Corporate
ORD-00049,2026-06-14,CUST-0392,Customer 0176,South,Maharashtra,Hyderabad,Furniture,Tables,Conference Table,4,102630.4,0.05,22583.04,Net Banking,Corporate
ORD-00050,2026-12-10,CUST-0499,Customer 0628,South,Kerala,Kochi,Office Supplies,Writing,Markers,1,339.97,0.05,66.06,Debit Card,Corporate
ORD-00051,2025-05-04,CUST-0395,Customer 0647,East,Tamil Nadu,Patna,Office Supplies,Writing,Markers,3,849.65,0.05,170.17,Cash,Small Business
ORD-00052,2025-10-17,CUST-0206,Customer 0398,South,Gujarat,Chennai,Technology,Accessories,Keyboard,3,4186.2,0.2,686.29,UPI,Corporate
ORD-00053,2026-12-16,CUST-0259,Customer 1006,South,Tamil Nadu,Hyderabad,Technology,Accessories,USB Hub,1,1069.62,0.0,180.27,Credit Card,Small Business
ORD-00054,2025-03-08,CUST-0821,Customer 1008,East,Tamil Nadu,Patna,Furniture,Tables,Conference Table,1,7687.27,0.2,1583.51,Cash,Small Business
ORD-00055,2026-09-13,CUST-0463,Customer 1071,North,Rajasthan,Jaipur,Technology,Accessories,Keyboard,2,1589.97,0.1,321.67,Net Banking,Corporate
ORD-00056,2025-08-01,CUST-0433,Customer 0542,East,Tamil Nadu,Patna,Furniture,Storage,Storage Box,8,14745.79,0.0,4284.63,UPI,Consumer
ORD-00057,2025-10-23,CUST-0580,Customer 0930,South,Tamil Nadu,Bengaluru,Technology,Laptops,Gaming Laptop,3,224545.17,0.05,19136.27,UPI,Corporate
ORD-00058,2025-03-03,CUST-0340,Customer 0630,South,Kerala,Kochi,Technology,Accessories,Wireless Mouse,6,16388.91,0.2,1684.09,Cash,Corporate
ORD-00059,2026-03-25,CUST-0165,Customer 0082,West,Rajasthan,Mumbai,Furniture,Storage,Bookshelf,8,77733.16,0.1,16883.38,Debit Card,Small Business
ORD-00060,2026-11-20,CUST-0552,Customer 1181,East,Karnataka,Kolkata,Technology,Laptops,Ultrabook,3,323090.69,0.0,77519.66,UPI,Corporate
ORD-00061,2026-02-23,CUST-0683,Customer 0658,West,Tamil Nadu,Ahmedabad,Technology,Accessories,Keyboard,3,10069.59,0.0,1562.82,UPI,Corporate
ORD-00062,2025-09-16,CUST-0663,Customer 0238,West,Rajasthan,Surat,Furniture,Storage,Bookshelf,3,34196.19,0.08,4645.58,Cash,Consumer
ORD-00063,2025-02-22,CUST-0417,Customer 0547,West,Uttar Pradesh,Surat,Technology,Laptops,Ultrabook,4,245253.74,0.15,36966.25,UPI,Corporate
ORD-00064,2025-01-15,CUST-1132,Customer 0836,West,Tamil Nadu,Surat,Technology,Laptops,Ultrabook,2,177704.14,0.02,23051.78,UPI,Consumer
ORD-00065,2026-05-10,CUST-0968,Customer 0500,West,West Bengal,Mumbai,Office Supplies,Paper,Premium Paper,2,1931.23,0.15,395.29,Cash,Consumer
ORD-00066,2026-03-01,CUST-0697,Customer 1040,West,Gujarat,Pune,Office Supplies,Writing,Notebook,5,2969.62,0.05,904.35,Credit Card,Corporate
ORD-00067,2026-04-12,CUST-0660,Customer 0387,East,Maharashtra,Patna,Technology,Smartphones,Budget Phone,2,75771.07,0.2,12649.89,Cash,Corporate
ORD-00068,2026-11-11,CUST-0312,Customer 1015,South,Karnataka,Kochi,Technology,Smartphones,Budget Phone,6,256830.51,0.08,36411.53,UPI,Small Business
ORD-00069,2026-11-02,CUST-0317,Customer 0154,East,West Bengal,Kolkata,Furniture,Chairs,Visitor Chair,1,16323.49,0.02,3163.43,Debit Card,Corporate
ORD-00070,2026-05-15,CUST-1109,Customer 0074,West,Kerala,Mumbai,Furniture,Storage,Storage Box,2,10744.22,0.15,3005.58,Credit Card,Consumer
ORD-00071,2026-03-31,CUST-0341,Customer 0614,East,Karnataka,Bhubaneswar,Office Supplies,Paper,Premium Paper,4,4010.03,0.15,1301.32,Credit Card,Corporate
ORD-00072,2025-07-04,CUST-0349,Customer 0359,North,Tamil Nadu,Chandigarh,Furniture,Tables,Conference Table,3,23325.96,0.1,5661.77,Cash,Corporate
ORD-00073,2026-04-22,CUST-0590,Customer 1120,South,Telangana,Kochi,Office Supplies,Paper,A4 Paper,2,1307.38,0.05,370.47,Credit Card,Corporate
ORD-00074,2026-05-10,CUST-0219,Customer 0486,East,Rajasthan,Guwahati,Office Supplies,Binders,Presentation Folder,5,1470.39,0.02,514.45,Cash,Corporate
ORD-00075,2025-02-20,CUST-1018,Customer 0587,East,Maharashtra,Guwahati,Technology,Accessories,Keyboard,3,4424.66,0.15,904.98,Cash,Corporate
ORD-00076,2026-10-06,CUST-0199,Customer 0081,South,Gujarat,Chennai,Office Supplies,Binders,Presentation Folder,4,2395.17,0.15,760.87,Net Banking,Consumer
ORD-00077,2026-01-10,CUST-1088,Customer 1028,East,Gujarat,Bhubaneswar,Technology,Smartphones,Premium Phone,1,65234.78,0.02,13428.06,UPI,Corporate
ORD-00078,2026-11-24,CUST-0814,Customer 1142,West,Delhi,Ahmedabad,Office Supplies,Binders,Ring Binder,1,379.73,0.2,130.36,Credit Card,Corporate
ORD-00079,2026-10-16,CUST-0761,Customer 0222,North,Maharashtra,Chandigarh,Office Supplies,Paper,Premium Paper,4,2280.59,0.05,608.72,Net Banking,Consumer
ORD-00080,2025-04-30,CUST-0287,Customer 0093,East,Karnataka,Bhubaneswar,Office Supplies,Paper,Recycled Paper,6,5886.18,0.05,1647.24,Debit Card,Corporate
ORD-00081,2026-07-08,CUST-0859,Customer 0317,North,Rajasthan,Delhi,Technology,Accessories,Wireless Mouse,2,3823.14,0.15,731.89,Credit Card,Corporate
ORD-00082,2025-04-12,CUST-0753,Customer 1116,West,Delhi,Ahmedabad,Technology,Accessories,Keyboard,2,2896.32,0.02,628.13,Credit Card,Corporate
ORD-00083,2025-02-21,CUST-0684,Customer 0499,East,Telangana,Bhubaneswar,Technology,Smartphones,Android Phone,4,217375.62,0.1,51164.77,Cash,Consumer
ORD-00084,2025-05-29,CUST-0267,Customer 1107,North,Gujarat,Jaipur,Office Supplies,Paper,A4 Paper,1,505.92,0.1,76.17,UPI,Consumer
ORD-00085,2026-03-08,CUST-1078,Customer 0233,North,Tamil Nadu,Jaipur,Technology,Smartphones,Android Phone,1,52236.95,0.05,4616.9,Net Banking,Corporate
ORD-00086,2026-11-06,CUST-1068,Customer 0618,East,West Bengal,Kolkata,Furniture,Storage,Filing Cabinet,1,11388.66,0.2,3229.54,Credit Card,Consumer
ORD-00087,2025-11-26,CUST-0304,Customer 0135,West,Telangana,Surat,Furniture,Storage,Filing Cabinet,6,47182.58,0.0,13299.26,Debit Card,Small Business
ORD-00088,2025-04-28,CUST-1130,Customer 0441,East,Rajasthan,Patna,Office Supplies,Writing,Markers,3,1083.91,0.0,334.52,Net Banking,Consumer
ORD-00089,2026-01-19,CUST-0313,Customer 0972,West,Tamil Nadu,Ahmedabad,Furniture,Tables,Conference Table,2,44156.59,0.05,10585.19,Credit Card,Consumer
ORD-00090,2026-07-30,CUST-1151,Customer 0676,North,Tamil Nadu,Lucknow,Technology,Accessories,USB Hub,1,2176.91,0.0,378.42,Net Banking,Corporate
ORD-00091,2026-05-09,CUST-0460,Customer 0222,West,Delhi,Mumbai,Furniture,Storage,Bookshelf,3,17413.76,0.02,2574.65,Cash,Corporate
ORD-00092,2026-11-23,CUST-1141,Customer 0054,North,Kerala,Chandigarh,Office Supplies,Paper,Premium Paper,8,6738.54,0.2,1848.68,Debit Card,Consumer
ORD-00093,2026-02-15,CUST-0143,Customer 0291,South,Karnataka,Hyderabad,Office Supplies,Binders,Lever Arch Binder,1,373.2,0.02,98.25,Credit Card,Small Business
ORD-00094,2026-08-05,CUST-0174,Customer 0108,South,Telangana,Kochi,Furniture,Tables,Conference Table,2,16976.94,0.05,4411.13,UPI,Small Business
ORD-00095,2026-06-09,CUST-0234,Customer 0707,North,Rajasthan,Delhi,Furniture,Tables,Side Table,3,43057.02,0.08,7283.96,Credit Card,Corporate
ORD-00096,2025-08-05,CUST-0282,Customer 0524,West,Gujarat,Ahmedabad,Technology,Laptops,Gaming Laptop,1,116456.76,0.02,14932.91,Debit Card,Consumer
ORD-00097,2026-11-16,CUST-0726,Customer 0148,North,Rajasthan,Lucknow,Office Supplies,Binders,Ring Binder,3,597.84,0.02,149.49,Credit Card,Corporate
ORD-00098,2025-04-28,CUST-0830,Customer 0043,North,Delhi,Lucknow,Technology,Smartphones,Budget Phone,2,73674.18,0.15,10817.66,UPI,Small Business
ORD-00099,2025-11-14,CUST-0696,Customer 0454,West,Delhi,Ahmedabad,Technology,Smartphones,Android Phone,3,80357.68,0.1,7439.8,UPI,Consumer
ORD-00100,2025-05-30,CUST-0525,Customer 0405,North,Telangana,Jaipur,Furniture,Tables,Side Table,4,113505.89,0.02,18447.93,Cash,Consumer
ORD-00101,2026-08-02,CUST-0662,Customer 0648,North,Telangana,Jaipur,Office Supplies,Binders,Lever Arch Binder,4,2589.09,0.08,741.07,Net Banking,Consumer
ORD-00102,2026-04-08,CUST-0078,Customer 0117,West,Delhi,Surat,Office Supplies,Binders,Lever Arch Binder,2,1146.27,0.0,243.1,Debit Card,Consumer
ORD-00103,2026-08-09,CUST-0386,Customer 0659,North,Kerala,Lucknow,Furniture,Storage,Storage Box,4,57436.96,0.0,11542.08,Net Banking,Small Business
ORD-00104,2025-09-11,CUST-0897,Customer 0900,South,Uttar Pradesh,Bengaluru,Furniture,Chairs,Ergonomic Chair,1,15075.42,0.15,2277.3,Cash,Small Business
ORD-00105,2026-10-09,CUST-0686,Customer 0135,South,Delhi,Hyderabad,Furniture,Tables,Conference Table,2,27394.62,0.1,3545.57,Credit Card,Small Business
ORD-00106,2026-08-20,CUST-0290,Customer 0717,West,Gujarat,Ahmedabad,Furniture,Storage,Storage Box,3,42635.12,0.02,7674.54,Net Banking,Consumer
ORD-00107,2026-12-03,CUST-1079,Customer 0192,North,Rajasthan,Chandigarh,Office Supplies,Binders,Presentation Folder,5,3116.65,0.15,905.59,Cash,Corporate
ORD-00108,2025-05-21,CUST-0318,Customer 0159,North,Gujarat,Chandigarh,Furniture,Chairs,Office Chair,4,31853.86,0.02,5121.39,Credit Card,Small Business
ORD-00109,2026-10-02,CUST-0340,Customer 0897,North,Karnataka,Chandigarh,Office Supplies,Paper,Recycled Paper,1,486.31,0.2,140.33,Net Banking,Corporate
ORD-00110,2026-04-26,CUST-0398,Customer 0754,South,Kerala,Kochi,Office Supplies,Binders,Presentation Folder,2,1425.0,0.02,301.95,Net Banking,Corporate
ORD-00111,2025-09-14,CUST-0107,Customer 0985,East,Delhi,Patna,Office Supplies,Writing,Markers,5,2716.35,0.2,735.95,Cash,Consumer
ORD-00112,2025-08-16,CUST-0924,Customer 0716,North,Karnataka,Chandigarh,Technology,Laptops,Gaming Laptop,3,188877.46,0.2,28330.79,Net Banking,Consumer
ORD-00113,2026-10-28,CUST-0687,Customer 0300,West,Telangana,Ahmedabad,Technology,Smartphones,Android Phone,1,39368.63,0.0,8435.45,Credit Card,Corporate
ORD-00114,2025-06-03,CUST-1124,Customer 1081,West,Rajasthan,Pune,Office Supplies,Binders,Lever Arch Binder,6,3553.67,0.0,714.94,Credit Card,Corporate
ORD-00115,2026-05-27,CUST-1098,Customer 0034,South,Uttar Pradesh,Hyderabad,Technology,Laptops,Business Laptop,5,351839.81,0.08,31682.87,Cash,Consumer
ORD-00116,2025-03-29,CUST-1073,Customer 0739,South,Tamil Nadu,Hyderabad,Furniture,Chairs,Visitor Chair,3,24379.19,0.02,5840.93,Cash,Small Business
ORD-00117,2025-03-11,CUST-0707,Customer 0494,North,Tamil Nadu,Lucknow,Furniture,Chairs,Visitor Chair,2,14965.47,0.15,1839.61,Cash,Small Business
ORD-00118,2026-04-21,CUST-0981,Customer 0374,East,Telangana,Bhubaneswar,Technology,Smartphones,Budget Phone,4,117484.64,0.2,24044.74,Credit Card,Small Business
ORD-00119,2026-06-12,CUST-0816,Customer 1113,West,West Bengal,Mumbai,Furniture,Chairs,Office Chair,6,84739.84,0.05,24405.65,Debit Card,Consumer
ORD-00120,2026-02-14,CUST-0901,Customer 0792,South,Delhi,Hyderabad,Furniture,Chairs,Visitor Chair,1,7579.93,0.05,1505.76,UPI,Corporate
ORD-00121,2025-07-04,CUST-1118,Customer 0602,West,Delhi,Ahmedabad,Office Supplies,Binders,Ring Binder,1,613.5,0.1,214.12,Credit Card,Consumer
ORD-00122,2025-02-13,CUST-0723,Customer 0891,East,Gujarat,Guwahati,Furniture,Tables,Side Table,1,21106.25,0.08,3868.32,Credit Card,Consumer
ORD-00123,2026-03-25,CUST-0072,Customer 0259,West,Tamil Nadu,Ahmedabad,Office Supplies,Writing,Notebook,1,143.35,0.2,38.92,UPI,Small Business
ORD-00124,2025-03-20,CUST-1176,Customer 0282,East,Uttar Pradesh,Guwahati,Furniture,Storage,Filing Cabinet,4,35991.04,0.05,6728.97,Debit Card,Corporate
ORD-00125,2025-05-01,CUST-0537,Customer 0534,East,West Bengal,Guwahati,Technology,Laptops,Business Laptop,3,276484.7,0.08,62531.66,UPI,Small Business
ORD-00126,2025-03-31,CUST-0655,Customer 0712,East,Tamil Nadu,Patna,Technology,Laptops,Business Laptop,3,277853.03,0.15,42016.32,Cash,Small Business
ORD-00127,2025-08-18,CUST-0249,Customer 0412,East,Telangana,Guwahati,Technology,Accessories,USB Hub,4,14953.47,0.2,2061.17,UPI,Corporate
ORD-00128,2025-03-30,CUST-0135,Customer 0634,North,Rajasthan,Chandigarh,Office Supplies,Writing,Markers,10,3623.96,0.02,987.13,Net Banking,Small Business
ORD-00129,2026-06-14,CUST-0706,Customer 0263,West,Uttar Pradesh,Surat,Office Supplies,Paper,A4 Paper,4,4319.44,0.08,1050.34,Cash,Consumer
ORD-00130,2026-12-28,CUST-0462,Customer 0709,South,Uttar Pradesh,Kochi,Office Supplies,Paper,A4 Paper,2,1454.71,0.02,312.08,Debit Card,Consumer
ORD-00131,2026-10-19,CUST-0346,Customer 1190,East,Telangana,Bhubaneswar,Office Supplies,Writing,Markers,2,283.69,0.1,47.85,UPI,Small Business
ORD-00132,2026-08-09,CUST-0854,Customer 0063,East,West Bengal,Kolkata,Technology,Laptops,Business Laptop,4,441335.85,0.05,81285.59,Cash,Corporate
ORD-00133,2026-03-02,CUST-0992,Customer 0952,East,Maharashtra,Patna,Technology,Accessories,Keyboard,1,1838.45,0.0,193.58,Debit Card,Small Business
ORD-00134,2026-01-15,CUST-1055,Customer 1151,South,Tamil Nadu,Hyderabad,Office Supplies,Binders,Presentation Folder,2,1638.37,0.08,288.6,Debit Card,Consumer
ORD-00135,2026-03-05,CUST-0509,Customer 0328,West,Delhi,Mumbai,Furniture,Tables,Work Desk,1,7840.19,0.08,2160.36,Cash,Small Business
ORD-00136,2026-02-07,CUST-1036,Customer 0937,East,Maharashtra,Bhubaneswar,Technology,Smartphones,Budget Phone,6,254347.82,0.08,21291.0,UPI,Small Business
ORD-00137,2026-07-04,CUST-0017,Customer 0221,East,Rajasthan,Kolkata,Technology,Smartphones,Premium Phone,5,236380.2,0.15,36708.4,UPI,Corporate
ORD-00138,2025-03-17,CUST-0792,Customer 1033,East,West Bengal,Patna,Furniture,Chairs,Ergonomic Chair,3,10736.99,0.05,2357.63,Cash,Corporate
ORD-00139,2025-07-23,CUST-1043,Customer 0823,North,Uttar Pradesh,Jaipur,Technology,Smartphones,Premium Phone,2,133052.25,0.05,26716.15,Credit Card,Consumer
ORD-00140,2026-09-20,CUST-0653,Customer 0333,North,Rajasthan,Jaipur,Office Supplies,Binders,Lever Arch Binder,1,463.92,0.1,82.56,Cash,Small Business
ORD-00141,2026-01-13,CUST-0679,Customer 0225,East,Rajasthan,Guwahati,Office Supplies,Writing,Notebook,3,1059.03,0.08,331.63,Cash,Corporate
ORD-00142,2026-06-21,CUST-0779,Customer 0303,North,Maharashtra,Lucknow,Furniture,Storage,Storage Box,4,32712.77,0.1,6754.56,Credit Card,Small Business
ORD-00143,2026-09-19,CUST-0966,Customer 0128,North,Telangana,Jaipur,Technology,Smartphones,Premium Phone,2,83439.09,0.02,12153.77,Cash,Consumer
ORD-00144,2025-12-29,CUST-0542,Customer 0992,East,Maharashtra,Patna,Office Supplies,Binders,Lever Arch Binder,3,2336.44,0.1,510.43,UPI,Corporate
ORD-00145,2026-07-28,CUST-0561,Customer 0590,East,Tamil Nadu,Bhubaneswar,Furniture,Tables,Side Table,4,38691.39,0.05,7984.53,Cash,Small Business
ORD-00146,2026-03-29,CUST-0526,Customer 0982,West,Maharashtra,Surat,Furniture,Chairs,Ergonomic Chair,8,29047.98,0.0,5296.77,UPI,Small Business
ORD-00147,2026-06-28,CUST-0463,Customer 0477,East,Karnataka,Guwahati,Technology,Laptops,Ultrabook,2,201133.65,0.0,37646.88,Credit Card,Corporate
ORD-00148,2026-05-03,CUST-0978,Customer 0409,East,Gujarat,Patna,Technology,Accessories,Wireless Mouse,3,1538.55,0.02,223.25,Debit Card,Corporate
ORD-00149,2025-06-29,CUST-0856,Customer 0361,North,Karnataka,Delhi,Office Supplies,Writing,Pen Set,4,1647.18,0.0,547.93,Net Banking,Corporate
ORD-00150,2026-10-19,CUST-1113,Customer 1074,South,West Bengal,Hyderabad,Technology,Laptops,Gaming Laptop,1,83217.28,0.05,10446.25,UPI,Small Business
ORD-00151,2025-01-15,CUST-0691,Customer 0605,West,Kerala,Ahmedabad,Technology,Laptops,Gaming Laptop,3,162983.15,0.05,31777.76,UPI,Consumer
ORD-00152,2025-09-12,CUST-0014,Customer 0535,West,Rajasthan,Surat,Office Supplies,Binders,Ring Binder,1,412.25,0.02,101.2,UPI,Corporate
ORD-00153,2025-03-05,CUST-0243,Customer 0954,East,Gujarat,Guwahati,Furniture,Storage,Storage Box,2,17138.54,0.05,4193.77,UPI,Corporate
ORD-00154,2026-04-11,CUST-0766,Customer 0852,East,Uttar Pradesh,Kolkata,Office Supplies,Binders,Lever Arch Binder,1,579.87,0.02,142.44,Net Banking,Small Business
ORD-00155,2026-08-01,CUST-0230,Customer 0127,South,Uttar Pradesh,Chennai,Office Supplies,Writing,Pen Set,3,1156.57,0.05,191.55,Cash,Consumer
ORD-00156,2026-06-07,CUST-0913,Customer 0114,South,West Bengal,Chennai,Furniture,Storage,Bookshelf,1,2364.62,0.1,491.82,UPI,Small Business
ORD-00157,2025-09-18,CUST-0007,Customer 0447,West,Kerala,Surat,Office Supplies,Paper,Recycled Paper,5,2929.35,0.15,452.16,Credit Card,Consumer
ORD-00158,2026-04-29,CUST-0065,Customer 0588,West,Rajasthan,Ahmedabad,Office Supplies,Paper,Recycled Paper,6,7166.5,0.0,2488.41,UPI,Consumer
ORD-00159,2025-05-17,CUST-0713,Customer 0243,West,Telangana,Ahmedabad,Furniture,Tables,Conference Table,4,48929.87,0.15,13574.11,Cash,Corporate
ORD-00160,2025-08-24,CUST-0507,Customer 0944,South,Delhi,Chennai,Technology,Laptops,Gaming Laptop,4,293389.08,0.08,48441.29,UPI,Corporate
ORD-00161,2025-03-10,CUST-0207,Customer 0069,South,West Bengal,Bengaluru,Technology,Accessories,Keyboard,6,19602.93,0.0,2323.08,Cash,Small Business
ORD-00162,2025-02-27,CUST-0287,Customer 1032,North,Gujarat,Jaipur,Office Supplies,Paper,Premium Paper,3,1600.84,0.2,516.66,UPI,Small Business
ORD-00163,2025-03-04,CUST-1141,Customer 0359,East,Rajasthan,Guwahati,Technology,Smartphones,Android Phone,3,231717.94,0.08,29678.47,Cash,Corporate
ORD-00164,2025-11-04,CUST-0771,Customer 0377,North,Uttar Pradesh,Chandigarh,Office Supplies,Writing,Markers,2,1043.65,0.08,241.76,Net Banking,Consumer
ORD-00165,2025-05-18,CUST-0796,Customer 0498,South,Gujarat,Hyderabad,Office Supplies,Paper,Premium Paper,3,3088.45,0.08,807.5,UPI,Corporate
ORD-00166,2026-09-12,CUST-0081,Customer 0150,North,Maharashtra,Lucknow,Furniture,Chairs,Visitor Chair,1,13175.33,0.05,2475.52,Cash,Small Business
ORD-00167,2025-05-01,CUST-0981,Customer 0497,South,Kerala,Kochi,Technology,Smartphones,Premium Phone,1,80225.19,0.02,18767.27,UPI,Corporate
ORD-00168,2026-05-25,CUST-0955,Customer 0202,South,West Bengal,Hyderabad,Furniture,Tables,Conference Table,2,34848.38,0.05,6437.75,Debit Card,Consumer
ORD-00169,2026-08-22,CUST-1187,Customer 0856,East,Gujarat,Guwahati,Furniture,Chairs,Visitor Chair,4,63845.09,0.0,10658.26,UPI,Consumer
ORD-00170,2026-05-16,CUST-1005,Customer 0944,East,Telangana,Bhubaneswar,Furniture,Storage,Filing Cabinet,4,27166.75,0.15,4910.7,Debit Card,Consumer
ORD-00171,2026-11-16,CUST-0100,Customer 0014,South,Rajasthan,Kochi,Technology,Accessories,USB Hub,3,11538.16,0.2,2486.15,UPI,Small Business
ORD-00172,2026-11-14,CUST-0990,Customer 1000,South,Karnataka,Bengaluru,Office Supplies,Paper,A4 Paper,3,1373.35,0.0,375.7,Credit Card,Small Business
ORD-00173,2026-12-16,CUST-0882,Customer 0368,West,Tamil Nadu,Mumbai,Technology,Accessories,USB Hub,8,13890.67,0.0,2227.43,Credit Card,Small Business
ORD-00174,2026-01-18,CUST-0832,Customer 0941,South,Kerala,Chennai,Technology,Accessories,USB Hub,2,2617.41,0.2,375.61,UPI,Small Business
ORD-00175,2026-01-24,CUST-0773,Customer 1132,South,West Bengal,Hyderabad,Office Supplies,Paper,Recycled Paper,4,4768.36,0.0,804.42,Credit Card,Small Business
ORD-00176,2026-06-25,CUST-0088,Customer 0471,North,Maharashtra,Jaipur,Technology,Smartphones,Premium Phone,2,94525.17,0.2,22290.39,Cash,Corporate
ORD-00177,2025-11-19,CUST-0033,Customer 0425,East,Kerala,Kolkata,Technology,Accessories,Keyboard,3,13640.71,0.0,1482.7,UPI,Small Business
ORD-00178,2026-07-08,CUST-0680,Customer 0787,West,Telangana,Mumbai,Furniture,Chairs,Visitor Chair,5,30392.58,0.08,7350.94,Credit Card,Small Business
ORD-00179,2026-09-02,CUST-0813,Customer 0669,East,Karnataka,Kolkata,Technology,Smartphones,Android Phone,2,117157.2,0.2,20879.57,Debit Card,Corporate
ORD-00180,2026-09-26,CUST-0605,Customer 0505,West,Tamil Nadu,Pune,Furniture,Storage,Bookshelf,4,23955.96,0.15,4513.62,Credit Card,Corporate
ORD-00181,2025-11-12,CUST-0911,Customer 0738,South,Gujarat,Kochi,Office Supplies,Writing,Pen Set,2,1077.17,0.0,181.29,Credit Card,Consumer
ORD-00182,2026-07-22,CUST-0191,Customer 0665,North,Rajasthan,Jaipur,Furniture,Tables,Side Table,2,37737.0,0.0,5137.19,Credit Card,Corporate
ORD-00183,2026-12-03,CUST-0780,Customer 0348,West,Telangana,Surat,Technology,Accessories,USB Hub,8,32928.73,0.1,5379.79,Debit Card,Corporate
ORD-00184,2026-01-05,CUST-0516,Customer 0506,East,West Bengal,Patna,Technology,Laptops,Business Laptop,2,142785.33,0.08,29303.36,Cash,Small Business
ORD-00185,2025-12-04,CUST-0902,Customer 0686,South,Rajasthan,Kochi,Technology,Laptops,Gaming Laptop,2,72812.08,0.2,13050.16,Cash,Consumer
ORD-00186,2025-10-26,CUST-1006,Customer 1180,East,Maharashtra,Guwahati,Office Supplies,Writing,Pen Set,1,346.83,0.08,119.22,Debit Card,Corporate
ORD-00187,2026-07-18,CUST-0056,Customer 0946,East,Maharashtra,Patna,Furniture,Chairs,Visitor Chair,10,58770.61,0.02,14264.11,Net Banking,Corporate
ORD-00188,2026-03-10,CUST-0773,Customer 0152,North,West Bengal,Lucknow,Office Supplies,Binders,Ring Binder,2,1031.34,0.15,186.5,Cash,Corporate
ORD-00189,2025-03-29,CUST-0224,Customer 0509,West,Delhi,Surat,Office Supplies,Paper,Premium Paper,5,4124.49,0.1,1145.11,UPI,Small Business
ORD-00190,2026-07-26,CUST-1189,Customer 1179,North,Maharashtra,Lucknow,Furniture,Tables,Work Desk,2,9474.65,0.1,2410.67,Net Banking,Corporate
ORD-00191,2025-10-30,CUST-0852,Customer 0176,West,Tamil Nadu,Surat,Office Supplies,Writing,Notebook,2,780.58,0.0,192.46,UPI,Corporate
ORD-00192,2026-04-09,CUST-0654,Customer 0138,East,Gujarat,Guwahati,Furniture,Chairs,Visitor Chair,3,28273.14,0.08,7067.12,Credit Card,Small Business
ORD-00193,2025-06-28,CUST-1131,Customer 0328,North,Delhi,Delhi,Furniture,Storage,Filing Cabinet,1,8907.96,0.15,1460.05,Cash,Corporate
ORD-00194,2026-09-21,CUST-0405,Customer 0921,West,Kerala,Pune,Furniture,Storage,Filing Cabinet,4,13282.65,0.08,1663.71,Net Banking,Corporate
ORD-00195,2026-07-04,CUST-0383,Customer 0750,North,Delhi,Jaipur,Technology,Smartphones,Budget Phone,1,71037.27,0.0,14770.1,UPI,Corporate
ORD-00196,2026-08-25,CUST-0234,Customer 0713,North,Delhi,Chandigarh,Office Supplies,Binders,Presentation Folder,2,1605.83,0.08,437.21,Net Banking,Small Business
ORD-00197,2025-07-07,CUST-0765,Customer 0290,South,Uttar Pradesh,Hyderabad,Office Supplies,Writing,Pen Set,2,973.55,0.02,205.49,Net Banking,Corporate
ORD-00198,2025-06-27,CUST-1137,Customer 0342,South,West Bengal,Kochi,Furniture,Chairs,Ergonomic Chair,4,42610.58,0.15,12251.61,Debit Card,Consumer
ORD-00199,2026-01-29,CUST-1151,Customer 1036,South,West Bengal,Hyderabad,Furniture,Storage,Filing Cabinet,8,96543.41,0.08,13957.88,Net Banking,Small Business
ORD-00200,2025-10-27,CUST-0067,Customer 0563,West,Maharashtra,Surat,Office Supplies,Binders,Lever Arch Binder,3,561.13,0.2,169.58,Cash,Corporate
ORD-00201,2026-07-11,CUST-0752,Customer 1111,South,Karnataka,Kochi,Office Supplies,Writing,Markers,1,420.83,0.0,85.67,Net Banking,Small Business
ORD-00202,2025-12-23,CUST-0179,Customer 0900,South,Tamil Nadu,Kochi,Technology,Accessories,USB Hub,2,7762.11,0.0,1179.51,UPI,Consumer
ORD-00203,2025-12-26,CUST-1091,Customer 0576,East,Kerala,Patna,Technology,Accessories,Wireless Mouse,5,16127.29,0.2,1443.35,Cash,Consumer
ORD-00204,2025-05-19,CUST-0843,Customer 0122,East,Gujarat,Guwahati,Furniture,Storage,Bookshelf,3,36550.59,0.15,9749.23,UPI,Small Business
ORD-00205,2025-05-26,CUST-1183,Customer 0551,South,Rajasthan,Chennai,Technology,Accessories,Keyboard,4,14375.77,0.15,2053.32,Net Banking,Corporate
ORD-00206,2026-05-15,CUST-0671,Customer 1192,North,Karnataka,Delhi,Furniture,Storage,Storage Box,6,27902.41,0.05,5631.97,Credit Card,Small Business
ORD-00207,2025-11-27,CUST-0581,Customer 0692,West,Uttar Pradesh,Ahmedabad,Technology,Accessories,Keyboard,2,2901.26,0.02,461.75,Cash,Consumer
ORD-00208,2025-06-11,CUST-0904,Customer 0935,West,Karnataka,Ahmedabad,Office Supplies,Paper,A4 Paper,5,1585.14,0.08,242.93,Net Banking,Consumer
ORD-00209,2026-10-27,CUST-0339,Customer 0107,South,Rajasthan,Hyderabad,Technology,Smartphones,Android Phone,2,113591.35,0.05,21164.5,Debit Card,Small Business
ORD-00210,2025-08-20,CUST-1064,Customer 0912,South,Karnataka,Kochi,Office Supplies,Paper,Recycled Paper,1,340.42,0.0,60.1,Credit Card,Small Business
ORD-00211,2025-04-15,CUST-0212,Customer 0642,East,Delhi,Kolkata,Furniture,Storage,Filing Cabinet,2,15375.61,0.0,3867.54,Debit Card,Consumer
ORD-00212,2026-03-27,CUST-0720,Customer 0437,West,Telangana,Pune,Office Supplies,Writing,Pen Set,3,330.52,0.1,92.55,Net Banking,Small Business
ORD-00213,2026-03-16,CUST-0645,Customer 0287,West,Maharashtra,Pune,Technology,Laptops,Business Laptop,3,279956.25,0.08,38142.84,Debit Card,Small Business
ORD-00214,2026-11-06,CUST-0618,Customer 0421,North,Uttar Pradesh,Jaipur,Office Supplies,Writing,Notebook,2,896.12,0.15,139.23,Cash,Small Business
ORD-00215,2025-04-26,CUST-0494,Customer 1024,South,Kerala,Kochi,Furniture,Storage,Filing Cabinet,5,58668.79,0.02,12266.46,Credit Card,Small Business
ORD-00216,2025-06-26,CUST-0965,Customer 0150,North,Karnataka,Chandigarh,Furniture,Chairs,Ergonomic Chair,3,45349.8,0.05,9901.86,Cash,Consumer
ORD-00217,2026-05-29,CUST-0851,Customer 0868,North,Rajasthan,Chandigarh,Technology,Laptops,Business Laptop,2,220686.9,0.05,39849.72,Credit Card,Small Business
ORD-00218,2025-12-01,CUST-0801,Customer 0136,South,Gujarat,Hyderabad,Technology,Smartphones,Android Phone,1,39460.19,0.2,4137.81,Net Banking,Small Business
ORD-00219,2026-11-05,CUST-0360,Customer 0245,South,Karnataka,Bengaluru,Technology,Laptops,Gaming Laptop,3,161096.98,0.0,20859.87,UPI,Small Business
ORD-00220,2025-05-10,CUST-0551,Customer 0242,North,Karnataka,Jaipur,Furniture,Tables,Side Table,5,85170.21,0.05,12780.07,Debit Card,Corporate
ORD-00221,2026-05-27,CUST-1161,Customer 0342,East,Delhi,Kolkata,Furniture,Storage,Storage Box,3,26420.74,0.1,4883.14,UPI,Corporate
ORD-00222,2026-04-29,CUST-0746,Customer 0785,North,Telangana,Delhi,Technology,Accessories,USB Hub,5,2557.79,0.0,304.71,UPI,Consumer
ORD-00223,2026-01-17,CUST-0245,Customer 1029,West,Karnataka,Pune,Furniture,Chairs,Ergonomic Chair,2,26780.51,0.2,3589.12,UPI,Consumer
ORD-00224,2025-01-09,CUST-0756,Customer 0411,North,Gujarat,Lucknow,Technology,Smartphones,Premium Phone,2,136935.01,0.0,23072.81,Cash,Corporate
ORD-00225,2025-09-09,CUST-0309,Customer 0014,South,Rajasthan,Kochi,Furniture,Storage,Bookshelf,5,63618.33,0.15,17945.45,Credit Card,Consumer
ORD-00226,2026-06-27,CUST-0488,Customer 0860,East,West Bengal,Kolkata,Furniture,Chairs,Visitor Chair,4,32847.67,0.05,4556.33,Credit Card,Consumer
ORD-00227,2025-03-28,CUST-1190,Customer 0196,East,Uttar Pradesh,Kolkata,Technology,Laptops,Ultrabook,6,419405.52,0.08,98949.83,UPI,Small Business
ORD-00228,2025-11-19,CUST-0805,Customer 0669,West,Delhi,Mumbai,Office Supplies,Writing,Pen Set,8,2741.56,0.02,571.16,Net Banking,Corporate
ORD-00229,2026-02-21,CUST-0248,Customer 1098,South,Delhi,Bengaluru,Technology,Laptops,Ultrabook,1,48919.13,0.08,7561.37,UPI,Corporate
ORD-00230,2026-09-10,CUST-0083,Customer 0441,East,Delhi,Patna,Furniture,Chairs,Office Chair,4,17165.54,0.2,4237.26,UPI,Consumer
ORD-00231,2026-02-19,CUST-0927,Customer 1139,South,Uttar Pradesh,Hyderabad,Furniture,Storage,Filing Cabinet,2,20541.91,0.02,2579.96,UPI,Consumer
ORD-00232,2026-02-15,CUST-0763,Customer 0173,West,Kerala,Mumbai,Technology,Laptops,Business Laptop,5,243163.43,0.02,24538.7,Cash,Corporate
ORD-00233,2025-12-06,CUST-0251,Customer 0088,North,West Bengal,Delhi,Technology,Laptops,Ultrabook,1,62605.88,0.2,13316.08,Credit Card,Consumer
ORD-00234,2025-10-09,CUST-0574,Customer 0914,West,Telangana,Surat,Furniture,Chairs,Ergonomic Chair,1,12983.23,0.02,3680.68,Credit Card,Small Business
ORD-00235,2025-07-24,CUST-1077,Customer 0511,South,Uttar Pradesh,Hyderabad,Furniture,Tables,Side Table,1,15617.71,0.08,2259.92,Credit Card,Corporate
ORD-00236,2025-01-27,CUST-0654,Customer 0449,East,Karnataka,Patna,Office Supplies,Binders,Lever Arch Binder,3,2291.19,0.08,467.6,Debit Card,Consumer
ORD-00237,2025-02-27,CUST-0450,Customer 1180,West,Rajasthan,Ahmedabad,Office Supplies,Paper,A4 Paper,4,1311.48,0.05,336.71,Debit Card,Consumer
ORD-00238,2025-12-27,CUST-1163,Customer 1155,South,Telangana,Chennai,Office Supplies,Binders,Presentation Folder,6,3948.61,0.0,1147.82,Cash,Consumer
ORD-00239,2026-05-05,CUST-0002,Customer 0680,West,Kerala,Ahmedabad,Technology,Smartphones,Android Phone,2,36434.03,0.02,3030.89,UPI,Consumer
ORD-00240,2026-06-23,CUST-0748,Customer 0149,East,Delhi,Bhubaneswar,Furniture,Chairs,Office Chair,4,20445.47,0.02,5303.27,Net Banking,Small Business
ORD-00241,2026-05-14,CUST-0650,Customer 0357,North,Uttar Pradesh,Chandigarh,Furniture,Tables,Work Desk,4,108179.18,0.08,28400.46,Cash,Corporate
ORD-00242,2026-12-20,CUST-1174,Customer 0802,South,Kerala,Chennai,Furniture,Tables,Side Table,1,18880.59,0.15,2271.78,Credit Card,Consumer
ORD-00243,2025-12-22,CUST-0655,Customer 0344,East,Tamil Nadu,Bhubaneswar,Office Supplies,Writing,Pen Set,1,561.63,0.15,92.98,Debit Card,Corporate
ORD-00244,2025-02-19,CUST-0791,Customer 0898,North,Rajasthan,Chandigarh,Technology,Laptops,Ultrabook,2,100169.22,0.0,19559.66,UPI,Corporate
ORD-00245,2026-12-05,CUST-0462,Customer 0334,West,West Bengal,Surat,Furniture,Storage,Bookshelf,3,5808.0,0.2,1301.28,Credit Card,Consumer
ORD-00246,2025-03-18,CUST-1121,Customer 0191,East,Delhi,Kolkata,Furniture,Tables,Work Desk,1,6306.61,0.08,939.45,Cash,Small Business
ORD-00247,2025-07-30,CUST-0390,Customer 0839,West,Uttar Pradesh,Mumbai,Furniture,Storage,Filing Cabinet,2,19004.89,0.0,2626.98,Cash,Corporate
ORD-00248,2026-01-05,CUST-0008,Customer 0876,East,Tamil Nadu,Guwahati,Technology,Laptops,Business Laptop,3,205530.76,0.08,21493.25,Debit Card,Small Business
ORD-00249,2025-04-29,CUST-0632,Customer 0815,West,West Bengal,Pune,Technology,Laptops,Business Laptop,2,115624.83,0.0,18011.03,Net Banking,Small Business
ORD-00250,2025-02-15,CUST-0540,Customer 0901,East,West Bengal,Kolkata,Office Supplies,Writing,Markers,6,1109.37,0.05,207.8,Debit Card,Consumer
ORD-00251,2026-08-27,CUST-0466,Customer 1134,East,Karnataka,Kolkata,Technology,Accessories,USB Hub,4,2992.52,0.2,498.65,Net Banking,Small Business
ORD-00252,2026-05-30,CUST-1170,Customer 1059,West,Kerala,Surat,Office Supplies,Paper,Premium Paper,2,854.26,0.2,250.18,Cash,Consumer
ORD-00253,2026-12-01,CUST-0892,Customer 0414,North,Telangana,Lucknow,Technology,Laptops,Business Laptop,1,97183.79,0.08,8993.29,Cash,Corporate
ORD-00254,2025-01-13,CUST-1071,Customer 0860,East,Tamil Nadu,Kolkata,Technology,Smartphones,Budget Phone,2,77913.14,0.05,12711.54,Net Banking,Consumer
ORD-00255,2025-09-28,CUST-0785,Customer 0995,South,Kerala,Bengaluru,Technology,Accessories,Wireless Mouse,5,19170.31,0.05,4226.34,Cash,Corporate
ORD-00256,2025-12-06,CUST-0487,Customer 0101,North,West Bengal,Jaipur,Furniture,Tables,Work Desk,4,75278.49,0.08,9558.93,Debit Card,Corporate
ORD-00257,2025-08-22,CUST-0276,Customer 0616,North,West Bengal,Chandigarh,Furniture,Tables,Conference Table,5,110802.45,0.15,15255.18,Debit Card,Corporate
ORD-00258,2026-01-18,CUST-0116,Customer 1056,West,Telangana,Mumbai,Technology,Smartphones,Android Phone,2,144772.29,0.08,29174.36,Credit Card,Corporate
ORD-00259,2025-09-13,CUST-0068,Customer 0935,West,Karnataka,Pune,Office Supplies,Writing,Pen Set,5,919.81,0.02,291.94,Debit Card,Small Business
ORD-00260,2026-01-17,CUST-1002,Customer 0914,South,Telangana,Hyderabad,Furniture,Tables,Side Table,6,76110.14,0.15,9551.93,Net Banking,Small Business
ORD-00261,2025-06-16,CUST-1172,Customer 0439,East,Maharashtra,Guwahati,Technology,Smartphones,Budget Phone,1,72653.52,0.0,10305.94,UPI,Small Business
ORD-00262,2026-05-01,CUST-0271,Customer 0355,South,Kerala,Hyderabad,Office Supplies,Binders,Presentation Folder,5,464.17,0.2,132.96,Credit Card,Consumer
ORD-00263,2025-09-16,CUST-0447,Customer 0956,East,Gujarat,Guwahati,Office Supplies,Writing,Notebook,6,1203.53,0.2,264.47,Cash,Small Business
ORD-00264,2026-09-16,CUST-0579,Customer 0612,West,Tamil Nadu,Mumbai,Technology,Accessories,USB Hub,5,21821.33,0.1,4005.84,Net Banking,Consumer
ORD-00265,2025-06-03,CUST-1060,Customer 0493,East,Karnataka,Guwahati,Office Supplies,Binders,Lever Arch Binder,4,1050.32,0.15,220.31,Cash,Corporate
ORD-00266,2025-02-06,CUST-1195,Customer 1172,East,Maharashtra,Bhubaneswar,Office Supplies,Paper,Recycled Paper,2,1329.41,0.08,306.99,Debit Card,Small Business
ORD-00267,2025-07-05,CUST-0602,Customer 0200,South,West Bengal,Kochi,Office Supplies,Binders,Presentation Folder,1,289.13,0.15,94.05,UPI,Small Business
ORD-00268,2026-03-07,CUST-0679,Customer 0762,East,Gujarat,Bhubaneswar,Office Supplies,Binders,Presentation Folder,2,291.45,0.15,94.51,Cash,Corporate
ORD-00269,2025-07-19,CUST-1025,Customer 0246,West,Rajasthan,Mumbai,Furniture,Chairs,Visitor Chair,8,94028.95,0.0,19275.89,Cash,Corporate
ORD-00270,2025-07-04,CUST-0166,Customer 0999,West,Delhi,Mumbai,Technology,Laptops,Business Laptop,10,650442.22,0.08,66940.82,UPI,Corporate
ORD-00271,2025-04-01,CUST-0266,Customer 0889,North,Rajasthan,Delhi,Furniture,Tables,Work Desk,1,19223.87,0.2,2855.1,Net Banking,Corporate
ORD-00272,2026-06-28,CUST-0391,Customer 0037,West,Karnataka,Surat,Technology,Laptops,Ultrabook,2,119912.14,0.0,26706.95,UPI,Consumer
ORD-00273,2025-11-02,CUST-0596,Customer 0934,East,Uttar Pradesh,Guwahati,Technology,Laptops,Gaming Laptop,2,165500.47,0.0,35055.48,Cash,Small Business
ORD-00274,2026-02-18,CUST-0040,Customer 0468,East,Maharashtra,Patna,Office Supplies,Paper,Premium Paper,3,2871.2,0.2,538.88,UPI,Consumer
ORD-00275,2026-07-02,CUST-0100,Customer 0099,North,Tamil Nadu,Jaipur,Technology,Smartphones,Budget Phone,1,50566.03,0.15,6114.76,Credit Card,Consumer
ORD-00276,2026-12-04,CUST-0020,Customer 0617,North,Rajasthan,Lucknow,Furniture,Tables,Work Desk,3,54925.26,0.02,8622.67,Credit Card,Small Business
ORD-00277,2026-05-25,CUST-0407,Customer 0410,East,Gujarat,Bhubaneswar,Furniture,Chairs,Visitor Chair,1,13781.49,0.0,3600.51,Cash,Consumer
ORD-00278,2025-12-05,CUST-0481,Customer 0006,East,Karnataka,Patna,Furniture,Chairs,Office Chair,6,57232.62,0.15,16480.84,Credit Card,Consumer
ORD-00279,2026-04-13,CUST-0607,Customer 0541,West,West Bengal,Pune,Technology,Accessories,Wireless Mouse,1,3568.23,0.05,653.32,Credit Card,Consumer
ORD-00280,2025-02-16,CUST-0020,Customer 0284,South,Telangana,Bengaluru,Furniture,Tables,Side Table,4,51270.71,0.0,14008.4,Debit Card,Corporate
ORD-00281,2026-04-13,CUST-0557,Customer 0790,West,West Bengal,Ahmedabad,Office Supplies,Paper,Premium Paper,1,942.28,0.08,216.77,Net Banking,Small Business
ORD-00282,2026-08-28,CUST-0989,Customer 1166,South,West Bengal,Bengaluru,Technology,Accessories,USB Hub,8,5989.04,0.02,578.51,UPI,Small Business
ORD-00283,2026-05-15,CUST-0232,Customer 0843,West,West Bengal,Ahmedabad,Office Supplies,Paper,Recycled Paper,4,4256.93,0.02,1049.83,Credit Card,Consumer
ORD-00284,2026-11-17,CUST-0693,Customer 1064,East,Uttar Pradesh,Guwahati,Technology,Accessories,USB Hub,4,9729.71,0.15,1657.96,Cash,Consumer
ORD-00285,2026-09-20,CUST-0112,Customer 0024,West,Telangana,Pune,Furniture,Tables,Side Table,2,35051.82,0.2,9420.49,Cash,Corporate
ORD-00286,2026-07-18,CUST-0776,Customer 0826,West,Maharashtra,Pune,Technology,Smartphones,Premium Phone,8,236680.82,0.0,38131.34,Credit Card,Corporate
ORD-00287,2025-04-16,CUST-0827,Customer 0845,West,Karnataka,Surat,Technology,Smartphones,Premium Phone,10,298116.18,0.15,55014.26,Cash,Small Business
ORD-00288,2026-04-13,CUST-0699,Customer 0745,North,Karnataka,Delhi,Office Supplies,Writing,Notebook,3,790.42,0.02,222.04,UPI,Corporate
ORD-00289,2025-01-03,CUST-0700,Customer 0728,East,Gujarat,Patna,Office Supplies,Writing,Markers,1,419.09,0.2,118.09,Cash,Small Business
ORD-00290,2025-09-18,CUST-0402,Customer 0385,East,Tamil Nadu,Kolkata,Technology,Laptops,Gaming Laptop,4,188814.54,0.15,27467.55,Net Banking,Consumer
ORD-00291,2026-08-26,CUST-0253,Customer 0923,West,West Bengal,Pune,Office Supplies,Binders,Ring Binder,1,599.86,0.15,190.45,Cash,Small Business
ORD-00292,2026-06-05,CUST-0363,Customer 1185,South,Telangana,Kochi,Technology,Accessories,USB Hub,6,3449.15,0.2,598.84,UPI,Consumer
ORD-00293,2026-02-12,CUST-0703,Customer 0603,West,West Bengal,Ahmedabad,Office Supplies,Binders,Lever Arch Binder,6,4241.28,0.2,846.76,UPI,Consumer
ORD-00294,2025-08-03,CUST-0596,Customer 0708,West,Telangana,Ahmedabad,Office Supplies,Writing,Markers,6,2658.95,0.15,514.42,UPI,Small Business
ORD-00295,2026-07-01,CUST-0586,Customer 0866,East,Karnataka,Kolkata,Furniture,Storage,Bookshelf,8,62283.16,0.15,12154.31,Cash,Consumer
ORD-00296,2025-10-21,CUST-0514,Customer 0300,North,Karnataka,Lucknow,Technology,Laptops,Ultrabook,2,78792.57,0.2,8332.29,Debit Card,Consumer
ORD-00297,2026-10-25,CUST-1150,Customer 0797,North,Maharashtra,Chandigarh,Furniture,Chairs,Visitor Chair,4,51265.7,0.2,8221.75,Cash,Small Business
ORD-00298,2025-02-25,CUST-0027,Customer 0515,East,Maharashtra,Kolkata,Furniture,Tables,Conference Table,8,219773.37,0.05,64580.4,Cash,Corporate
ORD-00299,2025-07-01,CUST-0153,Customer 0383,South,Telangana,Hyderabad,Office Supplies,Writing,Notebook,5,2225.09,0.02,464.68,Cash,Consumer
ORD-00300,2025-12-05,CUST-0956,Customer 0318,West,Karnataka,Mumbai,Furniture,Tables,Side Table,1,9284.79,0.2,1540.37,UPI,Corporate
ORD-00301,2025-07-08,CUST-1067,Customer 0140,North,Uttar Pradesh,Chandigarh,Furniture,Storage,Storage Box,5,28562.69,0.05,6128.73,UPI,Corporate
ORD-00302,2026-09-26,CUST-1087,Customer 0973,West,Uttar Pradesh,Mumbai,Furniture,Chairs,Office Chair,2,24605.03,0.05,3920.08,Credit Card,Consumer
ORD-00303,2025-11-25,CUST-0782,Customer 0233,East,Rajasthan,Patna,Technology,Accessories,USB Hub,2,9267.47,0.0,1753.48,Debit Card,Small Business
ORD-00304,2026-10-30,CUST-0395,Customer 0657,East,Uttar Pradesh,Kolkata,Office Supplies,Binders,Presentation Folder,2,1484.51,0.0,310.69,Credit Card,Consumer
ORD-00305,2025-04-17,CUST-0422,Customer 1102,South,Rajasthan,Bengaluru,Office Supplies,Paper,A4 Paper,4,2837.82,0.2,814.68,Credit Card,Small Business
ORD-00306,2026-07-26,CUST-0145,Customer 1178,South,Maharashtra,Bengaluru,Furniture,Storage,Bookshelf,1,1499.8,0.02,394.39,Debit Card,Corporate
ORD-00307,2026-10-19,CUST-0130,Customer 1200,West,Karnataka,Surat,Office Supplies,Binders,Lever Arch Binder,2,706.25,0.0,181.48,Credit Card,Corporate
ORD-00308,2026-11-08,CUST-0064,Customer 0971,North,Telangana,Chandigarh,Office Supplies,Binders,Presentation Folder,4,622.67,0.08,140.9,Cash,Consumer
ORD-00309,2026-10-26,CUST-0765,Customer 0023,South,Uttar Pradesh,Kochi,Office Supplies,Binders,Presentation Folder,4,688.83,0.2,222.79,Cash,Consumer
ORD-00310,2025-12-19,CUST-0434,Customer 0846,North,Uttar Pradesh,Delhi,Technology,Accessories,USB Hub,3,6820.1,0.0,878.09,UPI,Consumer
ORD-00311,2026-07-17,CUST-0945,Customer 1126,South,Tamil Nadu,Chennai,Office Supplies,Binders,Ring Binder,4,690.11,0.1,221.15,Debit Card,Small Business
ORD-00312,2026-11-03,CUST-0481,Customer 0205,North,Gujarat,Chandigarh,Technology,Laptops,Ultrabook,8,672939.52,0.05,67640.13,Cash,Consumer
ORD-00313,2026-08-04,CUST-0747,Customer 0648,South,Rajasthan,Hyderabad,Furniture,Tables,Conference Table,2,36735.41,0.1,5415.94,UPI,Consumer
ORD-00314,2025-12-06,CUST-0983,Customer 0948,East,West Bengal,Bhubaneswar,Technology,Accessories,USB Hub,2,6429.17,0.05,652.49,Debit Card,Corporate
ORD-00315,2026-07-06,CUST-0403,Customer 0540,West,Tamil Nadu,Mumbai,Technology,Accessories,USB Hub,2,1390.21,0.2,142.36,Credit Card,Consumer
ORD-00316,2025-06-02,CUST-0750,Customer 0804,North,Maharashtra,Lucknow,Office Supplies,Paper,A4 Paper,3,2089.84,0.1,510.8,Cash,Small Business
ORD-00317,2026-09-21,CUST-0340,Customer 1053,East,Telangana,Bhubaneswar,Furniture,Storage,Storage Box,2,4535.51,0.0,1085.27,Net Banking,Consumer
ORD-00318,2025-03-06,CUST-0542,Customer 0757,South,Maharashtra,Chennai,Office Supplies,Writing,Markers,1,529.83,0.2,131.15,Credit Card,Small Business
ORD-00319,2026-12-22,CUST-1068,Customer 0561,South,Gujarat,Hyderabad,Furniture,Tables,Conference Table,1,22982.98,0.15,4098.62,Cash,Small Business
ORD-00320,2026-01-21,CUST-0457,Customer 1058,South,Rajasthan,Kochi,Office Supplies,Binders,Lever Arch Binder,6,3420.86,0.0,866.62,Debit Card,Corporate
ORD-00321,2026-10-21,CUST-0576,Customer 0434,West,Telangana,Surat,Office Supplies,Paper,Recycled Paper,2,2132.35,0.02,352.73,UPI,Consumer
ORD-00322,2026-05-06,CUST-0432,Customer 0331,East,Rajasthan,Kolkata,Office Supplies,Paper,Premium Paper,4,3755.86,0.08,1070.59,Credit Card,Consumer
ORD-00323,2025-06-20,CUST-0529,Customer 0369,North,Uttar Pradesh,Jaipur,Office Supplies,Writing,Pen Set,3,441.53,0.1,79.2,Net Banking,Small Business
ORD-00324,2026-02-25,CUST-0293,Customer 1194,North,Telangana,Chandigarh,Technology,Laptops,Gaming Laptop,3,249750.86,0.08,26795.94,Cash,Small Business
ORD-00325,2026-01-30,CUST-0271,Customer 0223,East,Karnataka,Bhubaneswar,Office Supplies,Writing,Markers,3,1955.57,0.0,383.22,UPI,Small Business
ORD-00326,2026-06-29,CUST-1031,Customer 0241,West,Tamil Nadu,Pune,Office Supplies,Paper,A4 Paper,3,2106.23,0.0,685.68,Net Banking,Small Business
ORD-00327,2026-03-16,CUST-0470,Customer 0988,South,Rajasthan,Bengaluru,Office Supplies,Writing,Markers,2,807.33,0.0,233.75,Debit Card,Small Business
ORD-00328,2026-07-11,CUST-0837,Customer 0528,North,Maharashtra,Lucknow,Technology,Smartphones,Premium Phone,6,407446.19,0.0,51062.24,Credit Card,Small Business
ORD-00329,2025-04-20,CUST-0317,Customer 0873,North,Kerala,Delhi,Office Supplies,Paper,Premium Paper,4,3312.91,0.05,767.83,Debit Card,Corporate
ORD-00330,2026-05-10,CUST-0367,Customer 0759,West,Uttar Pradesh,Ahmedabad,Office Supplies,Binders,Presentation Folder,1,376.17,0.1,115.39,Cash,Corporate
ORD-00331,2025-08-24,CUST-0915,Customer 0332,East,Tamil Nadu,Guwahati,Office Supplies,Binders,Presentation Folder,1,334.8,0.2,94.37,UPI,Small Business
ORD-00332,2025-01-06,CUST-0187,Customer 0298,West,West Bengal,Ahmedabad,Office Supplies,Writing,Notebook,1,464.08,0.08,159.14,Cash,Corporate
ORD-00333,2026-02-15,CUST-1068,Customer 0587,North,Kerala,Delhi,Furniture,Chairs,Ergonomic Chair,1,3864.55,0.08,1111.15,Credit Card,Consumer
ORD-00334,2026-09-06,CUST-1046,Customer 1057,West,Maharashtra,Surat,Technology,Laptops,Ultrabook,3,337532.24,0.02,28817.66,Cash,Consumer
ORD-00335,2025-12-28,CUST-0810,Customer 0831,North,Kerala,Chandigarh,Technology,Accessories,Wireless Mouse,1,4645.89,0.05,951.24,UPI,Small Business
ORD-00336,2025-10-11,CUST-0464,Customer 0399,North,West Bengal,Delhi,Technology,Accessories,Keyboard,3,10172.59,0.1,1380.37,Net Banking,Small Business
ORD-00337,2025-04-30,CUST-1052,Customer 0528,North,Uttar Pradesh,Chandigarh,Technology,Smartphones,Budget Phone,1,18783.34,0.05,2524.38,Cash,Corporate
ORD-00338,2026-08-24,CUST-0057,Customer 0988,West,Tamil Nadu,Surat,Office Supplies,Binders,Ring Binder,8,5196.0,0.08,1487.71,Debit Card,Consumer
ORD-00339,2025-01-10,CUST-0540,Customer 0509,West,Gujarat,Pune,Office Supplies,Writing,Pen Set,2,1094.59,0.05,277.26,Credit Card,Corporate
ORD-00340,2026-12-01,CUST-0390,Customer 1022,East,Maharashtra,Kolkata,Office Supplies,Paper,Premium Paper,1,493.36,0.1,100.55,UPI,Small Business
ORD-00341,2025-04-20,CUST-0246,Customer 0161,South,West Bengal,Hyderabad,Technology,Laptops,Business Laptop,5,511197.55,0.05,53654.93,Cash,Consumer
ORD-00342,2026-05-18,CUST-0375,Customer 1047,North,Gujarat,Lucknow,Furniture,Storage,Bookshelf,10,71034.89,0.1,19632.51,Net Banking,Consumer
ORD-00343,2026-12-04,CUST-0358,Customer 0937,South,Tamil Nadu,Bengaluru,Office Supplies,Binders,Lever Arch Binder,1,809.14,0.05,185.09,Cash,Corporate
ORD-00344,2025-09-23,CUST-0384,Customer 1124,East,Gujarat,Kolkata,Technology,Accessories,Wireless Mouse,1,2097.05,0.05,373.37,UPI,Corporate
ORD-00345,2026-02-15,CUST-0573,Customer 0924,West,Telangana,Ahmedabad,Furniture,Chairs,Ergonomic Chair,2,14974.63,0.2,2800.49,Cash,Consumer
ORD-00346,2025-06-03,CUST-0969,Customer 0020,South,Telangana,Bengaluru,Office Supplies,Binders,Ring Binder,5,2666.93,0.02,477.83,Net Banking,Corporate
ORD-00347,2025-06-17,CUST-0123,Customer 0442,South,Gujarat,Hyderabad,Furniture,Tables,Conference Table,3,52587.55,0.08,7247.38,Net Banking,Small Business
ORD-00348,2025-01-21,CUST-0844,Customer 0249,North,Delhi,Lucknow,Office Supplies,Binders,Lever Arch Binder,3,933.05,0.2,188.05,Cash,Consumer
ORD-00349,2026-01-26,CUST-0587,Customer 0950,South,Telangana,Hyderabad,Furniture,Tables,Side Table,4,65360.9,0.08,18309.8,UPI,Small Business
ORD-00350,2025-08-22,CUST-0643,Customer 0649,East,Gujarat,Patna,Office Supplies,Writing,Notebook,6,1985.75,0.0,362.2,Debit Card,Small Business
ORD-00351,2025-01-24,CUST-0257,Customer 0481,West,Gujarat,Ahmedabad,Furniture,Tables,Side Table,8,144793.24,0.08,21735.96,Credit Card,Consumer
ORD-00352,2026-02-11,CUST-1074,Customer 0171,South,Tamil Nadu,Kochi,Technology,Laptops,Business Laptop,3,345778.57,0.0,29120.91,Debit Card,Small Business
ORD-00353,2025-05-15,CUST-1079,Customer 0350,South,Karnataka,Bengaluru,Office Supplies,Binders,Lever Arch Binder,4,1043.22,0.08,287.19,Credit Card,Small Business
ORD-00354,2026-12-16,CUST-1105,Customer 0363,East,Kerala,Guwahati,Furniture,Tables,Side Table,3,83412.03,0.02,24566.31,Cash,Corporate
ORD-00355,2025-09-24,CUST-0319,Customer 0622,West,Karnataka,Ahmedabad,Furniture,Tables,Side Table,1,10144.3,0.05,1885.23,Credit Card,Small Business
ORD-00356,2025-01-10,CUST-0882,Customer 0600,South,Kerala,Hyderabad,Furniture,Tables,Side Table,6,24998.05,0.2,5146.4,UPI,Consumer
ORD-00357,2026-01-23,CUST-0452,Customer 0539,East,Tamil Nadu,Bhubaneswar,Furniture,Storage,Bookshelf,1,5547.55,0.15,1310.77,Net Banking,Small Business
ORD-00358,2025-07-06,CUST-0280,Customer 0594,South,Tamil Nadu,Hyderabad,Furniture,Storage,Storage Box,2,16556.55,0.02,4530.32,Net Banking,Small Business
ORD-00359,2025-01-23,CUST-0381,Customer 0210,West,Gujarat,Ahmedabad,Office Supplies,Writing,Markers,1,196.43,0.0,67.56,Debit Card,Consumer
ORD-00360,2026-05-26,CUST-0761,Customer 0950,West,Karnataka,Mumbai,Technology,Laptops,Business Laptop,1,42416.01,0.08,5507.82,Debit Card,Consumer
ORD-00361,2026-01-26,CUST-0026,Customer 0250,South,Maharashtra,Bengaluru,Furniture,Tables,Work Desk,1,14863.84,0.2,2452.75,Net Banking,Corporate
ORD-00362,2026-11-29,CUST-0640,Customer 0662,South,Telangana,Bengaluru,Technology,Smartphones,Budget Phone,3,200751.15,0.02,31247.34,Credit Card,Small Business
ORD-00363,2025-04-26,CUST-0484,Customer 0890,North,Delhi,Chandigarh,Furniture,Storage,Bookshelf,6,18154.23,0.2,4357.11,Credit Card,Consumer
ORD-00364,2026-09-03,CUST-0318,Customer 0761,East,Tamil Nadu,Kolkata,Furniture,Chairs,Office Chair,3,44707.94,0.15,9189.66,UPI,Consumer
ORD-00365,2025-12-31,CUST-0316,Customer 1099,West,Tamil Nadu,Mumbai,Office Supplies,Writing,Markers,10,5585.57,0.15,904.92,UPI,Corporate
ORD-00366,2026-01-22,CUST-0734,Customer 0276,South,Gujarat,Hyderabad,Office Supplies,Writing,Markers,2,1135.67,0.02,175.2,Credit Card,Corporate
ORD-00367,2026-04-25,CUST-0564,Customer 1136,West,Telangana,Ahmedabad,Office Supplies,Writing,Markers,1,187.78,0.05,40.32,Credit Card,Small Business
ORD-00368,2025-07-09,CUST-0039,Customer 0746,South,Kerala,Kochi,Furniture,Tables,Side Table,1,12051.15,0.15,2543.67,UPI,Corporate
ORD-00369,2026-02-24,CUST-0660,Customer 0227,North,Tamil Nadu,Lucknow,Technology,Accessories,USB Hub,3,7395.22,0.1,926.63,Cash,Small Business
ORD-00370,2026-10-20,CUST-0796,Customer 1004,North,Uttar Pradesh,Delhi,Technology,Laptops,Business Laptop,3,180467.78,0.0,15356.14,Cash,Small Business
ORD-00371,2025-03-23,CUST-0959,Customer 0125,East,Delhi,Kolkata,Furniture,Chairs,Visitor Chair,1,13492.32,0.02,3211.64,Cash,Small Business
ORD-00372,2025-03-21,CUST-0443,Customer 1064,West,Tamil Nadu,Ahmedabad,Office Supplies,Paper,Recycled Paper,1,502.52,0.0,159.24,Credit Card,Small Business
ORD-00373,2026-07-26,CUST-0851,Customer 0217,South,Kerala,Kochi,Technology,Laptops,Ultrabook,3,277141.27,0.02,46933.25,Debit Card,Small Business
ORD-00374,2026-09-07,CUST-0908,Customer 0722,West,Delhi,Surat,Technology,Laptops,Business Laptop,3,219930.9,0.15,23160.53,Cash,Corporate
ORD-00375,2026-07-18,CUST-0521,Customer 0738,East,West Bengal,Patna,Office Supplies,Binders,Presentation Folder,2,645.77,0.1,124.5,Net Banking,Corporate
ORD-00376,2025-08-16,CUST-0440,Customer 0645,North,Karnataka,Delhi,Furniture,Storage,Filing Cabinet,10,78342.04,0.05,9493.68,Debit Card,Small Business
ORD-00377,2025-09-20,CUST-0616,Customer 0189,South,Kerala,Bengaluru,Technology,Smartphones,Premium Phone,2,42112.47,0.1,5052.53,Net Banking,Small Business
ORD-00378,2025-04-08,CUST-0616,Customer 0077,South,Kerala,Bengaluru,Office Supplies,Binders,Lever Arch Binder,5,1012.87,0.15,294.31,Net Banking,Consumer
ORD-00379,2026-10-31,CUST-0024,Customer 0784,North,Karnataka,Chandigarh,Furniture,Tables,Conference Table,1,22604.92,0.2,3635.08,Debit Card,Small Business
ORD-00380,2026-02-07,CUST-0913,Customer 1179,North,Uttar Pradesh,Chandigarh,Office Supplies,Writing,Pen Set,4,1107.93,0.02,177.38,Credit Card,Consumer
ORD-00381,2026-02-13,CUST-0538,Customer 0175,West,Rajasthan,Ahmedabad,Furniture,Chairs,Office Chair,3,20508.43,0.15,2643.04,Cash,Corporate
ORD-00382,2026-06-21,CUST-0505,Customer 0497,South,Tamil Nadu,Chennai,Furniture,Storage,Filing Cabinet,4,30693.82,0.02,6783.65,Debit Card,Corporate
ORD-00383,2026-11-03,CUST-0050,Customer 0625,East,Telangana,Kolkata,Technology,Accessories,Keyboard,2,4571.27,0.05,617.69,Debit Card,Small Business
ORD-00384,2025-03-29,CUST-0231,Customer 0112,West,Maharashtra,Pune,Furniture,Chairs,Office Chair,2,9592.45,0.2,2408.93,Cash,Consumer
ORD-00385,2026-07-05,CUST-0434,Customer 0418,East,Uttar Pradesh,Kolkata,Furniture,Storage,Filing Cabinet,3,15024.21,0.05,2368.14,Cash,Corporate
ORD-00386,2025-09-19,CUST-0349,Customer 0124,West,Gujarat,Pune,Office Supplies,Writing,Notebook,3,233.07,0.15,59.52,UPI,Small Business
ORD-00387,2026-11-07,CUST-0738,Customer 0221,East,Karnataka,Kolkata,Furniture,Storage,Filing Cabinet,4,6570.05,0.15,1796.09,Debit Card,Small Business
ORD-00388,2025-04-01,CUST-0382,Customer 0408,West,Uttar Pradesh,Pune,Furniture,Storage,Storage Box,2,3831.12,0.2,871.5,Net Banking,Small Business
ORD-00389,2026-12-02,CUST-0721,Customer 0728,North,Gujarat,Delhi,Technology,Accessories,Keyboard,2,3922.08,0.02,325.3,UPI,Small Business
ORD-00390,2025-10-14,CUST-0462,Customer 0311,East,Delhi,Kolkata,Office Supplies,Binders,Lever Arch Binder,5,4061.61,0.0,1376.18,Net Banking,Small Business
ORD-00391,2026-03-04,CUST-0493,Customer 1174,South,Telangana,Bengaluru,Office Supplies,Binders,Presentation Folder,3,2214.64,0.15,636.28,Net Banking,Corporate
ORD-00392,2025-05-22,CUST-0633,Customer 1073,East,Telangana,Patna,Office Supplies,Paper,A4 Paper,3,2218.11,0.15,687.66,Net Banking,Consumer
ORD-00393,2025-05-30,CUST-0061,Customer 0653,South,Rajasthan,Hyderabad,Technology,Accessories,USB Hub,1,4530.27,0.05,970.94,Net Banking,Corporate
ORD-00394,2026-09-13,CUST-1162,Customer 0473,West,Kerala,Ahmedabad,Technology,Laptops,Business Laptop,1,49379.35,0.1,8824.65,UPI,Consumer
ORD-00395,2026-01-18,CUST-0377,Customer 0794,North,West Bengal,Chandigarh,Technology,Accessories,Keyboard,5,5075.59,0.08,984.27,Net Banking,Consumer
ORD-00396,2025-08-16,CUST-0416,Customer 0419,South,Tamil Nadu,Chennai,Technology,Laptops,Gaming Laptop,1,97223.39,0.05,22558.91,UPI,Corporate
ORD-00397,2025-11-17,CUST-0808,Customer 1172,West,Kerala,Ahmedabad,Furniture,Chairs,Ergonomic Chair,1,7712.05,0.15,2069.75,Cash,Small Business
ORD-00398,2025-02-10,CUST-1143,Customer 0794,North,Uttar Pradesh,Delhi,Furniture,Tables,Work Desk,2,48500.1,0.1,9273.7,Credit Card,Consumer
ORD-00399,2026-12-08,CUST-1059,Customer 0292,East,West Bengal,Patna,Furniture,Tables,Conference Table,2,29760.62,0.1,8494.45,Net Banking,Consumer
ORD-00400,2026-04-10,CUST-0414,Customer 0932,North,Tamil Nadu,Jaipur,Office Supplies,Writing,Notebook,2,301.56,0.08,46.74,Debit Card,Corporate
ORD-00401,2026-06-08,CUST-0328,Customer 0776,South,Uttar Pradesh,Bengaluru,Technology,Laptops,Ultrabook,2,141668.79,0.1,27365.4,Net Banking,Consumer
ORD-00402,2026-03-06,CUST-0631,Customer 0634,South,West Bengal,Hyderabad,Office Supplies,Writing,Pen Set,1,144.41,0.2,42.23,Debit Card,Small Business
ORD-00403,2026-05-26,CUST-1114,Customer 0012,South,Kerala,Bengaluru,Technology,Laptops,Business Laptop,2,168713.33,0.08,26930.09,Net Banking,Consumer
ORD-00404,2025-10-12,CUST-1142,Customer 0426,South,Karnataka,Kochi,Furniture,Tables,Conference Table,3,20536.26,0.02,5725.31,UPI,Consumer
ORD-00405,2025-03-31,CUST-0101,Customer 0224,North,Rajasthan,Chandigarh,Technology,Laptops,Business Laptop,5,451367.52,0.05,60021.85,UPI,Consumer
ORD-00406,2026-01-13,CUST-0777,Customer 0139,East,Rajasthan,Bhubaneswar,Furniture,Storage,Storage Box,1,4834.11,0.2,840.52,Cash,Consumer
ORD-00407,2026-12-14,CUST-0429,Customer 0120,East,Tamil Nadu,Patna,Technology,Laptops,Ultrabook,2,201398.3,0.08,33017.92,Cash,Small Business
ORD-00408,2025-11-21,CUST-0532,Customer 1077,North,Kerala,Lucknow,Office Supplies,Writing,Notebook,10,6260.62,0.05,1473.82,Cash,Corporate
ORD-00409,2025-10-25,CUST-0397,Customer 0004,South,Tamil Nadu,Kochi,Office Supplies,Writing,Notebook,5,1748.7,0.1,343.7,Credit Card,Corporate
ORD-00410,2025-01-12,CUST-0413,Customer 0577,North,Gujarat,Jaipur,Office Supplies,Binders,Lever Arch Binder,2,218.23,0.2,60.56,Credit Card,Corporate
ORD-00411,2025-01-30,CUST-0360,Customer 0398,East,Delhi,Guwahati,Technology,Laptops,Ultrabook,2,125993.19,0.1,22497.21,Debit Card,Small Business
ORD-00412,2025-12-10,CUST-0948,Customer 0848,West,Karnataka,Surat,Technology,Accessories,Wireless Mouse,3,6400.15,0.2,1061.88,Cash,Corporate
ORD-00413,2025-06-02,CUST-0575,Customer 0064,East,Delhi,Kolkata,Technology,Accessories,USB Hub,6,9565.14,0.2,1306.36,Net Banking,Small Business
ORD-00414,2026-12-28,CUST-0065,Customer 0557,South,Rajasthan,Kochi,Technology,Accessories,Wireless Mouse,4,14928.28,0.15,3243.19,Credit Card,Corporate
ORD-00415,2025-07-26,CUST-0190,Customer 0909,South,Uttar Pradesh,Hyderabad,Furniture,Tables,Work Desk,1,17221.13,0.05,4499.71,Credit Card,Corporate
ORD-00416,2025-04-11,CUST-1058,Customer 0272,South,Maharashtra,Chennai,Furniture,Tables,Side Table,2,51009.26,0.05,7436.8,Credit Card,Corporate
ORD-00417,2025-02-17,CUST-0212,Customer 1067,West,Gujarat,Mumbai,Technology,Smartphones,Android Phone,3,186464.46,0.0,24860.63,Credit Card,Small Business
ORD-00418,2025-05-01,CUST-0559,Customer 0306,East,Telangana,Bhubaneswar,Furniture,Chairs,Office Chair,3,17516.43,0.2,3492.79,Debit Card,Consumer
ORD-00419,2026-08-11,CUST-0502,Customer 0351,North,Tamil Nadu,Delhi,Technology,Accessories,Keyboard,2,5052.65,0.15,1054.19,Debit Card,Small Business
ORD-00420,2025-03-30,CUST-0874,Customer 0803,East,Telangana,Patna,Technology,Laptops,Business Laptop,4,321220.67,0.0,45412.87,Cash,Small Business
ORD-00421,2026-04-22,CUST-1163,Customer 0270,West,Tamil Nadu,Ahmedabad,Furniture,Tables,Work Desk,4,82160.88,0.1,11020.91,Net Banking,Consumer
ORD-00422,2026-09-24,CUST-0529,Customer 0745,West,Rajasthan,Ahmedabad,Office Supplies,Writing,Notebook,3,1632.36,0.02,291.78,UPI,Small Business
ORD-00423,2025-06-24,CUST-0579,Customer 0714,East,Kerala,Guwahati,Furniture,Tables,Work Desk,1,6103.4,0.08,1239.13,Cash,Consumer
ORD-00424,2026-02-15,CUST-0847,Customer 0489,North,Kerala,Lucknow,Office Supplies,Paper,Premium Paper,1,739.43,0.05,189.7,UPI,Small Business
ORD-00425,2026-03-22,CUST-1162,Customer 0701,South,Uttar Pradesh,Kochi,Furniture,Chairs,Ergonomic Chair,4,22534.75,0.08,5885.55,UPI,Consumer
ORD-00426,2025-11-12,CUST-0832,Customer 0143,North,Kerala,Lucknow,Technology,Accessories,USB Hub,3,6199.41,0.2,937.57,Credit Card,Small Business
ORD-00427,2026-10-14,CUST-0001,Customer 0301,West,Telangana,Ahmedabad,Furniture,Storage,Storage Box,1,1823.54,0.02,510.06,Net Banking,Small Business
ORD-00428,2026-11-27,CUST-0624,Customer 0891,East,Delhi,Patna,Office Supplies,Writing,Markers,4,764.99,0.05,160.61,Credit Card,Small Business
ORD-00429,2026-07-28,CUST-0736,Customer 0225,North,Gujarat,Lucknow,Technology,Smartphones,Android Phone,3,116859.81,0.0,9364.55,Credit Card,Consumer
ORD-00430,2025-06-27,CUST-0973,Customer 0285,West,Maharashtra,Surat,Office Supplies,Binders,Presentation Folder,2,731.22,0.1,140.57,Cash,Corporate
ORD-00431,2026-05-14,CUST-0895,Customer 0279,East,Tamil Nadu,Patna,Technology,Smartphones,Budget Phone,1,17990.32,0.15,1484.44,UPI,Small Business
ORD-00432,2026-04-06,CUST-0788,Customer 0728,West,Maharashtra,Surat,Office Supplies,Writing,Markers,3,1287.3,0.08,335.23,UPI,Corporate
ORD-00433,2025-02-04,CUST-0078,Customer 1164,North,West Bengal,Lucknow,Office Supplies,Paper,Recycled Paper,2,1307.96,0.1,346.96,Debit Card,Consumer
ORD-00434,2026-04-22,CUST-1059,Customer 0161,West,Uttar Pradesh,Mumbai,Technology,Accessories,USB Hub,5,11475.34,0.2,2348.07,Cash,Consumer
ORD-00435,2026-08-17,CUST-0640,Customer 0109,South,Delhi,Kochi,Office Supplies,Writing,Notebook,1,574.14,0.15,148.04,Cash,Consumer
ORD-00436,2025-06-21,CUST-0073,Customer 0623,West,Kerala,Surat,Office Supplies,Binders,Presentation Folder,2,1099.28,0.2,229.67,Debit Card,Consumer
ORD-00437,2026-05-12,CUST-0169,Customer 0260,West,Uttar Pradesh,Pune,Office Supplies,Paper,Recycled Paper,5,5358.81,0.1,833.08,Credit Card,Corporate
ORD-00438,2026-08-29,CUST-0310,Customer 0915,East,Delhi,Bhubaneswar,Office Supplies,Binders,Lever Arch Binder,1,786.29,0.0,212.9,UPI,Corporate
ORD-00439,2025-06-07,CUST-1016,Customer 0846,South,Rajasthan,Kochi,Technology,Accessories,Wireless Mouse,1,2001.96,0.02,350.92,UPI,Small Business
ORD-00440,2025-04-29,CUST-0108,Customer 0344,West,West Bengal,Pune,Technology,Accessories,USB Hub,1,4073.84,0.05,818.34,Net Banking,Corporate
ORD-00441,2026-06-28,CUST-0891,Customer 0025,East,Gujarat,Patna,Office Supplies,Writing,Pen Set,4,1160.95,0.08,235.12,Net Banking,Corporate
ORD-00442,2025-10-07,CUST-0687,Customer 0554,East,Gujarat,Kolkata,Technology,Accessories,USB Hub,5,9415.02,0.1,2136.14,Credit Card,Corporate
ORD-00443,2026-11-25,CUST-0369,Customer 0642,West,Uttar Pradesh,Surat,Office Supplies,Writing,Pen Set,3,1573.71,0.02,399.71,Credit Card,Small Business
ORD-00444,2025-10-18,CUST-0516,Customer 0396,North,Karnataka,Delhi,Technology,Smartphones,Android Phone,4,191308.31,0.05,22020.85,Credit Card,Small Business
ORD-00445,2025-03-30,CUST-0267,Customer 0770,North,Kerala,Delhi,Office Supplies,Writing,Pen Set,4,2275.63,0.15,777.26,UPI,Consumer
ORD-00446,2026-12-10,CUST-0663,Customer 0528,South,Telangana,Hyderabad,Furniture,Tables,Side Table,4,107937.3,0.05,27900.13,Credit Card,Corporate
ORD-00447,2026-05-19,CUST-0411,Customer 0805,North,Telangana,Lucknow,Furniture,Tables,Work Desk,5,56134.23,0.02,11187.75,Net Banking,Consumer
ORD-00448,2025-03-16,CUST-0145,Customer 1171,South,Gujarat,Kochi,Technology,Accessories,USB Hub,2,1858.44,0.05,179.39,Net Banking,Consumer
ORD-00449,2025-12-04,CUST-0802,Customer 1177,West,Karnataka,Pune,Office Supplies,Writing,Pen Set,4,2501.9,0.05,451.15,Cash,Small Business
ORD-00450,2026-01-29,CUST-0988,Customer 0249,West,Kerala,Surat,Furniture,Tables,Side Table,5,110355.42,0.1,17728.87,Cash,Corporate
ORD-00451,2025-12-15,CUST-0165,Customer 0942,East,Gujarat,Guwahati,Furniture,Chairs,Visitor Chair,4,68229.9,0.05,14753.54,UPI,Consumer
ORD-00452,2026-05-14,CUST-0174,Customer 0897,North,Maharashtra,Lucknow,Office Supplies,Paper,Premium Paper,6,4646.55,0.15,1337.13,UPI,Consumer
ORD-00453,2026-05-27,CUST-1094,Customer 0921,South,Karnataka,Bengaluru,Office Supplies,Writing,Pen Set,1,344.99,0.1,96.14,Credit Card,Corporate
ORD-00454,2026-11-26,CUST-1099,Customer 0306,North,Kerala,Chandigarh,Office Supplies,Paper,Premium Paper,5,1539.68,0.15,392.04,UPI,Consumer
ORD-00455,2026-10-27,CUST-0268,Customer 0030,North,Telangana,Jaipur,Furniture,Storage,Filing Cabinet,6,45582.45,0.0,7461.07,Credit Card,Corporate
ORD-00456,2026-09-23,CUST-0452,Customer 0130,North,Maharashtra,Lucknow,Office Supplies,Paper,Recycled Paper,5,1553.8,0.0,387.56,Net Banking,Corporate
ORD-00457,2025-02-16,CUST-0356,Customer 0688,West,Tamil Nadu,Ahmedabad,Technology,Accessories,USB Hub,2,4730.37,0.2,539.82,Credit Card,Corporate
ORD-00458,2025-04-13,CUST-0771,Customer 0324,South,Karnataka,Kochi,Technology,Accessories,Keyboard,2,5382.6,0.1,465.66,Net Banking,Consumer
ORD-00459,2026-05-03,CUST-0260,Customer 0423,North,Telangana,Delhi,Technology,Laptops,Ultrabook,6,518226.9,0.08,98960.9,Debit Card,Small Business
ORD-00460,2025-04-01,CUST-0617,Customer 0713,West,Rajasthan,Surat,Technology,Laptops,Ultrabook,3,247032.57,0.15,39520.77,Credit Card,Small Business
ORD-00461,2026-04-21,CUST-0427,Customer 0567,South,Karnataka,Chennai,Technology,Accessories,Wireless Mouse,5,14783.15,0.1,2383.14,UPI,Consumer
ORD-00462,2025-08-03,CUST-0891,Customer 0515,South,Delhi,Kochi,Furniture,Chairs,Office Chair,1,11094.32,0.15,2058.6,Cash,Corporate
ORD-00463,2025-03-14,CUST-0482,Customer 0911,North,Kerala,Delhi,Office Supplies,Paper,Recycled Paper,5,1918.63,0.08,485.38,Cash,Corporate
ORD-00464,2026-02-27,CUST-0410,Customer 0770,West,Maharashtra,Pune,Office Supplies,Writing,Markers,1,218.19,0.02,37.01,Credit Card,Corporate
ORD-00465,2026-04-14,CUST-0398,Customer 0735,West,Gujarat,Mumbai,Furniture,Chairs,Office Chair,3,46694.53,0.08,8742.49,UPI,Corporate
ORD-00466,2025-06-25,CUST-0704,Customer 0451,South,Gujarat,Bengaluru,Office Supplies,Writing,Pen Set,1,233.66,0.08,56.48,Cash,Consumer
ORD-00467,2026-04-19,CUST-0572,Customer 0030,South,Rajasthan,Chennai,Technology,Smartphones,Budget Phone,10,429413.2,0.1,66884.64,UPI,Consumer
ORD-00468,2025-02-15,CUST-0083,Customer 0964,East,Uttar Pradesh,Patna,Office Supplies,Paper,Recycled Paper,6,6893.64,0.0,1610.04,Credit Card,Corporate
ORD-00469,2026-02-21,CUST-0447,Customer 0272,West,Delhi,Surat,Office Supplies,Paper,Premium Paper,1,576.42,0.2,87.9,Debit Card,Consumer
ORD-00470,2025-01-25,CUST-0932,Customer 0950,North,Telangana,Delhi,Furniture,Storage,Bookshelf,3,8816.15,0.1,2243.81,Net Banking,Consumer
ORD-00471,2025-02-03,CUST-0608,Customer 0873,East,Gujarat,Patna,Office Supplies,Writing,Pen Set,1,521.42,0.15,112.93,Cash,Small Business
ORD-00472,2025-02-22,CUST-0228,Customer 0785,South,Delhi,Bengaluru,Office Supplies,Binders,Presentation Folder,3,2156.78,0.15,480.53,Net Banking,Small Business
ORD-00473,2025-05-22,CUST-0686,Customer 0489,North,Uttar Pradesh,Chandigarh,Furniture,Chairs,Visitor Chair,1,9674.58,0.15,2508.07,Credit Card,Small Business
ORD-00474,2025-02-25,CUST-0130,Customer 0764,West,Delhi,Pune,Office Supplies,Paper,Premium Paper,2,994.63,0.15,233.33,Net Banking,Corporate
ORD-00475,2026-11-21,CUST-0135,Customer 0386,North,West Bengal,Lucknow,Office Supplies,Writing,Notebook,6,3266.38,0.08,895.61,Credit Card,Consumer
ORD-00476,2025-07-29,CUST-1067,Customer 0047,West,Gujarat,Pune,Furniture,Chairs,Office Chair,1,5362.06,0.02,1122.49,Net Banking,Small Business
ORD-00477,2025-08-26,CUST-1065,Customer 0688,South,Rajasthan,Kochi,Furniture,Tables,Conference Table,1,22973.88,0.02,3017.18,Cash,Corporate
ORD-00478,2025-05-16,CUST-0628,Customer 0352,East,Gujarat,Patna,Office Supplies,Writing,Notebook,3,1128.02,0.08,237.81,UPI,Corporate
ORD-00479,2026-12-30,CUST-1097,Customer 0585,East,Telangana,Guwahati,Technology,Laptops,Gaming Laptop,8,477566.3,0.1,108818.76,UPI,Small Business
ORD-00480,2025-07-08,CUST-0421,Customer 1152,South,Karnataka,Chennai,Technology,Laptops,Business Laptop,3,329911.02,0.08,40138.67,Debit Card,Corporate
ORD-00481,2026-05-27,CUST-0298,Customer 0939,South,Delhi,Hyderabad,Furniture,Storage,Filing Cabinet,1,8471.0,0.0,1633.39,UPI,Consumer
ORD-00482,2026-03-29,CUST-0694,Customer 0231,East,West Bengal,Guwahati,Furniture,Tables,Side Table,5,92106.82,0.15,26088.2,Credit Card,Consumer
ORD-00483,2026-09-15,CUST-0400,Customer 1195,North,Uttar Pradesh,Chandigarh,Technology,Smartphones,Budget Phone,2,146768.03,0.0,19405.47,UPI,Corporate
ORD-00484,2026-05-18,CUST-0651,Customer 1048,South,Karnataka,Bengaluru,Technology,Accessories,Keyboard,8,25536.85,0.1,3654.52,Debit Card,Corporate
ORD-00485,2026-07-29,CUST-0180,Customer 0442,South,West Bengal,Kochi,Furniture,Tables,Conference Table,2,10079.06,0.05,2982.94,Net Banking,Corporate
ORD-00486,2025-05-28,CUST-0426,Customer 0622,East,West Bengal,Bhubaneswar,Office Supplies,Binders,Presentation Folder,1,735.43,0.1,198.26,Cash,Corporate
ORD-00487,2026-12-29,CUST-1164,Customer 0281,North,Maharashtra,Lucknow,Technology,Laptops,Gaming Laptop,2,182104.48,0.02,30762.95,UPI,Corporate
ORD-00488,2025-01-03,CUST-0316,Customer 0538,East,Gujarat,Patna,Technology,Smartphones,Budget Phone,3,94352.67,0.08,10937.67,Net Banking,Consumer
ORD-00489,2025-03-10,CUST-0741,Customer 1191,East,West Bengal,Patna,Technology,Smartphones,Budget Phone,1,47255.49,0.2,5876.44,Cash,Corporate
ORD-00490,2026-08-19,CUST-0120,Customer 0300,East,Delhi,Patna,Office Supplies,Paper,Premium Paper,3,1768.56,0.2,357.09,Net Banking,Small Business
ORD-00491,2025-10-26,CUST-1085,Customer 0158,South,Uttar Pradesh,Hyderabad,Technology,Laptops,Gaming Laptop,4,273931.58,0.05,24049.65,UPI,Small Business
ORD-00492,2025-11-05,CUST-0556,Customer 0743,South,Tamil Nadu,Bengaluru,Office Supplies,Paper,Recycled Paper,2,890.36,0.2,255.53,Cash,Small Business
ORD-00493,2025-06-16,CUST-0210,Customer 0447,East,Telangana,Bhubaneswar,Technology,Laptops,Ultrabook,5,304089.13,0.08,40884.81,Cash,Consumer
ORD-00494,2025-11-16,CUST-0743,Customer 0285,South,West Bengal,Bengaluru,Furniture,Tables,Work Desk,1,7914.14,0.0,1632.79,Cash,Small Business
ORD-00495,2025-05-26,CUST-0465,Customer 0630,East,Telangana,Bhubaneswar,Office Supplies,Binders,Ring Binder,1,681.66,0.02,219.06,UPI,Consumer
ORD-00496,2025-04-21,CUST-0068,Customer 1052,North,Kerala,Lucknow,Office Supplies,Paper,A4 Paper,3,739.31,0.08,117.18,Credit Card,Corporate
ORD-00497,2026-09-09,CUST-0421,Customer 0410,North,Telangana,Chandigarh,Technology,Laptops,Gaming Laptop,4,304220.74,0.2,30363.35,Debit Card,Consumer
ORD-00498,2026-09-20,CUST-0496,Customer 1035,North,Kerala,Jaipur,Office Supplies,Binders,Presentation Folder,1,340.44,0.1,104.23,Credit Card,Consumer
ORD-00499,2025-04-12,CUST-0439,Customer 1033,North,West Bengal,Jaipur,Office Supplies,Paper,Premium Paper,4,1652.74,0.0,569.73,Debit Card,Small Business
ORD-00500,2025-08-22,CUST-0835,Customer 0232,South,Delhi,Kochi,Office Supplies,Paper,A4 Paper,10,9595.65,0.08,1850.57,Credit Card,Corporate
ORD-00501,2025-04-29,CUST-0789,Customer 0581,North,West Bengal,Jaipur,Furniture,Tables,Side Table,4,48827.13,0.0,8743.02,Cash,Small Business
ORD-00502,2026-05-03,CUST-0753,Customer 0368,East,Karnataka,Patna,Technology,Accessories,Keyboard,5,8857.49,0.02,1922.82,Net Banking,Small Business
ORD-00503,2026-08-28,CUST-0209,Customer 0346,North,Tamil Nadu,Lucknow,Furniture,Storage,Storage Box,1,9633.56,0.08,1850.73,Debit Card,Consumer
ORD-00504,2026-08-19,CUST-0560,Customer 0820,East,Delhi,Bhubaneswar,Office Supplies,Binders,Ring Binder,2,526.78,0.08,108.36,Net Banking,Small Business
ORD-00505,2025-08-25,CUST-0276,Customer 0061,West,Tamil Nadu,Surat,Office Supplies,Binders,Ring Binder,1,678.68,0.05,168.22,Credit Card,Consumer
ORD-00506,2025-03-20,CUST-1065,Customer 1009,West,West Bengal,Mumbai,Technology,Smartphones,Budget Phone,1,55423.73,0.1,9960.6,UPI,Corporate
ORD-00507,2025-02-02,CUST-0882,Customer 0244,West,Rajasthan,Surat,Office Supplies,Binders,Presentation Folder,5,1687.02,0.1,259.02,Net Banking,Corporate
ORD-00508,2026-12-25,CUST-0337,Customer 1007,West,Rajasthan,Surat,Furniture,Chairs,Office Chair,4,18089.72,0.2,3157.52,UPI,Corporate
ORD-00509,2026-05-03,CUST-1152,Customer 0321,West,Uttar Pradesh,Surat,Technology,Accessories,USB Hub,3,7310.23,0.1,1254.1,Credit Card,Corporate
ORD-00510,2025-01-29,CUST-0093,Customer 0263,East,Delhi,Patna,Office Supplies,Binders,Presentation Folder,4,2436.52,0.05,521.65,Debit Card,Small Business
ORD-00511,2025-09-08,CUST-0508,Customer 0481,North,Gujarat,Chandigarh,Furniture,Chairs,Ergonomic Chair,2,15536.58,0.05,2022.25,Cash,Consumer
ORD-00512,2026-03-09,CUST-1164,Customer 1055,North,Rajasthan,Chandigarh,Technology,Smartphones,Android Phone,2,24727.71,0.08,4580.63,Debit Card,Consumer
ORD-00513,2026-12-09,CUST-0422,Customer 0689,West,West Bengal,Mumbai,Furniture,Tables,Side Table,3,35418.05,0.2,7363.57,Cash,Small Business
ORD-00514,2025-03-19,CUST-1098,Customer 0439,East,Gujarat,Bhubaneswar,Office Supplies,Binders,Lever Arch Binder,1,744.21,0.15,237.75,Debit Card,Consumer
ORD-00515,2025-12-11,CUST-0560,Customer 0138,East,Kerala,Patna,Technology,Accessories,USB Hub,4,17318.65,0.1,1648.0,Cash,Corporate
ORD-00516,2026-07-07,CUST-0642,Customer 0410,West,Rajasthan,Pune,Furniture,Chairs,Visitor Chair,3,43764.84,0.05,8662.11,Net Banking,Corporate
ORD-00517,2026-04-24,CUST-0549,Customer 1092,West,Kerala,Pune,Technology,Accessories,USB Hub,1,2597.17,0.08,296.27,Net Banking,Small Business
ORD-00518,2026-03-22,CUST-0841,Customer 0653,North,Tamil Nadu,Jaipur,Furniture,Tables,Work Desk,4,35229.92,0.2,6131.75,UPI,Corporate
ORD-00519,2025-07-16,CUST-0057,Customer 0503,East,Gujarat,Guwahati,Office Supplies,Paper,Premium Paper,2,1768.92,0.02,305.51,Net Banking,Corporate
ORD-00520,2025-10-12,CUST-1128,Customer 0361,West,Karnataka,Surat,Office Supplies,Paper,A4 Paper,1,381.32,0.05,117.42,Net Banking,Consumer
ORD-00521,2026-11-19,CUST-0185,Customer 0813,North,Telangana,Delhi,Furniture,Storage,Bookshelf,6,72535.04,0.08,20412.75,UPI,Consumer
ORD-00522,2026-08-22,CUST-0799,Customer 0484,North,Rajasthan,Chandigarh,Furniture,Chairs,Office Chair,4,45589.81,0.05,8172.95,UPI,Consumer
ORD-00523,2026-01-19,CUST-0232,Customer 0649,North,Uttar Pradesh,Jaipur,Technology,Smartphones,Premium Phone,5,209057.08,0.0,33126.64,Net Banking,Corporate
ORD-00524,2026-09-13,CUST-0072,Customer 0112,South,Maharashtra,Hyderabad,Technology,Smartphones,Premium Phone,5,321220.0,0.0,58867.94,Debit Card,Small Business
ORD-00525,2026-03-30,CUST-0796,Customer 0017,West,Rajasthan,Ahmedabad,Office Supplies,Writing,Markers,4,2303.85,0.1,745.04,Debit Card,Corporate
ORD-00526,2026-02-21,CUST-0070,Customer 0562,North,Tamil Nadu,Jaipur,Furniture,Chairs,Office Chair,3,40172.07,0.2,10364.93,Net Banking,Corporate
ORD-00527,2026-03-07,CUST-1122,Customer 0670,West,West Bengal,Ahmedabad,Office Supplies,Binders,Ring Binder,4,2734.27,0.1,446.43,Credit Card,Consumer
ORD-00528,2025-04-24,CUST-0324,Customer 0512,South,Uttar Pradesh,Kochi,Office Supplies,Paper,A4 Paper,3,1797.29,0.05,476.57,UPI,Small Business
ORD-00529,2025-10-16,CUST-0407,Customer 0173,West,Rajasthan,Ahmedabad,Furniture,Tables,Side Table,1,7503.97,0.1,2017.2,Debit Card,Consumer
ORD-00530,2025-08-23,CUST-0183,Customer 0948,West,Maharashtra,Surat,Office Supplies,Paper,A4 Paper,6,5868.59,0.15,1598.61,Debit Card,Small Business
ORD-00531,2026-08-04,CUST-0241,Customer 0029,South,Uttar Pradesh,Bengaluru,Furniture,Storage,Bookshelf,1,8935.22,0.05,1345.84,Net Banking,Corporate
ORD-00532,2026-05-22,CUST-0783,Customer 0267,West,Rajasthan,Mumbai,Technology,Accessories,Wireless Mouse,5,5429.79,0.2,665.65,UPI,Small Business
ORD-00533,2025-09-26,CUST-0483,Customer 0924,South,Maharashtra,Hyderabad,Office Supplies,Writing,Pen Set,2,665.16,0.02,103.6,Debit Card,Small Business
ORD-00534,2026-01-28,CUST-0867,Customer 0525,West,Tamil Nadu,Mumbai,Technology,Smartphones,Android Phone,8,556529.15,0.08,105682.88,Credit Card,Small Business
ORD-00535,2026-09-05,CUST-0094,Customer 0011,North,Gujarat,Delhi,Furniture,Chairs,Ergonomic Chair,10,141298.88,0.15,41555.69,Cash,Small Business
ORD-00536,2025-09-24,CUST-0348,Customer 1032,West,West Bengal,Ahmedabad,Furniture,Storage,Bookshelf,6,17108.01,0.0,3840.54,Debit Card,Corporate
ORD-00537,2025-05-11,CUST-1023,Customer 0576,South,Delhi,Bengaluru,Furniture,Storage,Storage Box,2,13415.93,0.05,1716.56,Net Banking,Corporate
ORD-00538,2025-06-04,CUST-1139,Customer 0902,East,Karnataka,Guwahati,Office Supplies,Binders,Lever Arch Binder,2,1498.01,0.08,453.5,UPI,Consumer
ORD-00539,2026-05-22,CUST-0084,Customer 0905,North,Delhi,Jaipur,Technology,Laptops,Gaming Laptop,4,237421.81,0.08,23401.21,Cash,Corporate
ORD-00540,2025-06-22,CUST-1042,Customer 0559,West,Kerala,Surat,Technology,Accessories,Wireless Mouse,1,845.16,0.2,106.03,Cash,Consumer
ORD-00541,2026-11-29,CUST-0250,Customer 0808,North,Delhi,Jaipur,Furniture,Chairs,Office Chair,4,55190.45,0.05,6880.77,Cash,Consumer
ORD-00542,2025-10-03,CUST-0012,Customer 0675,East,Karnataka,Bhubaneswar,Technology,Laptops,Gaming Laptop,4,394872.99,0.08,71289.22,Cash,Corporate
ORD-00543,2026-09-09,CUST-0782,Customer 0190,East,Rajasthan,Bhubaneswar,Technology,Laptops,Ultrabook,5,281441.59,0.15,25700.08,Debit Card,Consumer
ORD-00544,2026-11-01,CUST-0316,Customer 0247,South,Gujarat,Kochi,Technology,Laptops,Business Laptop,5,271797.62,0.05,49887.61,Net Banking,Corporate
ORD-00545,2026-02-02,CUST-0976,Customer 0550,East,Kerala,Bhubaneswar,Furniture,Storage,Filing Cabinet,3,34910.52,0.08,6988.38,Cash,Corporate
ORD-00546,2026-04-20,CUST-0460,Customer 0318,North,West Bengal,Lucknow,Furniture,Storage,Filing Cabinet,2,14154.97,0.0,3006.54,Cash,Small Business
ORD-00547,2026-12-02,CUST-0616,Customer 0510,North,Uttar Pradesh,Chandigarh,Furniture,Tables,Work Desk,3,81379.77,0.02,24182.29,Net Banking,Corporate
ORD-00548,2026-08-06,CUST-0519,Customer 0728,North,Gujarat,Delhi,Technology,Accessories,Wireless Mouse,2,5148.2,0.08,956.21,Cash,Consumer
ORD-00549,2026-03-03,CUST-0610,Customer 0643,North,Kerala,Delhi,Office Supplies,Writing,Markers,1,176.02,0.08,28.0,Net Banking,Small Business
ORD-00550,2026-11-21,CUST-0218,Customer 0889,West,Uttar Pradesh,Ahmedabad,Furniture,Chairs,Office Chair,4,20794.72,0.1,3466.01,Credit Card,Consumer
ORD-00551,2026-09-09,CUST-0997,Customer 0621,West,Kerala,Mumbai,Technology,Laptops,Ultrabook,4,258508.77,0.2,47884.8,Cash,Corporate
ORD-00552,2025-07-12,CUST-0055,Customer 0429,West,West Bengal,Ahmedabad,Technology,Laptops,Business Laptop,1,46040.69,0.0,8810.59,UPI,Small Business
ORD-00553,2025-01-23,CUST-0239,Customer 0341,South,Telangana,Kochi,Office Supplies,Writing,Pen Set,4,522.84,0.02,127.99,Net Banking,Corporate
ORD-00554,2025-12-08,CUST-0017,Customer 0211,West,Rajasthan,Mumbai,Furniture,Storage,Filing Cabinet,3,9164.97,0.2,1746.04,Net Banking,Corporate
ORD-00555,2026-05-15,CUST-0475,Customer 0125,East,Uttar Pradesh,Kolkata,Furniture,Tables,Conference Table,4,60635.24,0.15,17154.51,Credit Card,Corporate
ORD-00556,2025-12-22,CUST-0919,Customer 0894,East,Karnataka,Kolkata,Furniture,Storage,Bookshelf,1,12103.17,0.1,3497.98,UPI,Corporate
ORD-00557,2026-09-09,CUST-0960,Customer 0269,South,Gujarat,Kochi,Furniture,Tables,Work Desk,3,45111.79,0.15,8167.38,Net Banking,Corporate
ORD-00558,2025-06-27,CUST-0409,Customer 0321,East,Kerala,Patna,Technology,Accessories,Wireless Mouse,4,6021.6,0.15,946.97,Net Banking,Consumer
ORD-00559,2026-01-01,CUST-0325,Customer 0358,West,Uttar Pradesh,Surat,Furniture,Chairs,Office Chair,10,107848.35,0.05,30042.57,Credit Card,Consumer
ORD-00560,2025-12-30,CUST-0096,Customer 1141,East,Gujarat,Patna,Technology,Accessories,Wireless Mouse,1,990.94,0.05,236.82,UPI,Small Business
ORD-00561,2025-04-15,CUST-1152,Customer 0086,North,Uttar Pradesh,Delhi,Furniture,Tables,Work Desk,5,132149.22,0.1,34462.95,Credit Card,Consumer
ORD-00562,2025-04-12,CUST-0316,Customer 0745,North,Delhi,Jaipur,Furniture,Chairs,Visitor Chair,2,13287.32,0.1,2786.49,UPI,Consumer
ORD-00563,2025-03-29,CUST-0545,Customer 0763,South,Rajasthan,Kochi,Furniture,Chairs,Office Chair,3,44238.27,0.05,9330.03,Debit Card,Small Business
ORD-00564,2026-06-13,CUST-0741,Customer 0061,South,West Bengal,Chennai,Office Supplies,Binders,Ring Binder,2,387.13,0.08,127.6,UPI,Consumer
ORD-00565,2025-02-07,CUST-0310,Customer 1177,North,Karnataka,Delhi,Furniture,Tables,Conference Table,1,29548.62,0.0,5637.52,Cash,Corporate
ORD-00566,2025-01-09,CUST-0573,Customer 1081,West,Kerala,Surat,Office Supplies,Writing,Notebook,4,2362.08,0.05,783.85,UPI,Small Business
ORD-00567,2026-10-27,CUST-0829,Customer 0405,West,Gujarat,Surat,Office Supplies,Paper,Recycled Paper,3,2327.07,0.08,673.67,Credit Card,Consumer
ORD-00568,2025-04-06,CUST-1048,Customer 1131,East,Gujarat,Patna,Office Supplies,Writing,Notebook,3,1688.91,0.1,349.24,Cash,Corporate
ORD-00569,2026-06-02,CUST-0227,Customer 0123,South,Delhi,Bengaluru,Technology,Accessories,USB Hub,5,7904.5,0.05,1551.19,Debit Card,Small Business
ORD-00570,2025-08-30,CUST-1192,Customer 1159,East,Uttar Pradesh,Kolkata,Technology,Accessories,Wireless Mouse,3,7557.95,0.0,1152.61,Cash,Consumer
ORD-00571,2025-09-11,CUST-0216,Customer 0672,East,Uttar Pradesh,Guwahati,Furniture,Storage,Storage Box,1,8297.22,0.08,1771.79,Cash,Consumer
ORD-00572,2025-05-14,CUST-0976,Customer 0440,East,West Bengal,Patna,Technology,Laptops,Ultrabook,2,153853.82,0.0,13839.3,Credit Card,Corporate
ORD-00573,2026-05-17,CUST-0854,Customer 0334,West,Telangana,Surat,Furniture,Storage,Bookshelf,10,84238.88,0.15,24225.96,Cash,Consumer
ORD-00574,2025-02-03,CUST-0322,Customer 1145,West,Delhi,Surat,Technology,Accessories,USB Hub,1,4297.03,0.02,656.88,Credit Card,Small Business
ORD-00575,2026-01-19,CUST-0622,Customer 0603,West,West Bengal,Mumbai,Technology,Smartphones,Budget Phone,3,99420.34,0.0,13862.65,Credit Card,Consumer
ORD-00576,2026-07-15,CUST-0715,Customer 0139,South,Karnataka,Kochi,Technology,Smartphones,Premium Phone,5,127592.25,0.08,10249.96,Net Banking,Corporate
ORD-00577,2026-06-01,CUST-0944,Customer 0922,East,West Bengal,Patna,Furniture,Tables,Conference Table,5,126721.35,0.02,32586.55,UPI,Small Business
ORD-00578,2025-02-16,CUST-0908,Customer 0569,East,Tamil Nadu,Kolkata,Office Supplies,Writing,Notebook,2,614.5,0.08,133.84,UPI,Small Business
ORD-00579,2025-02-24,CUST-1168,Customer 1069,North,Maharashtra,Chandigarh,Office Supplies,Writing,Pen Set,1,431.3,0.1,111.43,Net Banking,Small Business
ORD-00580,2026-12-24,CUST-1187,Customer 0910,North,Tamil Nadu,Delhi,Office Supplies,Writing,Pen Set,2,1326.28,0.02,264.01,Cash,Small Business
ORD-00581,2025-01-25,CUST-1082,Customer 0650,East,Rajasthan,Patna,Office Supplies,Paper,Premium Paper,1,983.37,0.08,183.01,Debit Card,Consumer
ORD-00582,2026-02-22,CUST-0347,Customer 0121,North,Kerala,Delhi,Office Supplies,Paper,Premium Paper,2,773.67,0.0,139.91,Debit Card,Consumer
ORD-00583,2025-05-04,CUST-0107,Customer 0415,North,Maharashtra,Delhi,Furniture,Tables,Work Desk,2,24701.97,0.05,4111.1,Cash,Small Business
ORD-00584,2026-02-21,CUST-0135,Customer 0992,South,Karnataka,Kochi,Office Supplies,Writing,Markers,2,1270.34,0.05,308.65,Net Banking,Small Business
ORD-00585,2025-05-09,CUST-0624,Customer 1164,South,Rajasthan,Bengaluru,Furniture,Storage,Storage Box,2,18812.46,0.1,4463.8,Net Banking,Consumer
ORD-00586,2026-07-23,CUST-0926,Customer 0086,South,Karnataka,Chennai,Furniture,Storage,Filing Cabinet,3,32977.39,0.08,9663.81,Net Banking,Small Business
ORD-00587,2025-12-26,CUST-0436,Customer 1199,East,Uttar Pradesh,Bhubaneswar,Technology,Laptops,Gaming Laptop,2,111346.12,0.15,15680.27,Debit Card,Consumer
ORD-00588,2025-10-14,CUST-0885,Customer 0432,South,Kerala,Bengaluru,Furniture,Chairs,Ergonomic Chair,5,57274.87,0.15,12609.99,Cash,Corporate
ORD-00589,2026-09-06,CUST-0673,Customer 0033,East,Telangana,Guwahati,Office Supplies,Binders,Lever Arch Binder,10,2819.05,0.05,541.61,Credit Card,Small Business
ORD-00590,2026-02-07,CUST-1103,Customer 0167,West,Tamil Nadu,Mumbai,Technology,Accessories,Wireless Mouse,6,12032.09,0.15,1903.91,Cash,Consumer
ORD-00591,2025-01-09,CUST-0256,Customer 0948,West,Delhi,Mumbai,Furniture,Tables,Side Table,1,11159.31,0.2,2969.9,UPI,Corporate
ORD-00592,2026-09-21,CUST-0621,Customer 0453,North,Maharashtra,Jaipur,Office Supplies,Paper,Premium Paper,4,3514.38,0.02,590.39,Net Banking,Corporate
ORD-00593,2025-04-24,CUST-0569,Customer 1166,North,Uttar Pradesh,Chandigarh,Furniture,Storage,Storage Box,1,7587.5,0.2,1782.44,Net Banking,Consumer
ORD-00594,2026-06-20,CUST-0562,Customer 0393,South,Karnataka,Chennai,Technology,Accessories,Wireless Mouse,1,3471.19,0.1,752.82,Cash,Small Business
ORD-00595,2026-03-19,CUST-0834,Customer 0562,East,Tamil Nadu,Patna,Technology,Smartphones,Budget Phone,4,195636.11,0.2,45035.72,Cash,Corporate
ORD-00596,2025-11-20,CUST-0011,Customer 0803,West,Maharashtra,Ahmedabad,Office Supplies,Paper,Recycled Paper,2,852.51,0.08,218.65,Debit Card,Consumer
ORD-00597,2026-10-04,CUST-0199,Customer 0058,North,West Bengal,Jaipur,Office Supplies,Binders,Ring Binder,1,791.92,0.05,168.01,Net Banking,Consumer
ORD-00598,2026-06-17,CUST-0485,Customer 0150,East,Kerala,Guwahati,Technology,Laptops,Gaming Laptop,2,125753.88,0.0,26592.09,Cash,Corporate
ORD-00599,2026-12-12,CUST-0134,Customer 0262,North,Karnataka,Lucknow,Office Supplies,Paper,A4 Paper,6,6490.41,0.08,1380.22,Net Banking,Consumer
ORD-00600,2025-04-09,CUST-0842,Customer 0478,East,Kerala,Patna,Technology,Laptops,Ultrabook,1,39347.4,0.2,5549.28,Cash,Consumer
ORD-00601,2026-04-10,CUST-1060,Customer 0673,West,Kerala,Surat,Furniture,Tables,Side Table,2,34817.3,0.15,9084.78,UPI,Consumer
ORD-00602,2026-06-06,CUST-0525,Customer 0728,North,Rajasthan,Delhi,Office Supplies,Writing,Pen Set,5,2014.15,0.1,352.87,Net Banking,Small Business
ORD-00603,2026-10-30,CUST-0733,Customer 0638,West,Kerala,Pune,Technology,Laptops,Business Laptop,2,91147.78,0.08,14775.07,Cash,Consumer
ORD-00604,2026-11-26,CUST-0297,Customer 0118,South,Maharashtra,Kochi,Furniture,Storage,Bookshelf,8,36539.25,0.1,8241.76,Cash,Small Business
ORD-00605,2026-11-15,CUST-0975,Customer 0958,North,Kerala,Lucknow,Furniture,Chairs,Office Chair,1,12608.32,0.0,2288.15,Debit Card,Small Business
ORD-00606,2025-01-04,CUST-0457,Customer 0472,East,West Bengal,Guwahati,Furniture,Tables,Work Desk,5,38105.99,0.0,7974.35,Cash,Consumer
ORD-00607,2026-01-07,CUST-0021,Customer 0152,South,Delhi,Kochi,Office Supplies,Binders,Presentation Folder,2,641.17,0.2,223.11,Credit Card,Small Business
ORD-00608,2025-01-31,CUST-0408,Customer 0406,North,Gujarat,Jaipur,Furniture,Tables,Work Desk,6,118465.18,0.05,15152.04,UPI,Consumer
ORD-00609,2025-04-14,CUST-0043,Customer 0282,East,Rajasthan,Bhubaneswar,Furniture,Storage,Filing Cabinet,1,2799.66,0.2,467.88,Credit Card,Corporate
ORD-00610,2026-10-01,CUST-0889,Customer 0134,South,Tamil Nadu,Hyderabad,Furniture,Chairs,Ergonomic Chair,4,54512.34,0.1,16129.02,UPI,Consumer
ORD-00611,2025-02-17,CUST-0388,Customer 1097,South,Gujarat,Chennai,Office Supplies,Binders,Presentation Folder,3,1018.48,0.15,202.59,UPI,Corporate
ORD-00612,2025-03-25,CUST-0964,Customer 0133,South,Telangana,Bengaluru,Office Supplies,Binders,Ring Binder,8,5749.65,0.08,1103.06,Cash,Corporate
ORD-00613,2026-05-22,CUST-0971,Customer 0550,East,Kerala,Patna,Office Supplies,Binders,Ring Binder,2,607.68,0.15,149.89,Net Banking,Small Business
ORD-00614,2026-01-22,CUST-1171,Customer 0322,North,Delhi,Jaipur,Technology,Laptops,Gaming Laptop,2,208501.48,0.05,30858.98,Debit Card,Small Business
ORD-00615,2026-09-29,CUST-0689,Customer 0873,North,West Bengal,Jaipur,Technology,Smartphones,Premium Phone,2,99747.83,0.0,15405.1,Net Banking,Corporate
ORD-00616,2025-03-19,CUST-0736,Customer 0169,West,Gujarat,Ahmedabad,Furniture,Tables,Conference Table,1,14268.09,0.02,2394.36,Cash,Small Business
ORD-00617,2026-11-23,CUST-0675,Customer 0513,North,Gujarat,Chandigarh,Technology,Laptops,Business Laptop,1,49344.13,0.02,6582.57,Debit Card,Consumer
ORD-00618,2026-08-17,CUST-0025,Customer 0967,South,Uttar Pradesh,Hyderabad,Technology,Smartphones,Premium Phone,5,331331.31,0.08,76647.0,UPI,Corporate
ORD-00619,2026-04-25,CUST-0945,Customer 0698,South,Tamil Nadu,Chennai,Office Supplies,Writing,Pen Set,3,897.96,0.2,233.94,Debit Card,Consumer
ORD-00620,2025-05-12,CUST-0626,Customer 0020,West,West Bengal,Surat,Technology,Smartphones,Premium Phone,1,72779.62,0.02,12547.3,Debit Card,Corporate
ORD-00621,2025-01-24,CUST-1163,Customer 0066,South,Telangana,Kochi,Furniture,Storage,Bookshelf,4,44383.17,0.05,7931.02,UPI,Corporate
ORD-00622,2026-04-08,CUST-0624,Customer 0191,West,Telangana,Surat,Technology,Smartphones,Android Phone,1,51017.81,0.0,6765.71,Credit Card,Small Business
ORD-00623,2025-08-27,CUST-0597,Customer 1074,South,Tamil Nadu,Bengaluru,Office Supplies,Writing,Markers,1,88.91,0.08,18.38,Net Banking,Consumer
ORD-00624,2026-05-05,CUST-0141,Customer 0797,East,Maharashtra,Kolkata,Technology,Smartphones,Premium Phone,10,397396.71,0.02,65901.28,UPI,Consumer
ORD-00625,2026-05-30,CUST-0940,Customer 0565,East,Maharashtra,Patna,Office Supplies,Writing,Markers,3,508.57,0.05,136.04,Credit Card,Consumer
ORD-00626,2026-08-13,CUST-0081,Customer 0187,West,Gujarat,Mumbai,Furniture,Storage,Filing Cabinet,6,46158.19,0.08,9362.58,Net Banking,Corporate
ORD-00627,2026-01-29,CUST-0376,Customer 1165,East,Tamil Nadu,Patna,Office Supplies,Paper,Premium Paper,6,2482.06,0.15,586.8,Net Banking,Small Business
ORD-00628,2025-08-11,CUST-1011,Customer 0843,North,Uttar Pradesh,Jaipur,Technology,Smartphones,Budget Phone,4,205019.36,0.0,39299.55,Credit Card,Corporate
ORD-00629,2025-01-28,CUST-0150,Customer 0946,North,Rajasthan,Delhi,Office Supplies,Binders,Lever Arch Binder,2,829.35,0.1,131.81,Debit Card,Small Business
ORD-00630,2026-04-21,CUST-0993,Customer 0945,West,Tamil Nadu,Pune,Furniture,Chairs,Office Chair,4,26495.62,0.02,4739.53,Credit Card,Small Business
ORD-00631,2025-07-01,CUST-0603,Customer 0255,South,Uttar Pradesh,Kochi,Technology,Smartphones,Premium Phone,1,73434.06,0.0,13006.51,Net Banking,Consumer
ORD-00632,2026-11-23,CUST-1091,Customer 0443,North,West Bengal,Delhi,Office Supplies,Binders,Ring Binder,1,384.65,0.15,60.35,Credit Card,Small Business
ORD-00633,2025-07-26,CUST-0512,Customer 0768,North,Maharashtra,Lucknow,Office Supplies,Binders,Lever Arch Binder,1,113.55,0.2,25.6,UPI,Consumer
ORD-00634,2025-04-09,CUST-0344,Customer 0343,North,Karnataka,Lucknow,Technology,Laptops,Gaming Laptop,4,426157.96,0.0,49132.12,Net Banking,Small Business
ORD-00635,2026-03-15,CUST-0248,Customer 0476,North,Maharashtra,Chandigarh,Furniture,Storage,Storage Box,1,3288.3,0.1,628.43,Credit Card,Corporate
ORD-00636,2026-11-05,CUST-0571,Customer 0756,East,Karnataka,Bhubaneswar,Technology,Smartphones,Budget Phone,2,64557.39,0.08,7438.0,Credit Card,Consumer
ORD-00637,2025-09-15,CUST-0195,Customer 0665,West,Rajasthan,Ahmedabad,Office Supplies,Binders,Ring Binder,5,2680.1,0.2,707.12,UPI,Corporate
ORD-00638,2026-06-08,CUST-0477,Customer 1032,South,Kerala,Hyderabad,Office Supplies,Binders,Ring Binder,3,993.83,0.1,238.3,Credit Card,Consumer
ORD-00639,2026-01-19,CUST-1022,Customer 0608,North,Maharashtra,Delhi,Furniture,Chairs,Visitor Chair,2,18854.94,0.0,2465.96,UPI,Corporate
ORD-00640,2025-11-22,CUST-0082,Customer 1067,South,Rajasthan,Bengaluru,Technology,Accessories,USB Hub,2,9402.11,0.05,954.15,Debit Card,Consumer
ORD-00641,2026-12-05,CUST-0456,Customer 0782,South,Uttar Pradesh,Hyderabad,Furniture,Chairs,Office Chair,6,56557.35,0.15,16848.87,Debit Card,Consumer
ORD-00642,2025-05-09,CUST-0188,Customer 0356,West,Kerala,Mumbai,Technology,Smartphones,Android Phone,1,79984.92,0.02,18406.44,Cash,Consumer
ORD-00643,2026-09-13,CUST-0510,Customer 0621,South,Gujarat,Bengaluru,Furniture,Storage,Bookshelf,4,21013.09,0.02,4125.35,Cash,Corporate
ORD-00644,2026-09-17,CUST-0888,Customer 0320,South,West Bengal,Hyderabad,Furniture,Chairs,Ergonomic Chair,1,8255.77,0.08,1618.84,Credit Card,Corporate
ORD-00645,2025-11-10,CUST-0929,Customer 0581,West,Rajasthan,Mumbai,Furniture,Storage,Storage Box,4,11928.89,0.05,2248.37,Cash,Small Business
ORD-00646,2026-05-28,CUST-0767,Customer 1007,West,Rajasthan,Mumbai,Furniture,Chairs,Visitor Chair,1,9838.1,0.02,1187.98,Net Banking,Corporate
ORD-00647,2025-05-08,CUST-0789,Customer 1159,East,Telangana,Patna,Furniture,Tables,Side Table,1,29688.05,0.0,8866.19,UPI,Corporate
ORD-00648,2026-03-11,CUST-0506,Customer 0497,East,West Bengal,Guwahati,Office Supplies,Writing,Markers,2,947.37,0.0,265.44,Credit Card,Corporate
ORD-00649,2026-11-10,CUST-0331,Customer 0026,North,Tamil Nadu,Jaipur,Furniture,Storage,Bookshelf,1,13935.32,0.02,3182.64,Credit Card,Small Business
ORD-00650,2026-03-14,CUST-0518,Customer 0619,West,Uttar Pradesh,Surat,Office Supplies,Writing,Pen Set,1,369.37,0.08,67.66,Cash,Small Business
ORD-00651,2025-12-19,CUST-0293,Customer 0551,West,Maharashtra,Ahmedabad,Office Supplies,Binders,Presentation Folder,1,715.98,0.1,218.62,Net Banking,Small Business
ORD-00652,2026-11-02,CUST-0591,Customer 0883,East,Telangana,Kolkata,Technology,Smartphones,Android Phone,4,70183.33,0.08,11509.64,UPI,Corporate
ORD-00653,2025-07-10,CUST-0412,Customer 0121,South,Telangana,Chennai,Technology,Smartphones,Android Phone,1,43821.72,0.1,9215.68,UPI,Corporate
ORD-00654,2025-05-08,CUST-0567,Customer 0132,West,Delhi,Surat,Office Supplies,Writing,Pen Set,1,587.47,0.05,98.19,Credit Card,Small Business
ORD-00655,2025-02-12,CUST-0199,Customer 0433,South,Uttar Pradesh,Kochi,Furniture,Storage,Filing Cabinet,2,2266.18,0.0,543.33,Credit Card,Corporate
ORD-00656,2025-09-03,CUST-0740,Customer 0817,East,Rajasthan,Patna,Furniture,Tables,Side Table,2,29899.05,0.05,8966.73,Cash,Consumer
ORD-00657,2025-05-23,CUST-0053,Customer 0252,East,Uttar Pradesh,Guwahati,Technology,Laptops,Gaming Laptop,2,176464.98,0.2,39188.51,Debit Card,Small Business
ORD-00658,2025-01-04,CUST-0660,Customer 0035,South,Delhi,Hyderabad,Furniture,Storage,Storage Box,3,28218.97,0.08,6739.85,Credit Card,Small Business
ORD-00659,2026-05-03,CUST-0206,Customer 0789,East,Gujarat,Patna,Technology,Accessories,Keyboard,3,6902.23,0.0,936.86,Cash,Consumer
ORD-00660,2026-04-24,CUST-0345,Customer 0914,South,Tamil Nadu,Bengaluru,Technology,Smartphones,Android Phone,4,122394.33,0.1,29124.36,Net Banking,Small Business
ORD-00661,2025-12-01,CUST-0786,Customer 0575,South,Maharashtra,Chennai,Technology,Laptops,Ultrabook,1,82869.2,0.15,7016.99,Debit Card,Small Business
ORD-00662,2025-08-18,CUST-1180,Customer 0133,West,Delhi,Mumbai,Office Supplies,Paper,Recycled Paper,3,2044.49,0.2,589.54,Net Banking,Small Business
ORD-00663,2026-08-30,CUST-0386,Customer 0238,West,Kerala,Surat,Technology,Laptops,Gaming Laptop,1,53676.75,0.0,7216.2,Debit Card,Consumer
ORD-00664,2026-03-10,CUST-0655,Customer 0748,East,Telangana,Patna,Office Supplies,Writing,Pen Set,3,801.72,0.02,256.09,Cash,Small Business
ORD-00665,2025-08-13,CUST-1024,Customer 0934,South,Telangana,Bengaluru,Furniture,Chairs,Visitor Chair,2,25256.69,0.2,7317.37,Cash,Corporate
ORD-00666,2026-12-25,CUST-1176,Customer 0980,South,Maharashtra,Bengaluru,Office Supplies,Binders,Lever Arch Binder,4,1907.23,0.05,666.33,Net Banking,Corporate
ORD-00667,2025-02-23,CUST-0367,Customer 0999,West,Rajasthan,Mumbai,Furniture,Chairs,Visitor Chair,4,19709.43,0.2,3163.62,Debit Card,Small Business
ORD-00668,2026-02-05,CUST-0148,Customer 1082,South,Gujarat,Bengaluru,Office Supplies,Binders,Lever Arch Binder,3,1248.16,0.05,376.37,Debit Card,Small Business
ORD-00669,2026-12-28,CUST-0623,Customer 0938,South,Telangana,Kochi,Technology,Laptops,Gaming Laptop,3,243407.97,0.2,21580.48,Cash,Consumer
ORD-00670,2026-01-06,CUST-1179,Customer 0209,West,Telangana,Surat,Furniture,Chairs,Office Chair,4,21324.96,0.15,5058.77,Net Banking,Corporate
ORD-00671,2026-08-31,CUST-0889,Customer 0305,South,Rajasthan,Bengaluru,Technology,Smartphones,Premium Phone,1,22601.88,0.1,4159.1,UPI,Consumer
ORD-00672,2026-12-10,CUST-0184,Customer 0950,North,Rajasthan,Jaipur,Furniture,Tables,Conference Table,8,150957.3,0.15,38363.69,Debit Card,Small Business
ORD-00673,2025-08-19,CUST-0048,Customer 1174,West,Kerala,Ahmedabad,Technology,Laptops,Business Laptop,3,130554.32,0.15,29421.27,Net Banking,Corporate
ORD-00674,2025-03-07,CUST-1101,Customer 0379,North,Rajasthan,Jaipur,Furniture,Tables,Side Table,2,44234.11,0.02,6099.86,Credit Card,Corporate
ORD-00675,2025-08-01,CUST-0241,Customer 0371,West,Kerala,Mumbai,Office Supplies,Writing,Notebook,5,2612.62,0.0,785.62,UPI,Consumer
ORD-00676,2025-02-05,CUST-0174,Customer 0256,West,Uttar Pradesh,Ahmedabad,Technology,Laptops,Business Laptop,4,352524.31,0.0,59928.92,Debit Card,Corporate
ORD-00677,2025-10-28,CUST-1094,Customer 0912,South,Telangana,Kochi,Office Supplies,Paper,A4 Paper,8,3856.1,0.1,1276.08,Cash,Corporate
ORD-00678,2025-02-07,CUST-0386,Customer 0291,East,Gujarat,Guwahati,Office Supplies,Writing,Notebook,1,168.08,0.2,26.72,UPI,Consumer
ORD-00679,2026-10-28,CUST-0335,Customer 0820,South,West Bengal,Hyderabad,Furniture,Chairs,Visitor Chair,1,11717.96,0.05,1955.98,Credit Card,Corporate
ORD-00680,2025-07-17,CUST-0763,Customer 1155,West,Uttar Pradesh,Pune,Office Supplies,Paper,A4 Paper,2,1441.75,0.15,417.19,Cash,Consumer
ORD-00681,2026-06-29,CUST-0226,Customer 1124,West,Rajasthan,Pune,Furniture,Tables,Conference Table,3,16943.24,0.0,2857.01,Credit Card,Corporate
ORD-00682,2025-08-16,CUST-0776,Customer 0216,North,Tamil Nadu,Chandigarh,Furniture,Tables,Work Desk,2,53442.77,0.0,7355.35,UPI,Small Business
ORD-00683,2025-04-12,CUST-0099,Customer 0350,East,Delhi,Patna,Technology,Accessories,Keyboard,5,16434.22,0.1,2027.47,Net Banking,Consumer
ORD-00684,2025-05-10,CUST-0293,Customer 0776,East,Kerala,Patna,Furniture,Storage,Filing Cabinet,4,15731.31,0.15,2328.05,Debit Card,Consumer
ORD-00685,2026-05-30,CUST-0588,Customer 0565,East,Rajasthan,Bhubaneswar,Office Supplies,Writing,Markers,1,492.3,0.05,152.46,Cash,Small Business
ORD-00686,2025-03-20,CUST-0492,Customer 0192,South,Telangana,Hyderabad,Office Supplies,Paper,Premium Paper,2,1272.38,0.0,352.37,Cash,Consumer
ORD-00687,2025-05-20,CUST-0983,Customer 1020,North,Uttar Pradesh,Chandigarh,Office Supplies,Binders,Ring Binder,2,1565.52,0.1,526.78,Cash,Small Business
ORD-00688,2026-07-02,CUST-0707,Customer 0501,North,Uttar Pradesh,Lucknow,Technology,Accessories,Wireless Mouse,4,15636.56,0.15,2314.16,Cash,Consumer
ORD-00689,2025-02-22,CUST-0866,Customer 1015,West,Rajasthan,Pune,Office Supplies,Writing,Pen Set,2,369.23,0.02,93.32,UPI,Corporate
ORD-00690,2025-10-28,CUST-0543,Customer 0437,North,Karnataka,Chandigarh,Office Supplies,Paper,Recycled Paper,5,5026.63,0.05,1054.77,Cash,Corporate
ORD-00691,2025-12-31,CUST-0013,Customer 0943,South,Delhi,Hyderabad,Office Supplies,Writing,Pen Set,6,3167.79,0.2,784.51,Debit Card,Corporate
ORD-00692,2025-03-28,CUST-1084,Customer 1054,North,Telangana,Delhi,Furniture,Storage,Filing Cabinet,1,6098.64,0.08,1271.98,Net Banking,Consumer
ORD-00693,2025-07-06,CUST-1099,Customer 0552,West,Tamil Nadu,Mumbai,Technology,Accessories,Keyboard,2,2883.11,0.05,398.79,Net Banking,Small Business
ORD-00694,2025-04-24,CUST-0389,Customer 0584,West,Karnataka,Pune,Technology,Smartphones,Budget Phone,2,69886.55,0.2,13521.31,UPI,Corporate
ORD-00695,2025-05-02,CUST-0863,Customer 1002,West,Uttar Pradesh,Ahmedabad,Technology,Laptops,Ultrabook,3,152807.21,0.15,36256.35,Net Banking,Small Business
ORD-00696,2025-04-21,CUST-0044,Customer 0259,South,Telangana,Hyderabad,Furniture,Storage,Storage Box,5,64077.34,0.08,9205.04,Debit Card,Small Business
ORD-00697,2025-10-24,CUST-0578,Customer 0996,North,Tamil Nadu,Jaipur,Technology,Accessories,Keyboard,3,7300.48,0.0,1091.37,Net Banking,Consumer
ORD-00698,2026-03-16,CUST-0407,Customer 0971,South,Tamil Nadu,Chennai,Technology,Smartphones,Android Phone,10,735824.93,0.02,137314.4,Cash,Small Business
ORD-00699,2025-07-16,CUST-0300,Customer 0874,South,Karnataka,Chennai,Office Supplies,Writing,Notebook,1,158.43,0.08,24.98,Cash,Consumer
ORD-00700,2026-03-13,CUST-0982,Customer 0126,North,Uttar Pradesh,Delhi,Furniture,Tables,Side Table,4,49631.7,0.02,7937.08,Net Banking,Small Business
ORD-00701,2025-02-18,CUST-0373,Customer 0084,North,Karnataka,Chandigarh,Technology,Smartphones,Premium Phone,2,59764.27,0.08,7142.73,Credit Card,Small Business
ORD-00702,2026-05-19,CUST-0745,Customer 0685,East,Gujarat,Bhubaneswar,Furniture,Tables,Conference Table,1,27157.81,0.02,4492.1,Credit Card,Consumer
ORD-00703,2026-01-16,CUST-0488,Customer 0566,North,Maharashtra,Jaipur,Furniture,Tables,Side Table,4,90903.17,0.1,19561.92,Cash,Corporate
ORD-00704,2025-07-17,CUST-0913,Customer 0203,North,Tamil Nadu,Delhi,Technology,Accessories,USB Hub,1,2727.02,0.15,574.82,Cash,Small Business
ORD-00705,2026-07-18,CUST-0518,Customer 1148,East,Delhi,Guwahati,Office Supplies,Binders,Ring Binder,1,516.31,0.02,97.24,Debit Card,Corporate
ORD-00706,2026-09-06,CUST-0562,Customer 0265,North,Gujarat,Lucknow,Technology,Smartphones,Premium Phone,8,321501.96,0.2,26845.41,Credit Card,Small Business
ORD-00707,2026-06-06,CUST-0787,Customer 1152,North,Rajasthan,Jaipur,Office Supplies,Binders,Lever Arch Binder,5,3238.78,0.0,593.03,Net Banking,Small Business
ORD-00708,2026-06-10,CUST-0933,Customer 1032,East,Uttar Pradesh,Bhubaneswar,Technology,Laptops,Business Laptop,3,263677.04,0.0,58184.24,Debit Card,Corporate
ORD-00709,2025-02-10,CUST-0304,Customer 0569,South,Telangana,Hyderabad,Office Supplies,Binders,Presentation Folder,1,175.75,0.1,34.74,Debit Card,Consumer
ORD-00710,2026-12-24,CUST-1125,Customer 0541,South,Telangana,Chennai,Office Supplies,Paper,A4 Paper,4,3291.61,0.05,707.41,Net Banking,Small Business
ORD-00711,2025-01-17,CUST-1101,Customer 1195,East,Tamil Nadu,Guwahati,Technology,Accessories,Wireless Mouse,1,3997.31,0.05,432.82,Net Banking,Small Business
ORD-00712,2026-02-09,CUST-0319,Customer 0914,East,Maharashtra,Bhubaneswar,Furniture,Chairs,Ergonomic Chair,3,16876.57,0.2,4632.28,Net Banking,Corporate
ORD-00713,2026-05-18,CUST-0370,Customer 0578,South,Karnataka,Kochi,Technology,Smartphones,Android Phone,5,223123.84,0.02,24592.17,Debit Card,Consumer
ORD-00714,2026-10-23,CUST-0825,Customer 0206,South,Uttar Pradesh,Kochi,Office Supplies,Writing,Pen Set,1,120.6,0.02,29.07,UPI,Small Business
ORD-00715,2025-02-14,CUST-0271,Customer 0509,North,Tamil Nadu,Delhi,Furniture,Tables,Work Desk,1,6200.71,0.2,1463.41,Debit Card,Consumer
ORD-00716,2026-05-07,CUST-1153,Customer 0910,North,Telangana,Delhi,Technology,Accessories,USB Hub,5,20910.75,0.0,2349.77,Debit Card,Corporate
ORD-00717,2025-02-15,CUST-0211,Customer 1116,West,Gujarat,Pune,Technology,Laptops,Ultrabook,3,290709.27,0.0,24243.2,Credit Card,Small Business
ORD-00718,2025-08-20,CUST-0788,Customer 0231,West,West Bengal,Pune,Technology,Laptops,Business Laptop,2,117801.21,0.05,21776.54,UPI,Consumer
ORD-00719,2026-09-12,CUST-0310,Customer 0365,South,Rajasthan,Bengaluru,Furniture,Tables,Work Desk,1,20392.42,0.0,5734.46,Cash,Corporate
ORD-00720,2025-10-05,CUST-1023,Customer 0756,South,Gujarat,Kochi,Technology,Accessories,USB Hub,5,8820.93,0.05,1941.17,Credit Card,Consumer
ORD-00721,2025-04-26,CUST-1184,Customer 0876,South,Gujarat,Chennai,Furniture,Chairs,Ergonomic Chair,5,44621.98,0.08,11897.87,UPI,Consumer
ORD-00722,2026-09-09,CUST-0683,Customer 0284,East,Maharashtra,Bhubaneswar,Technology,Smartphones,Premium Phone,2,60027.09,0.15,14145.73,Net Banking,Corporate
ORD-00723,2026-12-12,CUST-0450,Customer 0179,West,Maharashtra,Surat,Office Supplies,Writing,Pen Set,3,878.97,0.08,224.48,Debit Card,Consumer
ORD-00724,2026-01-05,CUST-0286,Customer 0604,South,West Bengal,Bengaluru,Furniture,Storage,Bookshelf,6,86439.72,0.0,24552.78,UPI,Small Business
ORD-00725,2026-01-22,CUST-0054,Customer 0870,West,Delhi,Pune,Technology,Laptops,Business Laptop,1,85870.95,0.15,16541.67,Credit Card,Small Business
ORD-00726,2025-01-13,CUST-1166,Customer 0853,North,Telangana,Delhi,Furniture,Storage,Filing Cabinet,2,2845.2,0.0,466.92,UPI,Corporate
ORD-00727,2025-04-24,CUST-0320,Customer 0123,South,Karnataka,Hyderabad,Furniture,Tables,Side Table,5,57092.06,0.15,6986.79,Cash,Consumer
ORD-00728,2026-08-09,CUST-1028,Customer 0627,South,Maharashtra,Bengaluru,Furniture,Tables,Side Table,3,73200.43,0.15,19713.85,Net Banking,Consumer
ORD-00729,2025-07-08,CUST-1146,Customer 0159,East,West Bengal,Kolkata,Office Supplies,Binders,Ring Binder,2,1389.02,0.0,269.17,Net Banking,Corporate
ORD-00730,2026-01-07,CUST-0688,Customer 0058,West,Maharashtra,Surat,Technology,Laptops,Gaming Laptop,1,93498.54,0.0,9041.68,Debit Card,Consumer
ORD-00731,2025-02-03,CUST-0493,Customer 0552,North,Tamil Nadu,Delhi,Technology,Accessories,Wireless Mouse,2,7027.82,0.1,789.06,Cash,Small Business
ORD-00732,2026-02-12,CUST-1025,Customer 0400,North,Delhi,Lucknow,Technology,Laptops,Gaming Laptop,2,98782.56,0.05,19783.06,Net Banking,Small Business
ORD-00733,2025-06-03,CUST-0049,Customer 0783,East,West Bengal,Bhubaneswar,Office Supplies,Writing,Pen Set,6,1541.25,0.1,262.32,Cash,Consumer
ORD-00734,2025-08-09,CUST-0289,Customer 0330,East,Uttar Pradesh,Bhubaneswar,Technology,Accessories,Keyboard,3,2178.69,0.15,255.02,Cash,Small Business
ORD-00735,2026-12-31,CUST-0794,Customer 0490,East,Maharashtra,Patna,Technology,Smartphones,Premium Phone,5,176194.23,0.08,15223.55,Cash,Small Business
ORD-00736,2026-07-15,CUST-0179,Customer 1022,North,Tamil Nadu,Jaipur,Office Supplies,Writing,Markers,1,112.31,0.2,36.4,Net Banking,Corporate
ORD-00737,2026-04-17,CUST-0529,Customer 0970,South,Gujarat,Hyderabad,Technology,Laptops,Gaming Laptop,2,176476.74,0.0,19177.69,Net Banking,Small Business
ORD-00738,2026-11-28,CUST-0265,Customer 0903,South,Delhi,Bengaluru,Office Supplies,Binders,Ring Binder,2,719.03,0.08,231.1,Cash,Small Business
ORD-00739,2026-10-22,CUST-0117,Customer 0502,East,Uttar Pradesh,Guwahati,Technology,Accessories,Keyboard,2,4720.46,0.15,409.87,Credit Card,Consumer
ORD-00740,2026-11-17,CUST-0192,Customer 0715,North,West Bengal,Chandigarh,Furniture,Chairs,Visitor Chair,1,8270.07,0.08,2293.69,Net Banking,Small Business
ORD-00741,2025-07-24,CUST-0823,Customer 0674,West,Tamil Nadu,Mumbai,Technology,Laptops,Ultrabook,8,391008.28,0.08,79341.31,Debit Card,Corporate
ORD-00742,2026-04-27,CUST-0299,Customer 0438,West,Delhi,Pune,Office Supplies,Writing,Markers,3,407.38,0.1,73.8,Cash,Consumer
ORD-00743,2026-12-02,CUST-0867,Customer 0553,West,Gujarat,Mumbai,Furniture,Tables,Conference Table,1,10335.52,0.0,3012.56,UPI,Consumer
ORD-00744,2025-08-08,CUST-0532,Customer 0377,South,Karnataka,Bengaluru,Furniture,Tables,Work Desk,4,39866.94,0.2,7795.98,Credit Card,Corporate
ORD-00745,2025-06-14,CUST-0895,Customer 0727,East,Kerala,Guwahati,Technology,Laptops,Gaming Laptop,3,312243.18,0.1,59392.67,Net Banking,Consumer
ORD-00746,2025-11-21,CUST-0030,Customer 0309,South,West Bengal,Bengaluru,Office Supplies,Writing,Notebook,2,739.58,0.2,249.83,UPI,Corporate
ORD-00747,2025-05-09,CUST-0921,Customer 1185,East,Tamil Nadu,Kolkata,Office Supplies,Binders,Lever Arch Binder,1,475.23,0.08,160.94,Credit Card,Consumer
ORD-00748,2026-11-27,CUST-1182,Customer 0030,South,Delhi,Kochi,Office Supplies,Writing,Pen Set,1,443.53,0.02,151.01,Debit Card,Consumer
ORD-00749,2025-12-27,CUST-1111,Customer 0873,East,Uttar Pradesh,Guwahati,Office Supplies,Paper,Recycled Paper,10,6662.4,0.08,1546.19,Debit Card,Consumer
ORD-00750,2026-11-07,CUST-0896,Customer 0581,South,Kerala,Kochi,Furniture,Tables,Work Desk,1,17313.33,0.08,3266.7,Credit Card,Consumer
ORD-00751,2026-07-12,CUST-0205,Customer 0910,North,Uttar Pradesh,Delhi,Office Supplies,Paper,Recycled Paper,1,965.49,0.15,289.98,Cash,Consumer
ORD-00752,2025-05-08,CUST-0719,Customer 0951,East,Rajasthan,Patna,Technology,Laptops,Gaming Laptop,1,69095.27,0.2,10718.88,Net Banking,Consumer
ORD-00753,2026-03-01,CUST-0495,Customer 0009,East,Rajasthan,Bhubaneswar,Office Supplies,Binders,Lever Arch Binder,2,1285.9,0.2,425.03,Credit Card,Consumer
ORD-00754,2025-09-05,CUST-1139,Customer 0802,North,Maharashtra,Jaipur,Furniture,Storage,Storage Box,2,16918.63,0.1,5053.75,Cash,Small Business
ORD-00755,2025-11-22,CUST-1060,Customer 0325,West,Rajasthan,Mumbai,Office Supplies,Binders,Ring Binder,2,1447.57,0.15,267.43,UPI,Consumer
ORD-00756,2025-06-12,CUST-0661,Customer 0418,South,Tamil Nadu,Bengaluru,Office Supplies,Writing,Markers,3,1717.64,0.05,545.3,Credit Card,Consumer
ORD-00757,2025-01-26,CUST-0268,Customer 0930,West,Delhi,Mumbai,Office Supplies,Writing,Pen Set,4,388.99,0.0,102.83,UPI,Consumer
ORD-00758,2026-11-07,CUST-0106,Customer 0564,South,Tamil Nadu,Hyderabad,Technology,Accessories,Wireless Mouse,5,17334.67,0.08,3523.49,UPI,Small Business
ORD-00759,2025-04-06,CUST-0159,Customer 1013,North,Delhi,Delhi,Technology,Smartphones,Budget Phone,1,19908.16,0.05,4442.24,UPI,Corporate
ORD-00760,2026-01-20,CUST-0643,Customer 0924,North,Telangana,Lucknow,Technology,Smartphones,Android Phone,3,139696.34,0.02,26538.65,UPI,Corporate
ORD-00761,2026-05-11,CUST-1120,Customer 0011,North,Telangana,Jaipur,Office Supplies,Writing,Notebook,1,433.32,0.05,151.12,Cash,Small Business
ORD-00762,2026-01-09,CUST-0236,Customer 0445,East,Karnataka,Kolkata,Technology,Accessories,Wireless Mouse,3,6988.31,0.2,729.41,Debit Card,Consumer
ORD-00763,2026-07-19,CUST-0603,Customer 0957,South,West Bengal,Bengaluru,Office Supplies,Writing,Pen Set,3,737.72,0.0,162.08,Net Banking,Small Business
ORD-00764,2025-04-16,CUST-1196,Customer 0639,West,Telangana,Pune,Furniture,Chairs,Office Chair,6,75843.41,0.05,22232.5,UPI,Small Business
ORD-00765,2026-01-28,CUST-0880,Customer 0410,West,Kerala,Surat,Furniture,Tables,Side Table,5,106546.42,0.1,14848.38,Debit Card,Corporate
ORD-00766,2026-10-23,CUST-1087,Customer 0722,North,Rajasthan,Lucknow,Technology,Laptops,Ultrabook,2,115163.59,0.1,24445.76,Credit Card,Consumer
ORD-00767,2025-11-18,CUST-0251,Customer 0020,South,Delhi,Hyderabad,Furniture,Chairs,Ergonomic Chair,1,6345.78,0.05,1186.37,Credit Card,Small Business
ORD-00768,2025-08-06,CUST-1080,Customer 0446,East,Tamil Nadu,Bhubaneswar,Furniture,Storage,Bookshelf,3,37487.47,0.08,6412.25,Cash,Corporate
ORD-00769,2026-05-26,CUST-0096,Customer 0563,North,Rajasthan,Lucknow,Office Supplies,Binders,Lever Arch Binder,1,750.72,0.0,233.13,Credit Card,Consumer
ORD-00770,2026-08-13,CUST-0010,Customer 0946,West,Gujarat,Pune,Office Supplies,Binders,Presentation Folder,3,1157.92,0.05,177.82,UPI,Corporate
ORD-00771,2025-11-05,CUST-0563,Customer 0650,North,Delhi,Delhi,Furniture,Storage,Filing Cabinet,1,1577.89,0.2,307.24,Net Banking,Consumer
ORD-00772,2025-05-05,CUST-0766,Customer 0211,East,Karnataka,Patna,Office Supplies,Paper,Premium Paper,10,4908.4,0.08,1569.38,UPI,Consumer
ORD-00773,2026-01-13,CUST-1101,Customer 0011,North,Karnataka,Jaipur,Technology,Smartphones,Budget Phone,2,129740.99,0.0,14347.48,Debit Card,Consumer
ORD-00774,2026-12-17,CUST-0349,Customer 0283,North,Kerala,Delhi,Furniture,Chairs,Ergonomic Chair,3,19055.84,0.2,3588.6,Net Banking,Consumer
ORD-00775,2026-08-15,CUST-0979,Customer 1004,South,Gujarat,Hyderabad,Technology,Accessories,Keyboard,4,12117.84,0.1,1992.35,Debit Card,Small Business
ORD-00776,2026-11-07,CUST-0422,Customer 0160,West,Tamil Nadu,Pune,Technology,Smartphones,Premium Phone,2,102289.34,0.2,22468.83,Net Banking,Consumer
ORD-00777,2026-08-28,CUST-1081,Customer 1053,South,Delhi,Bengaluru,Office Supplies,Paper,Premium Paper,1,1027.59,0.0,224.11,Debit Card,Small Business
ORD-00778,2026-06-10,CUST-0416,Customer 0820,West,Maharashtra,Pune,Office Supplies,Paper,A4 Paper,2,842.44,0.08,272.59,Credit Card,Corporate
ORD-00779,2025-09-04,CUST-0034,Customer 0944,West,Telangana,Pune,Office Supplies,Binders,Presentation Folder,1,618.71,0.0,185.0,Debit Card,Consumer
ORD-00780,2026-02-11,CUST-1029,Customer 0883,West,Uttar Pradesh,Surat,Furniture,Tables,Work Desk,1,25919.34,0.08,4099.71,Debit Card,Consumer
ORD-00781,2025-07-13,CUST-0825,Customer 0362,West,Kerala,Ahmedabad,Furniture,Chairs,Office Chair,4,46843.92,0.08,7256.48,Debit Card,Small Business
ORD-00782,2025-02-06,CUST-1179,Customer 0546,West,Maharashtra,Surat,Technology,Accessories,Wireless Mouse,8,26723.05,0.02,2630.35,Credit Card,Small Business
ORD-00783,2026-12-10,CUST-0550,Customer 1015,North,Maharashtra,Chandigarh,Technology,Accessories,USB Hub,2,7442.41,0.0,857.23,UPI,Consumer
ORD-00784,2026-09-30,CUST-0977,Customer 0626,East,Maharashtra,Guwahati,Office Supplies,Writing,Markers,1,481.51,0.1,159.65,UPI,Corporate
ORD-00785,2025-01-22,CUST-0364,Customer 0541,North,Tamil Nadu,Jaipur,Technology,Smartphones,Premium Phone,1,20565.55,0.08,3053.32,UPI,Small Business
ORD-00786,2025-01-18,CUST-1162,Customer 0596,North,Maharashtra,Chandigarh,Furniture,Storage,Filing Cabinet,2,15672.61,0.0,2008.16,Cash,Small Business
ORD-00787,2026-07-13,CUST-0528,Customer 0997,South,Gujarat,Chennai,Technology,Laptops,Gaming Laptop,2,193737.18,0.08,38276.73,Debit Card,Corporate
ORD-00788,2026-09-03,CUST-0992,Customer 0231,North,Gujarat,Chandigarh,Furniture,Storage,Bookshelf,4,43133.48,0.2,11892.89,Cash,Small Business
ORD-00789,2026-12-14,CUST-0883,Customer 0737,North,Maharashtra,Jaipur,Furniture,Chairs,Visitor Chair,2,35822.61,0.0,5874.41,Credit Card,Consumer
ORD-00790,2026-11-27,CUST-0715,Customer 0679,West,Rajasthan,Mumbai,Furniture,Storage,Storage Box,6,46595.68,0.1,7058.85,Cash,Corporate
ORD-00791,2026-04-11,CUST-1161,Customer 0711,East,Gujarat,Guwahati,Technology,Laptops,Ultrabook,2,151210.49,0.1,15071.72,Credit Card,Consumer
ORD-00792,2025-11-07,CUST-0998,Customer 0591,West,Tamil Nadu,Pune,Furniture,Storage,Filing Cabinet,2,14984.29,0.1,3589.9,Debit Card,Consumer
ORD-00793,2026-11-08,CUST-0002,Customer 0103,West,Gujarat,Mumbai,Technology,Smartphones,Budget Phone,3,63032.43,0.0,9382.48,UPI,Corporate
ORD-00794,2025-03-24,CUST-0596,Customer 0449,East,Karnataka,Bhubaneswar,Technology,Accessories,Keyboard,4,4202.19,0.08,729.65,Net Banking,Corporate
ORD-00795,2026-08-01,CUST-0893,Customer 0661,South,Kerala,Kochi,Furniture,Tables,Work Desk,6,147559.54,0.1,25960.51,UPI,Small Business
ORD-00796,2026-10-06,CUST-0945,Customer 1118,South,Telangana,Hyderabad,Technology,Smartphones,Budget Phone,2,50473.86,0.05,8614.19,Net Banking,Corporate
ORD-00797,2025-12-29,CUST-0876,Customer 0956,North,Rajasthan,Jaipur,Office Supplies,Binders,Presentation Folder,6,1788.1,0.15,396.09,Net Banking,Corporate
ORD-00798,2026-01-18,CUST-0261,Customer 1113,North,Kerala,Delhi,Furniture,Chairs,Office Chair,2,23967.13,0.02,5379.61,Debit Card,Consumer
ORD-00799,2025-02-25,CUST-0174,Customer 0113,West,Gujarat,Pune,Furniture,Storage,Filing Cabinet,4,26925.51,0.1,5461.56,Credit Card,Corporate
ORD-00800,2026-06-08,CUST-0109,Customer 0420,North,Uttar Pradesh,Chandigarh,Office Supplies,Binders,Presentation Folder,1,310.29,0.15,82.82,UPI,Small Business
ORD-00801,2025-01-07,CUST-0994,Customer 0412,West,Tamil Nadu,Pune,Technology,Accessories,USB Hub,2,8236.79,0.05,1606.69,Credit Card,Consumer
ORD-00802,2026-02-05,CUST-0114,Customer 0250,South,Gujarat,Bengaluru,Office Supplies,Paper,A4 Paper,3,1065.79,0.2,267.68,Net Banking,Corporate
ORD-00803,2025-05-30,CUST-0045,Customer 0379,South,Telangana,Chennai,Office Supplies,Binders,Presentation Folder,5,2902.75,0.1,506.93,UPI,Consumer
ORD-00804,2025-10-09,CUST-0802,Customer 0791,South,Tamil Nadu,Kochi,Furniture,Tables,Conference Table,8,159626.54,0.08,29709.87,Net Banking,Corporate
ORD-00805,2026-10-23,CUST-0911,Customer 0088,West,Delhi,Pune,Technology,Smartphones,Premium Phone,2,37384.62,0.1,4801.75,UPI,Corporate
ORD-00806,2026-12-25,CUST-1076,Customer 0800,West,Uttar Pradesh,Ahmedabad,Technology,Laptops,Gaming Laptop,5,404484.6,0.02,54934.45,Credit Card,Consumer
ORD-00807,2026-11-06,CUST-0621,Customer 0807,South,Tamil Nadu,Hyderabad,Office Supplies,Writing,Notebook,4,929.15,0.2,165.4,Net Banking,Corporate
ORD-00808,2026-08-26,CUST-1190,Customer 0713,West,Kerala,Pune,Office Supplies,Writing,Notebook,3,1648.6,0.02,477.36,Cash,Corporate
ORD-00809,2026-05-03,CUST-0663,Customer 0475,North,Maharashtra,Delhi,Technology,Accessories,Wireless Mouse,4,5677.02,0.08,1302.75,Credit Card,Consumer
ORD-00810,2026-01-19,CUST-0061,Customer 0357,West,Delhi,Surat,Technology,Laptops,Ultrabook,1,54218.35,0.15,4969.71,Credit Card,Small Business
ORD-00811,2025-10-20,CUST-0462,Customer 0413,West,Telangana,Surat,Technology,Accessories,USB Hub,1,2763.78,0.08,414.57,Net Banking,Small Business
ORD-00812,2025-01-06,CUST-0737,Customer 0836,South,Kerala,Bengaluru,Office Supplies,Paper,Recycled Paper,1,1161.84,0.0,362.5,Cash,Consumer
ORD-00813,2026-05-01,CUST-1026,Customer 0722,East,Delhi,Bhubaneswar,Office Supplies,Writing,Notebook,3,1147.64,0.2,219.77,Cash,Small Business
ORD-00814,2026-06-14,CUST-0611,Customer 0207,South,Tamil Nadu,Bengaluru,Furniture,Tables,Side Table,1,14402.96,0.0,2058.11,Net Banking,Consumer
ORD-00815,2025-06-11,CUST-0590,Customer 0154,North,Uttar Pradesh,Chandigarh,Technology,Laptops,Gaming Laptop,2,194089.85,0.15,26641.71,Cash,Consumer
ORD-00816,2025-09-27,CUST-0062,Customer 0067,East,Delhi,Patna,Office Supplies,Paper,Recycled Paper,1,839.63,0.08,283.28,Net Banking,Corporate
ORD-00817,2025-03-05,CUST-0483,Customer 1011,South,Tamil Nadu,Hyderabad,Technology,Laptops,Business Laptop,4,275300.96,0.2,51242.81,Cash,Small Business
ORD-00818,2025-05-13,CUST-0555,Customer 0086,North,Tamil Nadu,Chandigarh,Technology,Smartphones,Budget Phone,6,356227.88,0.1,55786.51,Credit Card,Corporate
ORD-00819,2025-02-26,CUST-0054,Customer 0402,South,Uttar Pradesh,Hyderabad,Furniture,Tables,Conference Table,5,120238.88,0.02,14892.76,Cash,Corporate
ORD-00820,2025-04-29,CUST-0897,Customer 0242,North,Kerala,Lucknow,Technology,Smartphones,Premium Phone,2,115491.57,0.08,19394.17,Debit Card,Corporate
ORD-00821,2026-07-04,CUST-1164,Customer 0094,South,Karnataka,Hyderabad,Furniture,Chairs,Office Chair,3,19052.67,0.02,3702.92,UPI,Consumer
ORD-00822,2025-09-08,CUST-0599,Customer 0266,North,Kerala,Delhi,Technology,Smartphones,Android Phone,2,58733.11,0.1,10855.84,Net Banking,Corporate
ORD-00823,2025-08-14,CUST-0909,Customer 0620,North,Delhi,Delhi,Technology,Smartphones,Budget Phone,4,86489.12,0.2,11858.81,Cash,Corporate
ORD-00824,2026-09-29,CUST-0996,Customer 0573,South,Tamil Nadu,Hyderabad,Furniture,Storage,Storage Box,1,7404.38,0.08,1828.81,UPI,Consumer
ORD-00825,2025-08-29,CUST-0902,Customer 0930,South,Tamil Nadu,Hyderabad,Office Supplies,Writing,Pen Set,4,499.53,0.2,89.11,Credit Card,Corporate
ORD-00826,2026-09-17,CUST-0787,Customer 1015,North,Karnataka,Chandigarh,Furniture,Storage,Bookshelf,8,41646.24,0.0,7089.72,Net Banking,Corporate
ORD-00827,2025-02-02,CUST-1110,Customer 0713,West,Karnataka,Mumbai,Technology,Laptops,Gaming Laptop,2,117664.02,0.0,21846.02,Cash,Corporate
ORD-00828,2025-02-28,CUST-0224,Customer 1134,East,Rajasthan,Bhubaneswar,Technology,Smartphones,Budget Phone,2,133463.44,0.08,27389.1,Debit Card,Small Business
ORD-00829,2025-09-01,CUST-0271,Customer 0032,West,Gujarat,Surat,Office Supplies,Writing,Notebook,2,1024.49,0.08,249.43,Debit Card,Consumer
ORD-00830,2026-10-31,CUST-0026,Customer 0255,South,Gujarat,Hyderabad,Furniture,Storage,Bookshelf,2,2926.93,0.05,698.55,Cash,Small Business
ORD-00831,2026-05-07,CUST-1140,Customer 0447,East,Rajasthan,Guwahati,Technology,Smartphones,Premium Phone,1,13260.47,0.0,3110.13,Credit Card,Small Business
ORD-00832,2025-10-10,CUST-0532,Customer 1014,North,Telangana,Chandigarh,Office Supplies,Writing,Markers,2,1274.98,0.05,386.57,UPI,Small Business
ORD-00833,2026-03-27,CUST-1188,Customer 0650,South,Karnataka,Chennai,Office Supplies,Writing,Pen Set,4,879.09,0.02,252.2,Cash,Small Business
ORD-00834,2025-02-15,CUST-0481,Customer 0717,South,Tamil Nadu,Bengaluru,Office Supplies,Binders,Lever Arch Binder,5,451.58,0.2,99.65,Credit Card,Small Business
ORD-00835,2026-03-02,CUST-0147,Customer 0874,West,Gujarat,Mumbai,Office Supplies,Paper,A4 Paper,3,1065.22,0.2,335.05,UPI,Consumer
ORD-00836,2025-06-14,CUST-0755,Customer 0092,East,Gujarat,Guwahati,Furniture,Tables,Side Table,8,109195.97,0.05,25327.45,UPI,Small Business
ORD-00837,2026-12-31,CUST-0705,Customer 0441,North,Rajasthan,Delhi,Office Supplies,Paper,Premium Paper,5,3308.65,0.1,1014.74,Cash,Consumer
ORD-00838,2026-08-12,CUST-1123,Customer 0857,South,Uttar Pradesh,Kochi,Office Supplies,Paper,A4 Paper,10,10446.25,0.1,2618.87,Credit Card,Small Business
ORD-00839,2025-09-07,CUST-0674,Customer 0498,North,Delhi,Lucknow,Office Supplies,Writing,Notebook,2,565.49,0.2,149.88,UPI,Corporate
ORD-00840,2026-07-28,CUST-1036,Customer 0157,East,Delhi,Kolkata,Office Supplies,Paper,Premium Paper,6,5393.1,0.05,894.92,Net Banking,Small Business
ORD-00841,2026-02-22,CUST-1198,Customer 0283,South,Kerala,Kochi,Furniture,Chairs,Visitor Chair,10,138755.85,0.1,22768.43,Debit Card,Corporate
ORD-00842,2025-07-22,CUST-0369,Customer 0930,East,Karnataka,Guwahati,Technology,Laptops,Gaming Laptop,10,689190.25,0.1,109630.9,UPI,Consumer
ORD-00843,2025-01-25,CUST-0342,Customer 0150,West,Telangana,Ahmedabad,Office Supplies,Writing,Markers,1,540.57,0.0,171.24,Cash,Small Business
ORD-00844,2025-12-11,CUST-0221,Customer 0093,West,Tamil Nadu,Surat,Furniture,Chairs,Ergonomic Chair,2,25562.47,0.05,3615.18,Debit Card,Corporate
ORD-00845,2026-08-27,CUST-1044,Customer 0172,West,Telangana,Surat,Office Supplies,Binders,Lever Arch Binder,4,2400.84,0.15,448.21,Credit Card,Small Business
ORD-00846,2025-04-10,CUST-0476,Customer 0609,East,West Bengal,Patna,Furniture,Tables,Conference Table,4,35788.61,0.05,10380.78,Debit Card,Consumer
ORD-00847,2025-08-04,CUST-0882,Customer 1064,West,Gujarat,Ahmedabad,Furniture,Tables,Conference Table,8,191460.04,0.0,51027.49,Cash,Small Business
ORD-00848,2025-06-23,CUST-0591,Customer 0532,East,Kerala,Kolkata,Furniture,Tables,Work Desk,2,14653.35,0.08,2348.26,Credit Card,Consumer
ORD-00849,2025-02-10,CUST-1106,Customer 1102,East,Maharashtra,Bhubaneswar,Technology,Laptops,Ultrabook,4,431637.0,0.0,75857.03,Credit Card,Corporate
ORD-00850,2025-10-30,CUST-0225,Customer 0246,North,West Bengal,Chandigarh,Technology,Smartphones,Budget Phone,2,84543.99,0.02,18005.0,Net Banking,Corporate
ORD-00851,2025-08-16,CUST-0153,Customer 0670,East,Telangana,Kolkata,Technology,Smartphones,Budget Phone,8,389223.92,0.2,36061.88,Cash,Corporate
ORD-00852,2025-02-09,CUST-0888,Customer 0206,East,Uttar Pradesh,Patna,Office Supplies,Writing,Notebook,1,422.19,0.15,89.91,Debit Card,Consumer
ORD-00853,2026-04-27,CUST-0311,Customer 0993,North,Telangana,Delhi,Technology,Laptops,Ultrabook,8,497866.62,0.15,55416.8,Net Banking,Corporate
ORD-00854,2026-05-18,CUST-1143,Customer 0428,South,Telangana,Chennai,Office Supplies,Paper,Recycled Paper,4,4257.2,0.0,1008.38,Credit Card,Corporate
ORD-00855,2025-11-04,CUST-0475,Customer 0599,East,West Bengal,Patna,Office Supplies,Writing,Pen Set,3,1212.23,0.15,413.21,Net Banking,Small Business
ORD-00856,2026-03-06,CUST-0916,Customer 0667,West,Maharashtra,Ahmedabad,Office Supplies,Binders,Lever Arch Binder,1,141.78,0.2,42.93,Net Banking,Consumer
ORD-00857,2026-05-11,CUST-1002,Customer 0844,South,Maharashtra,Kochi,Furniture,Storage,Filing Cabinet,2,11497.56,0.02,2980.89,Credit Card,Corporate
ORD-00858,2026-03-29,CUST-0871,Customer 0817,East,Gujarat,Bhubaneswar,Furniture,Chairs,Visitor Chair,2,27696.26,0.05,5373.66,Credit Card,Corporate
ORD-00859,2026-07-03,CUST-0423,Customer 0226,West,Kerala,Pune,Furniture,Storage,Filing Cabinet,2,9574.47,0.1,2657.99,Cash,Corporate
ORD-00860,2026-07-21,CUST-0130,Customer 0101,South,Uttar Pradesh,Bengaluru,Office Supplies,Paper,Premium Paper,4,1275.81,0.05,387.04,UPI,Corporate
ORD-00861,2025-08-09,CUST-1133,Customer 0510,South,Karnataka,Chennai,Office Supplies,Binders,Presentation Folder,5,1346.47,0.05,291.24,Credit Card,Consumer
ORD-00862,2025-09-11,CUST-0070,Customer 0558,North,Tamil Nadu,Lucknow,Furniture,Chairs,Office Chair,1,6159.39,0.15,1595.49,Net Banking,Small Business
ORD-00863,2026-03-02,CUST-0042,Customer 0031,West,Uttar Pradesh,Pune,Office Supplies,Binders,Ring Binder,3,411.12,0.15,124.35,Cash,Consumer
ORD-00864,2025-10-08,CUST-0940,Customer 0416,North,Tamil Nadu,Lucknow,Technology,Accessories,Keyboard,2,6853.5,0.15,573.97,Debit Card,Small Business
ORD-00865,2026-12-21,CUST-1093,Customer 1038,West,Maharashtra,Surat,Furniture,Tables,Work Desk,2,20057.02,0.05,4151.86,Net Banking,Consumer
ORD-00866,2025-08-26,CUST-0916,Customer 0758,West,West Bengal,Surat,Furniture,Storage,Storage Box,1,2516.26,0.0,481.92,Cash,Consumer
ORD-00867,2026-08-31,CUST-0512,Customer 0172,East,Telangana,Guwahati,Technology,Accessories,Wireless Mouse,1,743.4,0.2,171.53,Net Banking,Small Business
ORD-00868,2025-11-26,CUST-1158,Customer 0833,West,Karnataka,Pune,Technology,Smartphones,Premium Phone,4,134610.17,0.2,14012.64,Debit Card,Small Business
ORD-00869,2026-06-11,CUST-1137,Customer 0167,South,Tamil Nadu,Kochi,Office Supplies,Binders,Lever Arch Binder,2,1596.35,0.08,465.77,Net Banking,Small Business
ORD-00870,2025-04-27,CUST-0080,Customer 0869,North,West Bengal,Lucknow,Technology,Laptops,Business Laptop,1,82315.52,0.02,12348.66,UPI,Small Business
ORD-00871,2026-11-24,CUST-0556,Customer 1071,West,Delhi,Pune,Office Supplies,Writing,Markers,2,602.84,0.08,210.48,Cash,Corporate
ORD-00872,2026-09-12,CUST-0515,Customer 0967,South,West Bengal,Chennai,Furniture,Storage,Storage Box,3,9849.29,0.15,1840.1,UPI,Corporate
ORD-00873,2025-01-06,CUST-0639,Customer 0385,South,Maharashtra,Chennai,Office Supplies,Writing,Markers,2,168.73,0.02,41.19,Credit Card,Small Business
ORD-00874,2025-08-20,CUST-0707,Customer 0029,West,Maharashtra,Ahmedabad,Technology,Laptops,Ultrabook,1,76144.45,0.05,13844.2,Debit Card,Corporate
ORD-00875,2025-03-21,CUST-0313,Customer 0211,West,Maharashtra,Ahmedabad,Furniture,Storage,Bookshelf,3,35904.79,0.15,8569.98,Debit Card,Consumer
ORD-00876,2026-08-30,CUST-0568,Customer 0970,East,Maharashtra,Kolkata,Technology,Accessories,USB Hub,2,6123.12,0.1,1246.16,UPI,Consumer
ORD-00877,2025-02-23,CUST-0281,Customer 1048,South,West Bengal,Chennai,Technology,Accessories,Wireless Mouse,3,3435.0,0.0,452.51,Net Banking,Small Business
ORD-00878,2026-05-01,CUST-0728,Customer 0639,West,Uttar Pradesh,Ahmedabad,Furniture,Storage,Filing Cabinet,2,6993.31,0.2,1324.5,Debit Card,Small Business
ORD-00879,2026-12-13,CUST-0514,Customer 0247,North,Uttar Pradesh,Jaipur,Technology,Accessories,Keyboard,5,16654.79,0.1,2509.27,Net Banking,Small Business
ORD-00880,2026-07-28,CUST-0392,Customer 0784,East,Delhi,Bhubaneswar,Technology,Smartphones,Premium Phone,2,125606.44,0.08,14344.86,UPI,Small Business
ORD-00881,2026-01-13,CUST-0520,Customer 1030,North,Karnataka,Jaipur,Furniture,Tables,Side Table,3,28135.81,0.05,3852.9,Cash,Corporate
ORD-00882,2025-02-28,CUST-1172,Customer 0063,North,West Bengal,Chandigarh,Office Supplies,Binders,Lever Arch Binder,4,513.51,0.05,105.18,Cash,Small Business
ORD-00883,2026-01-14,CUST-0060,Customer 0314,West,Telangana,Surat,Technology,Smartphones,Budget Phone,4,242785.24,0.2,23458.39,UPI,Consumer
ORD-00884,2025-07-18,CUST-0035,Customer 0682,West,Delhi,Mumbai,Technology,Smartphones,Budget Phone,2,102197.01,0.2,17072.35,UPI,Small Business
ORD-00885,2026-05-29,CUST-0303,Customer 0547,East,Tamil Nadu,Kolkata,Office Supplies,Binders,Lever Arch Binder,4,3080.69,0.0,580.98,UPI,Corporate
ORD-00886,2025-01-04,CUST-0638,Customer 0561,North,Uttar Pradesh,Chandigarh,Office Supplies,Paper,Recycled Paper,1,620.66,0.15,197.63,Debit Card,Consumer
ORD-00887,2025-07-06,CUST-0177,Customer 0381,East,Delhi,Patna,Office Supplies,Writing,Pen Set,3,1293.11,0.0,431.38,Cash,Small Business
ORD-00888,2025-11-12,CUST-0392,Customer 0272,North,Gujarat,Jaipur,Technology,Laptops,Ultrabook,1,62126.26,0.15,14346.07,Credit Card,Corporate
ORD-00889,2025-07-24,CUST-0363,Customer 0605,East,Gujarat,Bhubaneswar,Furniture,Chairs,Visitor Chair,2,15156.9,0.02,2563.09,Net Banking,Corporate
ORD-00890,2026-12-05,CUST-0350,Customer 0076,North,Kerala,Lucknow,Furniture,Storage,Bookshelf,4,21653.23,0.08,5831.43,Net Banking,Consumer
ORD-00891,2026-07-19,CUST-0551,Customer 0186,South,Uttar Pradesh,Kochi,Furniture,Storage,Storage Box,1,10325.63,0.15,3039.12,UPI,Corporate
ORD-00892,2026-08-24,CUST-0662,Customer 0763,South,Kerala,Kochi,Furniture,Chairs,Office Chair,3,29685.03,0.08,4309.28,Net Banking,Small Business
ORD-00893,2025-12-09,CUST-0690,Customer 0206,North,Telangana,Chandigarh,Office Supplies,Paper,Recycled Paper,6,3474.73,0.02,814.07,Debit Card,Corporate
ORD-00894,2026-03-22,CUST-0818,Customer 0970,South,Maharashtra,Kochi,Office Supplies,Paper,A4 Paper,3,1801.06,0.1,477.63,Debit Card,Small Business
ORD-00895,2026-06-04,CUST-0221,Customer 0863,East,Rajasthan,Guwahati,Furniture,Storage,Bookshelf,8,40787.02,0.02,10497.4,Debit Card,Small Business
ORD-00896,2025-07-23,CUST-1164,Customer 0286,West,Telangana,Mumbai,Technology,Accessories,Wireless Mouse,6,23718.02,0.15,5475.43,Debit Card,Consumer
ORD-00897,2025-06-26,CUST-0618,Customer 0630,North,Tamil Nadu,Chandigarh,Technology,Smartphones,Premium Phone,3,104314.26,0.15,10806.81,UPI,Consumer
ORD-00898,2026-05-04,CUST-0327,Customer 0706,South,Tamil Nadu,Kochi,Technology,Accessories,Wireless Mouse,3,2864.69,0.2,400.72,Net Banking,Small Business
ORD-00899,2026-02-01,CUST-0264,Customer 0652,West,Telangana,Pune,Furniture,Storage,Bookshelf,4,40444.35,0.2,11528.7,Net Banking,Corporate
ORD-00900,2025-01-28,CUST-0455,Customer 0365,East,Maharashtra,Patna,Office Supplies,Binders,Presentation Folder,3,401.18,0.15,138.02,Debit Card,Corporate
ORD-00901,2025-02-15,CUST-0433,Customer 0619,East,Rajasthan,Kolkata,Office Supplies,Writing,Markers,4,2536.41,0.02,634.08,Credit Card,Corporate
ORD-00902,2026-03-08,CUST-0368,Customer 0335,West,Rajasthan,Pune,Furniture,Chairs,Ergonomic Chair,4,28212.28,0.08,3562.33,Cash,Consumer
ORD-00903,2025-06-14,CUST-0654,Customer 0264,West,Kerala,Mumbai,Furniture,Storage,Storage Box,5,9678.69,0.2,2567.22,Cash,Corporate
ORD-00904,2026-10-12,CUST-0238,Customer 0923,West,Uttar Pradesh,Mumbai,Furniture,Storage,Storage Box,4,25170.62,0.05,4945.94,Debit Card,Corporate
ORD-00905,2025-01-08,CUST-0691,Customer 0529,East,Maharashtra,Guwahati,Technology,Laptops,Gaming Laptop,2,144293.23,0.15,13390.62,Cash,Small Business
ORD-00906,2026-09-06,CUST-0757,Customer 0517,West,Rajasthan,Surat,Technology,Smartphones,Premium Phone,5,68579.77,0.08,9514.53,Debit Card,Small Business
ORD-00907,2026-10-14,CUST-0073,Customer 0229,East,Delhi,Kolkata,Office Supplies,Binders,Ring Binder,2,615.65,0.08,132.32,Credit Card,Small Business
ORD-00908,2025-10-09,CUST-0708,Customer 0939,West,Kerala,Pune,Technology,Laptops,Ultrabook,4,177116.01,0.15,28152.95,UPI,Small Business
ORD-00909,2025-04-14,CUST-0783,Customer 1050,West,Tamil Nadu,Mumbai,Technology,Smartphones,Premium Phone,3,37727.2,0.15,6868.25,Debit Card,Small Business
ORD-00910,2025-03-23,CUST-0888,Customer 0239,East,Maharashtra,Patna,Furniture,Chairs,Office Chair,2,29334.15,0.15,7441.58,Cash,Corporate
ORD-00911,2026-12-07,CUST-0381,Customer 0567,East,Uttar Pradesh,Bhubaneswar,Office Supplies,Paper,Premium Paper,1,731.1,0.08,149.84,Credit Card,Small Business
ORD-00912,2025-05-13,CUST-0563,Customer 0547,West,West Bengal,Pune,Office Supplies,Binders,Lever Arch Binder,1,83.23,0.2,19.38,Cash,Small Business
ORD-00913,2026-12-31,CUST-0944,Customer 0862,East,Kerala,Kolkata,Technology,Laptops,Business Laptop,1,88358.07,0.1,11137.8,Debit Card,Small Business
ORD-00914,2026-05-26,CUST-0432,Customer 1091,West,Telangana,Surat,Office Supplies,Paper,Premium Paper,2,1055.36,0.08,190.34,Net Banking,Corporate
ORD-00915,2026-06-27,CUST-0757,Customer 0623,West,Gujarat,Mumbai,Office Supplies,Writing,Pen Set,3,1343.66,0.05,223.88,Debit Card,Corporate
ORD-00916,2025-01-24,CUST-0582,Customer 1140,West,West Bengal,Mumbai,Technology,Accessories,USB Hub,2,2300.56,0.08,336.95,UPI,Corporate
ORD-00917,2025-07-02,CUST-0326,Customer 0822,South,Uttar Pradesh,Kochi,Office Supplies,Paper,A4 Paper,1,625.96,0.0,165.35,Net Banking,Corporate
ORD-00918,2026-10-11,CUST-0651,Customer 1029,South,Uttar Pradesh,Kochi,Office Supplies,Binders,Lever Arch Binder,3,1826.82,0.15,597.28,Cash,Corporate
ORD-00919,2025-10-23,CUST-0007,Customer 1091,South,Delhi,Kochi,Furniture,Tables,Conference Table,3,61568.31,0.2,9356.71,Net Banking,Small Business
ORD-00920,2026-09-26,CUST-0460,Customer 0284,South,Kerala,Bengaluru,Furniture,Storage,Storage Box,2,13432.66,0.02,3150.7,Cash,Small Business
ORD-00921,2026-01-15,CUST-0047,Customer 0798,North,Uttar Pradesh,Lucknow,Technology,Smartphones,Budget Phone,3,83478.06,0.08,15818.93,Cash,Consumer
ORD-00922,2025-10-28,CUST-0133,Customer 0064,South,Maharashtra,Kochi,Furniture,Storage,Filing Cabinet,6,20303.37,0.02,3615.83,Cash,Corporate
ORD-00923,2025-04-24,CUST-0679,Customer 0327,West,Maharashtra,Pune,Office Supplies,Writing,Markers,5,3190.66,0.08,797.8,Net Banking,Small Business
ORD-00924,2025-03-14,CUST-0855,Customer 0533,North,Uttar Pradesh,Delhi,Office Supplies,Paper,Recycled Paper,5,4107.93,0.08,1324.54,Credit Card,Small Business
ORD-00925,2025-02-10,CUST-0745,Customer 0819,North,Uttar Pradesh,Lucknow,Furniture,Storage,Filing Cabinet,2,8162.37,0.2,2044.89,Net Banking,Corporate
ORD-00926,2026-11-04,CUST-0696,Customer 0291,North,Maharashtra,Delhi,Technology,Smartphones,Budget Phone,1,65670.96,0.02,9104.25,Net Banking,Consumer
ORD-00927,2025-09-24,CUST-0702,Customer 0605,East,West Bengal,Kolkata,Furniture,Storage,Storage Box,6,11244.1,0.08,2872.31,Debit Card,Corporate
ORD-00928,2026-08-01,CUST-0743,Customer 0597,East,Gujarat,Guwahati,Office Supplies,Paper,A4 Paper,2,765.62,0.02,249.62,UPI,Small Business
ORD-00929,2026-09-15,CUST-0599,Customer 0787,East,Gujarat,Patna,Office Supplies,Binders,Presentation Folder,4,1142.07,0.15,200.67,UPI,Consumer
ORD-00930,2026-06-14,CUST-0832,Customer 0977,South,Kerala,Hyderabad,Technology,Accessories,Wireless Mouse,4,5669.14,0.15,1242.89,UPI,Corporate
ORD-00931,2026-05-09,CUST-0360,Customer 0992,South,Rajasthan,Hyderabad,Office Supplies,Binders,Lever Arch Binder,3,2329.44,0.02,755.1,Credit Card,Small Business
ORD-00932,2025-05-03,CUST-0404,Customer 0731,North,West Bengal,Chandigarh,Technology,Smartphones,Android Phone,2,45399.41,0.2,8925.61,Net Banking,Small Business
ORD-00933,2026-06-04,CUST-0138,Customer 0556,North,Uttar Pradesh,Jaipur,Office Supplies,Paper,Premium Paper,2,1762.06,0.0,599.82,Cash,Small Business
ORD-00934,2026-10-29,CUST-0502,Customer 0468,North,West Bengal,Delhi,Furniture,Storage,Storage Box,2,7601.73,0.15,1162.18,UPI,Consumer
ORD-00935,2025-03-04,CUST-0426,Customer 0467,East,Maharashtra,Guwahati,Technology,Accessories,Wireless Mouse,6,22344.1,0.02,3655.7,Cash,Small Business
ORD-00936,2026-03-29,CUST-0171,Customer 0975,West,Maharashtra,Surat,Technology,Accessories,Wireless Mouse,4,7584.66,0.02,1187.21,Credit Card,Small Business
ORD-00937,2026-03-30,CUST-0399,Customer 0935,South,Karnataka,Kochi,Furniture,Storage,Filing Cabinet,5,45719.95,0.0,11411.55,Debit Card,Corporate
ORD-00938,2026-06-29,CUST-0510,Customer 0699,East,Gujarat,Patna,Office Supplies,Paper,Premium Paper,3,1866.42,0.15,391.81,Cash,Small Business
ORD-00939,2025-06-17,CUST-0367,Customer 0135,East,Rajasthan,Patna,Technology,Laptops,Gaming Laptop,6,245639.5,0.1,38143.15,Debit Card,Consumer
ORD-00940,2025-08-07,CUST-0630,Customer 1028,West,Gujarat,Ahmedabad,Office Supplies,Writing,Notebook,1,589.99,0.0,178.51,Debit Card,Small Business
ORD-00941,2026-02-10,CUST-0352,Customer 0324,West,Kerala,Mumbai,Office Supplies,Binders,Presentation Folder,4,1019.29,0.05,184.77,UPI,Corporate
ORD-00942,2026-01-15,CUST-0297,Customer 0628,West,Delhi,Surat,Office Supplies,Binders,Ring Binder,3,2031.06,0.2,643.62,Debit Card,Small Business
ORD-00943,2025-02-26,CUST-0838,Customer 0725,East,Telangana,Patna,Furniture,Tables,Side Table,2,23741.69,0.2,6866.04,Net Banking,Corporate
ORD-00944,2026-01-27,CUST-0668,Customer 1143,North,Uttar Pradesh,Jaipur,Technology,Accessories,USB Hub,5,8258.41,0.0,1085.94,UPI,Consumer
ORD-00945,2025-02-17,CUST-0799,Customer 0998,West,Maharashtra,Ahmedabad,Technology,Laptops,Business Laptop,4,193906.58,0.15,33908.53,Debit Card,Small Business
ORD-00946,2025-04-24,CUST-0967,Customer 0276,West,Tamil Nadu,Mumbai,Technology,Laptops,Ultrabook,3,195137.23,0.08,44447.77,Debit Card,Small Business
ORD-00947,2026-08-10,CUST-1120,Customer 0534,West,Uttar Pradesh,Pune,Technology,Accessories,Keyboard,3,8510.17,0.08,1014.72,Cash,Corporate
ORD-00948,2026-04-02,CUST-0440,Customer 0378,North,Delhi,Jaipur,Technology,Accessories,USB Hub,8,29075.79,0.05,6536.72,Net Banking,Consumer
ORD-00949,2025-01-24,CUST-0288,Customer 0245,West,Rajasthan,Ahmedabad,Furniture,Chairs,Visitor Chair,2,31628.84,0.1,8051.98,Net Banking,Corporate
ORD-00950,2025-12-01,CUST-1104,Customer 1008,West,Gujarat,Mumbai,Office Supplies,Paper,Recycled Paper,3,1814.4,0.0,620.45,Cash,Corporate
ORD-00951,2025-03-31,CUST-1176,Customer 0960,North,Kerala,Delhi,Office Supplies,Paper,Recycled Paper,3,2379.74,0.2,601.36,UPI,Consumer
ORD-00952,2025-12-14,CUST-0930,Customer 1081,West,Rajasthan,Ahmedabad,Furniture,Tables,Side Table,2,17258.06,0.02,4083.45,Credit Card,Corporate
ORD-00953,2025-08-17,CUST-1197,Customer 0669,East,Uttar Pradesh,Kolkata,Office Supplies,Binders,Ring Binder,2,209.39,0.02,42.25,Net Banking,Small Business
ORD-00954,2025-01-27,CUST-1093,Customer 0081,South,Telangana,Hyderabad,Office Supplies,Writing,Pen Set,1,187.23,0.05,34.88,Cash,Corporate
ORD-00955,2025-08-27,CUST-0445,Customer 0728,North,Karnataka,Chandigarh,Furniture,Chairs,Visitor Chair,2,11283.08,0.08,3366.65,UPI,Corporate
ORD-00956,2026-02-13,CUST-0407,Customer 0422,North,Rajasthan,Lucknow,Technology,Smartphones,Budget Phone,1,74355.73,0.0,11264.15,Cash,Consumer
ORD-00957,2026-05-16,CUST-0734,Customer 0649,North,Rajasthan,Jaipur,Office Supplies,Writing,Notebook,1,392.22,0.02,68.27,UPI,Consumer
ORD-00958,2026-03-07,CUST-0820,Customer 0205,North,Delhi,Chandigarh,Furniture,Tables,Side Table,3,23399.43,0.0,4408.58,Debit Card,Corporate
ORD-00959,2026-04-28,CUST-0033,Customer 0563,North,Delhi,Lucknow,Office Supplies,Binders,Ring Binder,1,764.8,0.15,238.64,Credit Card,Consumer
ORD-00960,2025-03-04,CUST-0430,Customer 0601,South,Delhi,Chennai,Office Supplies,Paper,A4 Paper,1,683.28,0.08,206.66,Cash,Corporate
ORD-00961,2026-01-09,CUST-0225,Customer 0333,South,Karnataka,Kochi,Technology,Laptops,Ultrabook,4,375672.05,0.2,70245.73,Net Banking,Consumer
ORD-00962,2026-04-27,CUST-0071,Customer 0296,East,Rajasthan,Patna,Office Supplies,Binders,Lever Arch Binder,1,597.53,0.0,129.26,Credit Card,Small Business
ORD-00963,2025-04-26,CUST-0975,Customer 0952,West,Rajasthan,Pune,Technology,Laptops,Business Laptop,1,65457.98,0.08,15586.24,Cash,Corporate
ORD-00964,2026-01-10,CUST-0198,Customer 0979,South,West Bengal,Bengaluru,Furniture,Tables,Conference Table,2,52228.58,0.05,12438.1,Cash,Consumer
ORD-00965,2025-10-17,CUST-0216,Customer 0512,South,Maharashtra,Chennai,Office Supplies,Paper,A4 Paper,1,464.27,0.0,136.24,Debit Card,Consumer
ORD-00966,2025-05-15,CUST-0672,Customer 0865,East,Delhi,Guwahati,Office Supplies,Binders,Presentation Folder,3,1631.99,0.05,492.83,UPI,Small Business
ORD-00967,2025-09-01,CUST-0332,Customer 0813,North,Delhi,Lucknow,Office Supplies,Paper,A4 Paper,1,1003.47,0.15,157.37,Credit Card,Small Business
ORD-00968,2025-08-08,CUST-0929,Customer 0539,West,Uttar Pradesh,Surat,Furniture,Chairs,Visitor Chair,8,118075.65,0.08,23777.93,Net Banking,Consumer
ORD-00969,2026-11-11,CUST-0198,Customer 0702,East,Uttar Pradesh,Guwahati,Furniture,Chairs,Ergonomic Chair,5,32458.98,0.2,7102.09,Debit Card,Consumer
ORD-00970,2025-05-04,CUST-1128,Customer 0606,East,Telangana,Patna,Office Supplies,Paper,Recycled Paper,2,680.65,0.08,215.1,Debit Card,Corporate
ORD-00971,2026-11-28,CUST-0455,Customer 0035,West,Maharashtra,Surat,Office Supplies,Paper,Recycled Paper,5,1905.67,0.1,360.13,Debit Card,Small Business
ORD-00972,2025-06-12,CUST-0206,Customer 0340,South,Kerala,Bengaluru,Office Supplies,Binders,Presentation Folder,8,2047.24,0.1,375.36,UPI,Small Business
ORD-00973,2026-06-19,CUST-0863,Customer 0976,South,West Bengal,Kochi,Technology,Smartphones,Android Phone,8,623284.69,0.05,88733.04,Debit Card,Consumer
ORD-00974,2025-03-10,CUST-0122,Customer 0841,East,Telangana,Kolkata,Technology,Smartphones,Budget Phone,2,89369.49,0.15,15916.6,UPI,Corporate
ORD-00975,2025-03-14,CUST-0464,Customer 0566,South,Telangana,Chennai,Furniture,Chairs,Visitor Chair,3,27298.31,0.02,7375.44,Net Banking,Consumer
ORD-00976,2025-11-15,CUST-1074,Customer 0211,South,Kerala,Chennai,Furniture,Chairs,Visitor Chair,2,12124.49,0.15,1710.92,Net Banking,Consumer
ORD-00977,2025-12-16,CUST-0558,Customer 0084,West,Rajasthan,Ahmedabad,Technology,Accessories,USB Hub,1,2596.13,0.2,585.9,Debit Card,Consumer
ORD-00978,2026-06-20,CUST-0212,Customer 0182,West,Kerala,Surat,Office Supplies,Paper,Recycled Paper,5,3627.46,0.2,755.31,Cash,Corporate
ORD-00979,2025-10-10,CUST-0516,Customer 1041,South,Delhi,Kochi,Office Supplies,Binders,Lever Arch Binder,1,116.26,0.2,23.95,Net Banking,Small Business
ORD-00980,2026-08-29,CUST-0889,Customer 0545,East,Tamil Nadu,Guwahati,Technology,Laptops,Business Laptop,3,265901.86,0.1,42330.56,Net Banking,Small Business
ORD-00981,2025-05-01,CUST-0489,Customer 0739,West,Kerala,Surat,Technology,Accessories,Wireless Mouse,5,15782.72,0.0,2716.21,Cash,Corporate
ORD-00982,2026-02-13,CUST-0885,Customer 0053,West,Maharashtra,Mumbai,Furniture,Storage,Bookshelf,3,34914.41,0.1,4424.0,Cash,Consumer
ORD-00983,2026-01-03,CUST-0705,Customer 0722,North,Maharashtra,Chandigarh,Technology,Smartphones,Premium Phone,4,225722.73,0.2,50234.85,Debit Card,Corporate
ORD-00984,2026-07-15,CUST-0660,Customer 0822,North,Delhi,Chandigarh,Furniture,Storage,Storage Box,5,22953.72,0.02,5061.89,UPI,Corporate
ORD-00985,2025-11-10,CUST-0208,Customer 0186,North,Rajasthan,Chandigarh,Furniture,Storage,Storage Box,5,55654.35,0.02,9849.49,Debit Card,Small Business
ORD-00986,2026-01-06,CUST-0327,Customer 0346,West,Delhi,Pune,Furniture,Chairs,Ergonomic Chair,3,45142.97,0.05,11965.67,Credit Card,Consumer
ORD-00987,2026-09-26,CUST-0156,Customer 0407,South,Tamil Nadu,Hyderabad,Office Supplies,Writing,Notebook,4,1539.0,0.1,285.61,Credit Card,Small Business
ORD-00988,2025-10-28,CUST-1168,Customer 0169,West,Delhi,Ahmedabad,Technology,Accessories,Keyboard,2,5331.81,0.08,514.95,UPI,Corporate
ORD-00989,2025-08-13,CUST-0503,Customer 0463,North,West Bengal,Jaipur,Office Supplies,Paper,Recycled Paper,1,1169.18,0.02,370.22,UPI,Consumer
ORD-00990,2026-08-05,CUST-0394,Customer 0845,North,Telangana,Chandigarh,Technology,Laptops,Ultrabook,2,146241.89,0.1,24597.33,Cash,Small Business
ORD-00991,2026-01-15,CUST-0747,Customer 0481,West,Delhi,Surat,Office Supplies,Binders,Presentation Folder,2,1179.9,0.2,239.18,Cash,Corporate
ORD-00992,2026-06-04,CUST-0975,Customer 1097,North,Delhi,Jaipur,Furniture,Storage,Filing Cabinet,3,36413.4,0.0,10799.56,Credit Card,Small Business
ORD-00993,2026-08-12,CUST-0109,Customer 0943,South,Kerala,Hyderabad,Office Supplies,Writing,Notebook,5,3358.59,0.02,816.33,Net Banking,Corporate
ORD-00994,2026-12-25,CUST-0303,Customer 0131,West,Delhi,Mumbai,Technology,Laptops,Ultrabook,4,298813.46,0.05,46692.66,Credit Card,Small Business
ORD-00995,2026-02-10,CUST-0441,Customer 0926,East,Gujarat,Guwahati,Office Supplies,Paper,Recycled Paper,2,1308.56,0.2,443.01,Cash,Small Business
ORD-00996,2026-08-24,CUST-0645,Customer 0014,East,Kerala,Guwahati,Technology,Accessories,USB Hub,1,4282.38,0.1,1014.19,Credit Card,Small Business
ORD-00997,2026-09-08,CUST-0368,Customer 0372,East,Karnataka,Kolkata,Technology,Accessories,Wireless Mouse,4,9805.51,0.15,1089.77,Net Banking,Small Business
ORD-00998,2026-01-26,CUST-0972,Customer 0284,North,Delhi,Chandigarh,Technology,Laptops,Gaming Laptop,8,648049.6,0.08,135303.83,UPI,Consumer
ORD-00999,2025-07-25,CUST-0465,Customer 0720,East,Tamil Nadu,Guwahati,Technology,Accessories,Keyboard,3,13100.02,0.02,1594.02,Debit Card,Corporate
ORD-01000,2025-01-02,CUST-1084,Customer 0026,North,Karnataka,Chandigarh,Technology,Accessories,Wireless Mouse,1,4673.09,0.05,445.24,Debit Card,Corporate
ORD-01001,2026-05-26,CUST-0373,Customer 1097,East,Maharashtra,Kolkata,Office Supplies,Writing,Markers,8,4804.37,0.02,1332.23,Debit Card,Consumer
ORD-01002,2026-04-01,CUST-0063,Customer 0080,South,Uttar Pradesh,Hyderabad,Office Supplies,Paper,Premium Paper,6,5415.77,0.02,1361.88,Credit Card,Corporate
ORD-01003,2026-09-10,CUST-0318,Customer 0691,East,West Bengal,Kolkata,Furniture,Storage,Filing Cabinet,1,9261.49,0.0,1941.0,Cash,Corporate
ORD-01004,2026-05-18,CUST-0386,Customer 0828,West,Karnataka,Mumbai,Office Supplies,Writing,Pen Set,2,567.96,0.02,194.29,Debit Card,Consumer
ORD-01005,2026-06-29,CUST-1069,Customer 0808,West,Uttar Pradesh,Mumbai,Office Supplies,Paper,Recycled Paper,6,4709.15,0.1,1248.01,UPI,Corporate
ORD-01006,2026-05-18,CUST-0049,Customer 1007,East,Tamil Nadu,Bhubaneswar,Furniture,Chairs,Ergonomic Chair,2,31581.22,0.08,5933.23,Debit Card,Small Business
ORD-01007,2025-07-12,CUST-0183,Customer 0629,West,Kerala,Surat,Furniture,Tables,Conference Table,4,87375.85,0.1,23558.83,Cash,Small Business
ORD-01008,2026-07-05,CUST-0108,Customer 0889,South,Uttar Pradesh,Hyderabad,Office Supplies,Paper,Recycled Paper,8,2035.52,0.08,381.96,Cash,Consumer
ORD-01009,2025-07-28,CUST-1015,Customer 0424,East,Kerala,Kolkata,Technology,Laptops,Gaming Laptop,6,592861.35,0.15,77812.86,Cash,Consumer
ORD-01010,2025-12-05,CUST-0363,Customer 0799,North,Maharashtra,Lucknow,Technology,Accessories,Wireless Mouse,1,4566.22,0.02,847.19,Debit Card,Corporate
ORD-01011,2026-12-29,CUST-0635,Customer 0420,North,Gujarat,Jaipur,Technology,Accessories,Wireless Mouse,2,6068.2,0.08,1146.06,Net Banking,Small Business
ORD-01012,2026-09-07,CUST-0022,Customer 0810,North,Karnataka,Lucknow,Furniture,Tables,Conference Table,1,20852.68,0.2,4334.83,Net Banking,Consumer
ORD-01013,2025-12-02,CUST-0343,Customer 0526,South,Rajasthan,Bengaluru,Office Supplies,Paper,A4 Paper,5,2004.89,0.0,374.26,Debit Card,Small Business
ORD-01014,2026-07-23,CUST-1020,Customer 0412,East,Telangana,Guwahati,Office Supplies,Binders,Ring Binder,2,1389.23,0.02,472.4,Cash,Consumer
ORD-01015,2025-03-11,CUST-0496,Customer 0893,West,Kerala,Surat,Technology,Laptops,Business Laptop,2,95704.69,0.0,19332.98,Debit Card,Corporate
ORD-01016,2025-11-22,CUST-0090,Customer 1165,South,Karnataka,Kochi,Office Supplies,Paper,Recycled Paper,4,4456.78,0.02,1353.57,UPI,Corporate
ORD-01017,2025-10-26,CUST-1036,Customer 0131,East,Maharashtra,Bhubaneswar,Furniture,Tables,Work Desk,1,25335.94,0.08,3738.51,UPI,Small Business
ORD-01018,2026-06-26,CUST-0590,Customer 1141,South,Telangana,Hyderabad,Office Supplies,Writing,Markers,2,153.11,0.2,30.49,UPI,Small Business
ORD-01019,2025-11-26,CUST-0759,Customer 0079,East,Telangana,Kolkata,Technology,Accessories,Wireless Mouse,3,6330.58,0.1,1236.22,Credit Card,Small Business
ORD-01020,2025-08-18,CUST-0073,Customer 1155,South,Uttar Pradesh,Bengaluru,Furniture,Chairs,Visitor Chair,2,6977.27,0.1,987.53,Credit Card,Consumer
ORD-01021,2026-09-20,CUST-0513,Customer 0707,West,West Bengal,Surat,Furniture,Storage,Storage Box,6,37718.67,0.02,9162.57,Net Banking,Consumer
ORD-01022,2025-06-14,CUST-0754,Customer 0043,West,Rajasthan,Ahmedabad,Technology,Laptops,Gaming Laptop,1,85359.43,0.08,20474.52,Debit Card,Consumer
ORD-01023,2025-12-28,CUST-0427,Customer 0832,North,Rajasthan,Lucknow,Furniture,Storage,Storage Box,10,126651.0,0.02,34350.84,Net Banking,Corporate
ORD-01024,2025-07-30,CUST-0504,Customer 0445,West,Maharashtra,Surat,Furniture,Tables,Conference Table,4,52704.53,0.02,13186.43,Cash,Consumer
ORD-01025,2026-07-10,CUST-0927,Customer 0616,East,Kerala,Patna,Office Supplies,Binders,Lever Arch Binder,1,602.9,0.02,147.14,Net Banking,Consumer
ORD-01026,2026-03-30,CUST-0049,Customer 0423,South,Rajasthan,Chennai,Furniture,Storage,Filing Cabinet,6,56497.86,0.08,8613.48,Cash,Small Business
ORD-01027,2025-07-22,CUST-0309,Customer 0843,South,Delhi,Hyderabad,Office Supplies,Writing,Notebook,4,2004.94,0.1,614.26,Net Banking,Consumer
ORD-01028,2025-03-08,CUST-0176,Customer 0044,South,Karnataka,Kochi,Furniture,Storage,Storage Box,3,25284.7,0.0,6111.67,Credit Card,Corporate
ORD-01029,2026-10-01,CUST-0647,Customer 1195,North,West Bengal,Chandigarh,Furniture,Chairs,Visitor Chair,1,4207.24,0.2,554.87,Net Banking,Corporate
ORD-01030,2026-06-30,CUST-0840,Customer 0325,South,Uttar Pradesh,Hyderabad,Furniture,Chairs,Visitor Chair,6,31735.45,0.02,6179.95,Cash,Small Business
ORD-01031,2025-02-10,CUST-0278,Customer 0781,West,West Bengal,Ahmedabad,Office Supplies,Paper,A4 Paper,1,810.22,0.08,137.26,Net Banking,Corporate
ORD-01032,2025-01-21,CUST-1008,Customer 1161,South,Delhi,Bengaluru,Office Supplies,Writing,Markers,3,1932.12,0.02,462.68,Debit Card,Consumer
ORD-01033,2026-11-16,CUST-0404,Customer 0657,East,Gujarat,Kolkata,Technology,Laptops,Ultrabook,2,132315.37,0.02,12934.55,Credit Card,Corporate
ORD-01034,2025-10-14,CUST-1066,Customer 0049,West,West Bengal,Mumbai,Office Supplies,Writing,Markers,2,1320.22,0.05,248.74,Debit Card,Consumer
ORD-01035,2026-11-04,CUST-0939,Customer 0165,North,Delhi,Jaipur,Office Supplies,Binders,Lever Arch Binder,2,918.29,0.0,187.85,Cash,Consumer
ORD-01036,2025-02-06,CUST-0554,Customer 0769,South,Delhi,Bengaluru,Office Supplies,Writing,Pen Set,1,246.27,0.08,55.66,Debit Card,Small Business
ORD-01037,2025-10-16,CUST-0547,Customer 0171,West,West Bengal,Surat,Office Supplies,Binders,Ring Binder,4,3075.57,0.1,579.99,Credit Card,Small Business
ORD-01038,2025-08-31,CUST-0179,Customer 0155,East,Karnataka,Kolkata,Technology,Laptops,Business Laptop,1,63222.08,0.0,6615.62,Credit Card,Small Business
ORD-01039,2026-11-12,CUST-0217,Customer 0250,East,Karnataka,Kolkata,Technology,Accessories,USB Hub,8,32948.72,0.15,7240.29,UPI,Consumer
ORD-01040,2025-03-23,CUST-0793,Customer 0657,North,Uttar Pradesh,Jaipur,Technology,Accessories,Wireless Mouse,5,2534.7,0.02,288.03,UPI,Corporate
ORD-01041,2025-03-04,CUST-0907,Customer 0379,South,Uttar Pradesh,Kochi,Office Supplies,Writing,Pen Set,4,1335.28,0.1,431.3,Credit Card,Consumer
ORD-01042,2025-03-19,CUST-0386,Customer 0384,South,Delhi,Chennai,Furniture,Chairs,Visitor Chair,1,11631.51,0.0,2867.36,UPI,Consumer
ORD-01043,2025-09-04,CUST-1087,Customer 0015,West,Gujarat,Ahmedabad,Office Supplies,Binders,Presentation Folder,1,581.85,0.05,183.22,Debit Card,Consumer
ORD-01044,2025-03-23,CUST-0914,Customer 0025,North,Tamil Nadu,Delhi,Technology,Smartphones,Premium Phone,1,62317.3,0.2,13138.52,Debit Card,Small Business
ORD-01045,2026-01-15,CUST-1024,Customer 0615,East,West Bengal,Kolkata,Office Supplies,Binders,Presentation Folder,3,1968.04,0.15,614.41,Debit Card,Small Business
ORD-01046,2026-02-17,CUST-0950,Customer 0952,South,West Bengal,Chennai,Office Supplies,Paper,A4 Paper,2,1667.63,0.08,358.33,UPI,Consumer
ORD-01047,2025-01-15,CUST-0890,Customer 0354,West,Telangana,Surat,Technology,Laptops,Gaming Laptop,5,360685.58,0.02,51905.15,Cash,Consumer
ORD-01048,2025-06-12,CUST-0622,Customer 1126,South,Gujarat,Bengaluru,Technology,Smartphones,Premium Phone,2,45885.37,0.0,7322.0,UPI,Consumer
ORD-01049,2025-03-10,CUST-0663,Customer 0977,West,Kerala,Surat,Furniture,Tables,Work Desk,4,65297.5,0.05,19136.03,Debit Card,Consumer
ORD-01050,2025-11-15,CUST-0879,Customer 0250,South,Kerala,Kochi,Technology,Smartphones,Premium Phone,2,25375.4,0.02,3404.69,UPI,Small Business
ORD-01051,2026-04-03,CUST-0758,Customer 0855,East,Maharashtra,Guwahati,Office Supplies,Binders,Presentation Folder,2,1455.95,0.08,236.77,UPI,Corporate
ORD-01052,2025-05-11,CUST-0660,Customer 1173,South,Maharashtra,Hyderabad,Office Supplies,Binders,Lever Arch Binder,3,1550.39,0.05,449.1,Cash,Small Business
ORD-01053,2025-06-01,CUST-0659,Customer 0167,South,Uttar Pradesh,Chennai,Furniture,Storage,Bookshelf,2,26935.6,0.0,5094.76,Net Banking,Corporate
ORD-01054,2025-03-02,CUST-0971,Customer 0506,East,Maharashtra,Kolkata,Furniture,Tables,Work Desk,2,48572.8,0.02,9009.32,Credit Card,Corporate
ORD-01055,2026-07-04,CUST-0410,Customer 0386,East,Kerala,Patna,Office Supplies,Paper,Premium Paper,3,3302.68,0.05,894.88,Cash,Consumer
ORD-01056,2026-12-19,CUST-0023,Customer 0611,East,Gujarat,Kolkata,Office Supplies,Paper,Recycled Paper,2,1614.25,0.2,363.53,UPI,Consumer
ORD-01057,2025-06-01,CUST-0915,Customer 0783,East,Uttar Pradesh,Kolkata,Technology,Accessories,USB Hub,1,3616.23,0.08,738.17,UPI,Small Business
ORD-01058,2026-08-24,CUST-0264,Customer 0662,West,Karnataka,Ahmedabad,Technology,Smartphones,Premium Phone,4,118291.06,0.08,14852.87,Credit Card,Consumer
ORD-01059,2026-10-24,CUST-0664,Customer 0811,East,Telangana,Patna,Furniture,Chairs,Ergonomic Chair,2,30954.13,0.0,7218.51,Debit Card,Small Business
ORD-01060,2025-05-16,CUST-1018,Customer 0131,North,Tamil Nadu,Chandigarh,Furniture,Storage,Storage Box,3,3955.92,0.15,985.45,UPI,Consumer
ORD-01061,2025-12-18,CUST-0143,Customer 1009,North,Rajasthan,Jaipur,Office Supplies,Paper,A4 Paper,8,7348.64,0.05,1221.58,Cash,Consumer
ORD-01062,2025-09-25,CUST-0466,Customer 0491,West,Karnataka,Surat,Office Supplies,Paper,Recycled Paper,5,4745.84,0.08,862.85,Cash,Consumer
ORD-01063,2025-05-21,CUST-1026,Customer 0655,North,Delhi,Jaipur,Furniture,Chairs,Office Chair,2,12318.63,0.02,3594.52,Net Banking,Small Business
ORD-01064,2025-02-11,CUST-0410,Customer 0074,West,Maharashtra,Mumbai,Office Supplies,Binders,Lever Arch Binder,4,437.22,0.08,113.68,UPI,Small Business
ORD-01065,2025-08-06,CUST-0312,Customer 1099,West,Karnataka,Mumbai,Furniture,Storage,Filing Cabinet,2,14627.46,0.2,2187.57,Cash,Corporate
ORD-01066,2025-12-01,CUST-0534,Customer 0805,East,Tamil Nadu,Guwahati,Office Supplies,Binders,Ring Binder,4,2917.86,0.05,632.88,Debit Card,Corporate
ORD-01067,2026-02-01,CUST-0219,Customer 0422,North,Maharashtra,Lucknow,Office Supplies,Writing,Notebook,2,778.75,0.02,134.36,Cash,Small Business
ORD-01068,2025-09-16,CUST-0445,Customer 1047,East,Karnataka,Bhubaneswar,Office Supplies,Binders,Lever Arch Binder,4,1846.41,0.02,486.29,Debit Card,Consumer
ORD-01069,2026-02-05,CUST-0339,Customer 1007,South,West Bengal,Chennai,Furniture,Chairs,Ergonomic Chair,2,32683.66,0.05,6615.8,Cash,Small Business
ORD-01070,2025-01-12,CUST-0562,Customer 0001,East,Gujarat,Bhubaneswar,Technology,Accessories,Wireless Mouse,5,20159.35,0.1,1774.11,Net Banking,Corporate
ORD-01071,2025-03-19,CUST-0574,Customer 0856,South,Karnataka,Bengaluru,Technology,Smartphones,Android Phone,8,402161.28,0.15,88568.44,Debit Card,Consumer
ORD-01072,2025-05-04,CUST-0063,Customer 0976,North,Telangana,Chandigarh,Technology,Smartphones,Premium Phone,6,383516.06,0.2,86801.41,Credit Card,Consumer
ORD-01073,2025-03-06,CUST-0314,Customer 0442,North,Tamil Nadu,Jaipur,Furniture,Storage,Storage Box,2,14967.19,0.15,3313.46,Net Banking,Small Business
ORD-01074,2025-02-15,CUST-0130,Customer 0576,West,Gujarat,Mumbai,Technology,Smartphones,Premium Phone,2,145245.88,0.0,25023.21,Net Banking,Consumer
ORD-01075,2025-02-15,CUST-1154,Customer 0892,East,Uttar Pradesh,Kolkata,Office Supplies,Binders,Ring Binder,2,575.71,0.0,201.02,Net Banking,Consumer
ORD-01076,2026-11-06,CUST-0761,Customer 1129,North,Uttar Pradesh,Chandigarh,Furniture,Chairs,Visitor Chair,5,38292.56,0.1,5724.78,UPI,Corporate
ORD-01077,2026-11-20,CUST-1013,Customer 1111,East,Rajasthan,Patna,Technology,Accessories,Keyboard,10,17395.96,0.2,2205.67,Debit Card,Corporate
ORD-01078,2025-06-18,CUST-0088,Customer 0704,North,Uttar Pradesh,Chandigarh,Technology,Smartphones,Premium Phone,3,159620.98,0.1,34779.5,UPI,Small Business
ORD-01079,2025-04-25,CUST-1027,Customer 1115,East,Karnataka,Bhubaneswar,Office Supplies,Paper,A4 Paper,2,1653.52,0.2,386.59,Cash,Consumer
ORD-01080,2025-04-30,CUST-0667,Customer 0765,North,Uttar Pradesh,Chandigarh,Office Supplies,Writing,Pen Set,4,1723.59,0.2,373.98,Net Banking,Small Business
ORD-01081,2026-10-22,CUST-0930,Customer 0319,West,Maharashtra,Pune,Office Supplies,Binders,Presentation Folder,4,1705.6,0.0,332.87,Credit Card,Small Business
ORD-01082,2025-08-03,CUST-1110,Customer 0198,North,Maharashtra,Lucknow,Technology,Laptops,Ultrabook,2,213915.26,0.08,27478.96,Credit Card,Consumer
ORD-01083,2025-05-02,CUST-0865,Customer 0733,North,Rajasthan,Chandigarh,Technology,Laptops,Business Laptop,4,428296.98,0.0,51630.95,Credit Card,Small Business
ORD-01084,2026-08-31,CUST-0086,Customer 1007,East,Karnataka,Guwahati,Furniture,Tables,Work Desk,3,34761.28,0.08,8145.94,Net Banking,Corporate
ORD-01085,2026-03-09,CUST-0719,Customer 1005,East,Karnataka,Kolkata,Furniture,Storage,Bookshelf,2,23501.61,0.1,6076.62,Net Banking,Consumer
ORD-01086,2025-04-07,CUST-0932,Customer 0778,West,Delhi,Mumbai,Furniture,Tables,Side Table,2,11681.95,0.2,2906.58,UPI,Small Business
ORD-01087,2025-04-08,CUST-0022,Customer 0263,West,Kerala,Mumbai,Furniture,Tables,Side Table,5,119702.56,0.02,27587.74,Credit Card,Small Business
ORD-01088,2026-11-01,CUST-0100,Customer 0519,West,Kerala,Mumbai,Office Supplies,Paper,Premium Paper,3,1226.41,0.2,410.84,Credit Card,Small Business
ORD-01089,2025-06-08,CUST-0158,Customer 0408,West,West Bengal,Pune,Furniture,Tables,Work Desk,3,16547.34,0.08,2312.35,Net Banking,Consumer
ORD-01090,2026-12-01,CUST-1196,Customer 1011,North,Maharashtra,Lucknow,Office Supplies,Writing,Pen Set,1,547.75,0.02,106.64,Net Banking,Small Business
ORD-01091,2026-05-24,CUST-0751,Customer 0881,North,Karnataka,Delhi,Technology,Laptops,Business Laptop,8,723792.45,0.1,60645.49,Cash,Small Business
ORD-01092,2025-03-31,CUST-0539,Customer 0733,East,West Bengal,Kolkata,Furniture,Tables,Work Desk,3,33044.25,0.08,4363.46,Net Banking,Small Business
ORD-01093,2026-07-14,CUST-0765,Customer 1142,South,Gujarat,Chennai,Technology,Laptops,Business Laptop,1,50448.75,0.02,7636.75,Net Banking,Consumer
ORD-01094,2026-02-05,CUST-0023,Customer 0762,South,Karnataka,Kochi,Technology,Accessories,Wireless Mouse,1,1514.21,0.02,302.03,Cash,Consumer
ORD-01095,2026-05-07,CUST-0438,Customer 0387,North,West Bengal,Chandigarh,Office Supplies,Writing,Pen Set,5,1273.35,0.05,425.49,Net Banking,Corporate
ORD-01096,2026-11-15,CUST-0261,Customer 1045,South,Telangana,Bengaluru,Technology,Smartphones,Budget Phone,3,139771.08,0.2,12767.66,Credit Card,Corporate
ORD-01097,2026-02-21,CUST-0123,Customer 0885,North,Karnataka,Jaipur,Technology,Accessories,Keyboard,2,8386.78,0.02,1781.99,Debit Card,Corporate
ORD-01098,2025-05-11,CUST-0982,Customer 1044,North,Rajasthan,Jaipur,Office Supplies,Writing,Markers,3,773.48,0.2,150.79,UPI,Consumer
ORD-01099,2025-05-30,CUST-0082,Customer 0757,East,Gujarat,Patna,Technology,Smartphones,Budget Phone,1,14256.72,0.0,2747.5,Net Banking,Corporate
ORD-01100,2026-01-31,CUST-1148,Customer 1176,West,Telangana,Ahmedabad,Furniture,Storage,Storage Box,2,10265.78,0.08,2176.95,Net Banking,Corporate
ORD-01101,2025-10-05,CUST-0592,Customer 1052,North,Maharashtra,Lucknow,Furniture,Storage,Storage Box,1,8184.76,0.15,1377.32,Debit Card,Corporate
ORD-01102,2026-09-05,CUST-0869,Customer 0386,South,Kerala,Chennai,Furniture,Tables,Work Desk,3,70775.73,0.08,12041.36,UPI,Small Business
ORD-01103,2026-08-19,CUST-1066,Customer 0356,East,Tamil Nadu,Bhubaneswar,Office Supplies,Writing,Markers,3,1534.17,0.02,474.99,Debit Card,Small Business
ORD-01104,2026-02-06,CUST-0992,Customer 0555,South,Kerala,Chennai,Office Supplies,Writing,Markers,4,712.11,0.08,160.22,Net Banking,Small Business
ORD-01105,2026-02-07,CUST-0007,Customer 0137,East,Maharashtra,Bhubaneswar,Furniture,Storage,Filing Cabinet,8,29027.2,0.2,6360.53,Debit Card,Corporate
ORD-01106,2026-05-17,CUST-0222,Customer 0976,West,Rajasthan,Ahmedabad,Office Supplies,Writing,Markers,1,187.22,0.08,51.6,Net Banking,Corporate
ORD-01107,2025-10-12,CUST-0221,Customer 1124,North,Uttar Pradesh,Jaipur,Technology,Laptops,Gaming Laptop,10,1020093.32,0.0,219879.03,Debit Card,Consumer
ORD-01108,2025-10-11,CUST-0583,Customer 0881,North,Maharashtra,Lucknow,Technology,Laptops,Ultrabook,1,83117.92,0.05,19640.25,UPI,Consumer
ORD-01109,2026-01-28,CUST-0417,Customer 1110,East,Kerala,Guwahati,Technology,Laptops,Business Laptop,2,169595.41,0.02,18230.62,Credit Card,Consumer
ORD-01110,2025-06-19,CUST-0356,Customer 0452,North,Gujarat,Chandigarh,Furniture,Chairs,Office Chair,2,13118.07,0.02,2659.18,Credit Card,Consumer
ORD-01111,2025-03-25,CUST-0837,Customer 0910,South,West Bengal,Hyderabad,Furniture,Storage,Storage Box,2,25272.74,0.02,3489.31,UPI,Small Business
ORD-01112,2026-06-21,CUST-0702,Customer 0660,West,Karnataka,Surat,Technology,Accessories,Keyboard,4,5236.93,0.08,1080.56,Net Banking,Small Business
ORD-01113,2026-01-22,CUST-0345,Customer 0828,West,Maharashtra,Surat,Office Supplies,Paper,Premium Paper,1,309.83,0.2,89.78,UPI,Corporate
ORD-01114,2025-01-25,CUST-1154,Customer 0500,East,Tamil Nadu,Patna,Furniture,Chairs,Visitor Chair,2,13248.33,0.1,3682.92,Net Banking,Small Business
ORD-01115,2026-03-11,CUST-0184,Customer 0896,North,Gujarat,Lucknow,Office Supplies,Binders,Lever Arch Binder,3,1032.18,0.15,246.76,Debit Card,Consumer
ORD-01116,2026-06-28,CUST-0401,Customer 0075,East,Rajasthan,Guwahati,Furniture,Tables,Work Desk,5,39157.55,0.15,8344.1,Debit Card,Consumer
ORD-01117,2025-09-19,CUST-0928,Customer 0306,South,Gujarat,Bengaluru,Office Supplies,Paper,A4 Paper,3,2378.83,0.05,394.53,UPI,Corporate
ORD-01118,2025-02-23,CUST-1173,Customer 0361,East,Gujarat,Bhubaneswar,Technology,Smartphones,Premium Phone,1,19331.12,0.2,1831.88,Cash,Corporate
ORD-01119,2025-07-03,CUST-1094,Customer 0255,West,West Bengal,Pune,Technology,Laptops,Business Laptop,1,72158.06,0.2,6944.61,Cash,Corporate
ORD-01120,2026-06-10,CUST-0043,Customer 1026,South,Uttar Pradesh,Chennai,Office Supplies,Paper,A4 Paper,2,1955.22,0.02,592.96,Credit Card,Corporate
ORD-01121,2026-08-11,CUST-0572,Customer 0948,South,Maharashtra,Chennai,Technology,Smartphones,Android Phone,2,132834.98,0.1,28358.25,Net Banking,Consumer
ORD-01122,2025-10-22,CUST-0944,Customer 1084,North,West Bengal,Jaipur,Technology,Accessories,USB Hub,1,3583.69,0.08,364.62,Net Banking,Small Business
ORD-01123,2025-09-15,CUST-1073,Customer 0835,West,Telangana,Surat,Office Supplies,Writing,Markers,3,1362.14,0.2,408.46,Cash,Corporate
ORD-01124,2026-02-27,CUST-0784,Customer 0770,South,Gujarat,Bengaluru,Technology,Laptops,Ultrabook,5,598017.97,0.0,105671.76,Debit Card,Consumer
ORD-01125,2026-08-28,CUST-0287,Customer 0619,East,Rajasthan,Patna,Technology,Laptops,Business Laptop,4,304448.04,0.02,46273.2,UPI,Consumer
ORD-01126,2026-04-20,CUST-0268,Customer 0852,North,Karnataka,Jaipur,Furniture,Tables,Conference Table,4,56927.72,0.05,15873.1,UPI,Consumer
ORD-01127,2025-03-21,CUST-0603,Customer 0727,North,Uttar Pradesh,Chandigarh,Furniture,Chairs,Ergonomic Chair,2,16959.78,0.15,4697.53,Cash,Corporate
ORD-01128,2025-04-14,CUST-0299,Customer 1151,North,Gujarat,Lucknow,Technology,Smartphones,Premium Phone,6,153609.06,0.02,12560.46,Credit Card,Consumer
ORD-01129,2025-10-19,CUST-0754,Customer 0105,South,Uttar Pradesh,Hyderabad,Technology,Smartphones,Premium Phone,3,103697.22,0.05,18611.95,Cash,Consumer
ORD-01130,2025-03-10,CUST-0315,Customer 0774,West,Delhi,Surat,Furniture,Storage,Filing Cabinet,3,26337.62,0.15,5845.45,Net Banking,Small Business
ORD-01131,2025-11-07,CUST-0025,Customer 0273,East,Maharashtra,Bhubaneswar,Technology,Laptops,Business Laptop,2,178880.53,0.02,15509.42,Net Banking,Small Business
ORD-01132,2025-03-09,CUST-0335,Customer 0077,South,Gujarat,Kochi,Technology,Smartphones,Budget Phone,10,524080.86,0.02,41974.01,Net Banking,Consumer
ORD-01133,2026-09-24,CUST-0763,Customer 0961,South,Gujarat,Kochi,Technology,Accessories,Keyboard,4,3245.01,0.2,726.57,Cash,Small Business
ORD-01134,2026-09-01,CUST-0503,Customer 0464,East,Karnataka,Guwahati,Office Supplies,Paper,Recycled Paper,4,3232.29,0.1,926.12,Net Banking,Corporate
ORD-01135,2025-11-04,CUST-0528,Customer 0219,East,Telangana,Guwahati,Office Supplies,Binders,Lever Arch Binder,10,8782.09,0.0,2989.6,Cash,Consumer
ORD-01136,2026-03-06,CUST-1161,Customer 0679,South,Gujarat,Chennai,Furniture,Chairs,Office Chair,3,37151.6,0.08,9423.66,Credit Card,Consumer
ORD-01137,2025-06-07,CUST-0849,Customer 0970,South,Karnataka,Kochi,Office Supplies,Paper,Premium Paper,1,1039.43,0.08,325.35,Debit Card,Corporate
ORD-01138,2025-08-29,CUST-0587,Customer 0499,North,Kerala,Chandigarh,Technology,Smartphones,Premium Phone,2,156274.71,0.02,22636.52,UPI,Corporate
ORD-01139,2026-07-08,CUST-0878,Customer 1009,South,Tamil Nadu,Hyderabad,Office Supplies,Binders,Ring Binder,1,153.45,0.15,23.28,UPI,Consumer
ORD-01140,2026-12-18,CUST-0732,Customer 1172,North,Tamil Nadu,Lucknow,Technology,Laptops,Business Laptop,5,284141.09,0.15,53903.23,Credit Card,Consumer
ORD-01141,2025-07-16,CUST-0349,Customer 0801,East,West Bengal,Guwahati,Technology,Laptops,Ultrabook,1,51175.93,0.0,10820.06,Credit Card,Corporate
ORD-01142,2026-12-18,CUST-1055,Customer 0197,East,West Bengal,Kolkata,Office Supplies,Binders,Ring Binder,3,433.07,0.05,78.59,Cash,Consumer
ORD-01143,2026-06-06,CUST-0628,Customer 0602,East,Rajasthan,Kolkata,Furniture,Tables,Side Table,3,25033.65,0.08,4620.59,Net Banking,Consumer
ORD-01144,2025-05-01,CUST-0303,Customer 0221,East,West Bengal,Guwahati,Technology,Laptops,Gaming Laptop,1,56154.07,0.0,5020.16,UPI,Consumer
ORD-01145,2026-10-22,CUST-1131,Customer 0620,North,Maharashtra,Chandigarh,Furniture,Storage,Bookshelf,4,33524.01,0.08,6496.23,Net Banking,Small Business
ORD-01146,2025-09-16,CUST-0798,Customer 0383,North,West Bengal,Chandigarh,Technology,Smartphones,Android Phone,1,29753.0,0.2,6441.25,Net Banking,Small Business
ORD-01147,2026-08-04,CUST-0377,Customer 0016,West,Telangana,Ahmedabad,Furniture,Chairs,Ergonomic Chair,4,48209.34,0.15,8516.75,Debit Card,Corporate
ORD-01148,2025-10-12,CUST-0415,Customer 0370,North,Rajasthan,Lucknow,Furniture,Chairs,Office Chair,2,29273.92,0.1,6123.06,Credit Card,Consumer
ORD-01149,2025-07-26,CUST-0433,Customer 0303,East,Delhi,Guwahati,Office Supplies,Binders,Lever Arch Binder,3,245.26,0.2,84.33,Cash,Corporate
ORD-01150,2026-04-13,CUST-0092,Customer 0583,West,Delhi,Pune,Furniture,Storage,Filing Cabinet,4,26529.61,0.1,4569.32,Credit Card,Corporate
ORD-01151,2026-04-06,CUST-0543,Customer 0615,North,Karnataka,Lucknow,Furniture,Tables,Side Table,6,92627.72,0.2,20967.29,UPI,Small Business
ORD-01152,2026-02-11,CUST-0005,Customer 0881,East,Karnataka,Patna,Furniture,Chairs,Visitor Chair,1,5150.65,0.2,1034.59,Credit Card,Corporate
ORD-01153,2026-08-18,CUST-0438,Customer 1094,West,Uttar Pradesh,Mumbai,Office Supplies,Writing,Notebook,4,1933.09,0.15,309.76,Debit Card,Consumer
ORD-01154,2025-03-23,CUST-0674,Customer 0503,South,West Bengal,Kochi,Office Supplies,Writing,Markers,4,759.55,0.0,218.0,Credit Card,Consumer
ORD-01155,2025-06-17,CUST-0741,Customer 0200,South,Gujarat,Hyderabad,Technology,Accessories,Keyboard,2,6482.59,0.08,730.3,Debit Card,Small Business
ORD-01156,2025-10-04,CUST-0367,Customer 0233,North,West Bengal,Delhi,Technology,Laptops,Business Laptop,1,93215.13,0.2,19305.62,Debit Card,Consumer
ORD-01157,2025-06-30,CUST-0795,Customer 0388,West,Uttar Pradesh,Mumbai,Furniture,Storage,Storage Box,1,3916.97,0.2,534.92,Debit Card,Small Business
ORD-01158,2026-05-06,CUST-0720,Customer 0062,North,Delhi,Delhi,Technology,Laptops,Business Laptop,3,180176.85,0.15,29831.79,Net Banking,Corporate
ORD-01159,2025-03-10,CUST-0465,Customer 1013,North,Uttar Pradesh,Lucknow,Technology,Laptops,Business Laptop,3,247267.7,0.1,49363.9,Net Banking,Corporate
ORD-01160,2026-11-12,CUST-0763,Customer 0694,East,Rajasthan,Guwahati,Technology,Laptops,Business Laptop,1,75019.8,0.05,6207.09,Credit Card,Corporate
ORD-01161,2026-05-22,CUST-1134,Customer 1130,West,Delhi,Mumbai,Technology,Laptops,Ultrabook,4,302538.83,0.1,30775.23,Credit Card,Small Business
ORD-01162,2025-11-04,CUST-0281,Customer 0529,North,Rajasthan,Chandigarh,Technology,Smartphones,Budget Phone,2,115228.82,0.2,11183.17,UPI,Corporate
ORD-01163,2025-01-27,CUST-0584,Customer 0672,East,Telangana,Patna,Technology,Accessories,Keyboard,2,1592.2,0.05,231.03,Credit Card,Consumer
ORD-01164,2025-08-06,CUST-1193,Customer 0162,North,Maharashtra,Chandigarh,Technology,Laptops,Gaming Laptop,2,205199.82,0.0,22411.73,Credit Card,Corporate
ORD-01165,2025-04-13,CUST-0827,Customer 0084,East,Gujarat,Kolkata,Office Supplies,Writing,Notebook,3,1672.88,0.1,471.05,Net Banking,Consumer
ORD-01166,2026-05-04,CUST-0088,Customer 0961,East,Delhi,Guwahati,Office Supplies,Paper,A4 Paper,8,2270.23,0.1,342.35,Net Banking,Small Business
ORD-01167,2026-10-27,CUST-1166,Customer 0213,North,Karnataka,Chandigarh,Technology,Accessories,USB Hub,2,8602.46,0.05,919.95,Net Banking,Consumer
ORD-01168,2025-10-07,CUST-1182,Customer 0385,South,West Bengal,Chennai,Office Supplies,Writing,Notebook,2,387.47,0.15,98.65,Cash,Consumer
ORD-01169,2026-02-19,CUST-0843,Customer 1185,North,Gujarat,Lucknow,Technology,Accessories,USB Hub,5,10677.93,0.05,1442.41,Debit Card,Consumer
ORD-01170,2025-09-17,CUST-0263,Customer 1181,North,Telangana,Lucknow,Furniture,Storage,Storage Box,8,58640.66,0.08,13272.3,Cash,Consumer
ORD-01171,2026-02-09,CUST-0273,Customer 0447,South,Gujarat,Chennai,Office Supplies,Paper,A4 Paper,4,4074.01,0.15,669.93,Credit Card,Small Business
ORD-01172,2025-05-31,CUST-0253,Customer 0756,North,Delhi,Jaipur,Office Supplies,Paper,Recycled Paper,1,257.81,0.02,61.72,Net Banking,Corporate
ORD-01173,2026-11-10,CUST-0498,Customer 1004,East,West Bengal,Patna,Office Supplies,Paper,Recycled Paper,2,761.69,0.02,246.78,Debit Card,Corporate
ORD-01174,2026-04-15,CUST-1074,Customer 0593,North,Maharashtra,Chandigarh,Technology,Smartphones,Premium Phone,5,94312.69,0.2,8444.27,Net Banking,Consumer
ORD-01175,2025-03-08,CUST-0931,Customer 0713,East,Gujarat,Bhubaneswar,Furniture,Tables,Work Desk,1,12523.05,0.2,3221.86,UPI,Corporate
ORD-01176,2025-08-29,CUST-0996,Customer 0788,South,Maharashtra,Hyderabad,Furniture,Tables,Conference Table,1,8831.23,0.02,1087.0,Cash,Small Business
ORD-01177,2026-06-13,CUST-0636,Customer 0827,South,Karnataka,Bengaluru,Furniture,Storage,Bookshelf,4,31571.9,0.05,8687.34,Credit Card,Small Business
ORD-01178,2026-08-12,CUST-1086,Customer 0375,North,West Bengal,Jaipur,Furniture,Tables,Work Desk,4,86196.32,0.1,23622.36,Cash,Consumer
ORD-01179,2025-04-22,CUST-0628,Customer 0871,South,Gujarat,Bengaluru,Furniture,Storage,Storage Box,2,12652.15,0.08,1958.75,Debit Card,Small Business
ORD-01180,2025-09-08,CUST-0666,Customer 0094,South,Delhi,Kochi,Office Supplies,Writing,Notebook,1,395.32,0.08,108.68,Debit Card,Corporate
ORD-01181,2025-05-21,CUST-0474,Customer 0842,South,Karnataka,Hyderabad,Furniture,Chairs,Ergonomic Chair,1,17362.53,0.0,2406.01,UPI,Corporate
ORD-01182,2026-01-15,CUST-0199,Customer 0075,West,Gujarat,Mumbai,Technology,Accessories,USB Hub,1,2112.9,0.15,241.56,Credit Card,Small Business
ORD-01183,2025-08-31,CUST-0244,Customer 0192,West,Gujarat,Mumbai,Furniture,Storage,Storage Box,6,80743.33,0.0,14642.53,Cash,Small Business
ORD-01184,2026-05-17,CUST-0444,Customer 0844,South,Delhi,Bengaluru,Furniture,Storage,Bookshelf,4,29155.18,0.15,7322.6,Credit Card,Consumer
ORD-01185,2025-06-18,CUST-0056,Customer 0200,South,Kerala,Hyderabad,Technology,Smartphones,Budget Phone,2,68952.15,0.08,11653.32,Credit Card,Small Business
ORD-01186,2025-07-22,CUST-0272,Customer 0605,East,West Bengal,Bhubaneswar,Technology,Laptops,Business Laptop,4,393217.65,0.02,83505.43,Credit Card,Small Business
ORD-01187,2025-11-03,CUST-0885,Customer 0316,West,Tamil Nadu,Pune,Office Supplies,Paper,A4 Paper,6,2128.46,0.02,475.35,UPI,Corporate
ORD-01188,2025-06-11,CUST-0434,Customer 0150,West,Telangana,Mumbai,Technology,Smartphones,Android Phone,4,187353.09,0.08,18241.43,Net Banking,Consumer
ORD-01189,2026-08-29,CUST-1200,Customer 0676,West,West Bengal,Pune,Office Supplies,Paper,Premium Paper,4,3155.24,0.15,808.29,UPI,Small Business
ORD-01190,2025-08-08,CUST-0042,Customer 0402,South,Rajasthan,Kochi,Furniture,Chairs,Visitor Chair,2,29545.67,0.05,4929.43,Debit Card,Corporate
ORD-01191,2025-04-26,CUST-1148,Customer 0982,West,Rajasthan,Mumbai,Office Supplies,Paper,Recycled Paper,1,314.87,0.15,91.33,Cash,Small Business
ORD-01192,2026-06-05,CUST-1114,Customer 0152,South,Maharashtra,Bengaluru,Office Supplies,Paper,Recycled Paper,5,5301.84,0.02,1758.09,Cash,Small Business
ORD-01193,2025-02-15,CUST-0876,Customer 1005,North,Maharashtra,Chandigarh,Office Supplies,Writing,Pen Set,2,472.34,0.02,149.08,UPI,Consumer
ORD-01194,2025-11-26,CUST-0944,Customer 0338,North,Gujarat,Jaipur,Office Supplies,Binders,Ring Binder,4,1750.79,0.0,520.94,Debit Card,Consumer
ORD-01195,2025-06-18,CUST-1200,Customer 0167,North,Tamil Nadu,Delhi,Technology,Accessories,USB Hub,5,3044.66,0.0,284.31,UPI,Corporate
ORD-01196,2025-06-03,CUST-0724,Customer 0641,North,Rajasthan,Lucknow,Office Supplies,Writing,Markers,3,311.83,0.1,48.39,Credit Card,Small Business
ORD-01197,2026-05-04,CUST-0589,Customer 1006,East,Uttar Pradesh,Guwahati,Furniture,Chairs,Office Chair,1,9508.63,0.15,2127.55,Credit Card,Consumer
ORD-01198,2025-01-27,CUST-0091,Customer 0101,South,Karnataka,Hyderabad,Office Supplies,Writing,Pen Set,3,741.83,0.1,175.77,Debit Card,Consumer
ORD-01199,2026-01-22,CUST-1154,Customer 0252,West,Maharashtra,Ahmedabad,Office Supplies,Binders,Ring Binder,3,1050.77,0.1,189.13,Net Banking,Consumer
ORD-01200,2026-01-20,CUST-0086,Customer 1132,East,Karnataka,Bhubaneswar,Furniture,Tables,Side Table,2,12200.9,0.02,3188.4,Net Banking,Consumer
ORD-01201,2025-01-18,CUST-1077,Customer 0379,West,Telangana,Pune,Technology,Smartphones,Budget Phone,3,201122.65,0.1,27516.06,Credit Card,Consumer
ORD-01202,2025-01-06,CUST-0536,Customer 0530,East,Telangana,Kolkata,Technology,Smartphones,Premium Phone,1,65652.81,0.1,14866.26,Cash,Corporate
ORD-01203,2025-10-02,CUST-0497,Customer 0318,West,Tamil Nadu,Pune,Office Supplies,Paper,Premium Paper,1,792.43,0.15,129.03,UPI,Small Business
ORD-01204,2025-11-01,CUST-0325,Customer 0043,West,Maharashtra,Ahmedabad,Office Supplies,Paper,Recycled Paper,4,2695.69,0.15,570.14,Net Banking,Small Business
ORD-01205,2026-04-19,CUST-0084,Customer 0800,South,Gujarat,Hyderabad,Office Supplies,Writing,Notebook,1,277.72,0.2,55.65,Net Banking,Consumer
ORD-01206,2026-07-11,CUST-0383,Customer 0602,East,Maharashtra,Guwahati,Furniture,Chairs,Office Chair,2,15383.62,0.15,2867.95,Credit Card,Small Business
ORD-01207,2026-06-28,CUST-1035,Customer 0047,North,Maharashtra,Lucknow,Furniture,Tables,Conference Table,5,111610.55,0.1,24959.21,Credit Card,Corporate
ORD-01208,2026-11-21,CUST-0697,Customer 0077,South,Gujarat,Chennai,Furniture,Tables,Side Table,3,70348.57,0.2,17270.17,Credit Card,Corporate
ORD-01209,2026-12-27,CUST-0251,Customer 0809,South,Maharashtra,Chennai,Technology,Laptops,Gaming Laptop,3,160851.61,0.1,20976.95,UPI,Consumer
ORD-01210,2025-02-19,CUST-0407,Customer 0494,North,Kerala,Delhi,Office Supplies,Writing,Markers,4,1300.0,0.2,227.18,Credit Card,Small Business
ORD-01211,2025-02-05,CUST-0158,Customer 0172,South,Kerala,Kochi,Technology,Laptops,Gaming Laptop,10,933021.18,0.0,206366.79,Cash,Corporate
ORD-01212,2025-01-09,CUST-0022,Customer 0379,East,Maharashtra,Patna,Technology,Smartphones,Budget Phone,5,317311.92,0.15,69250.96,Credit Card,Consumer
ORD-01213,2026-01-22,CUST-0684,Customer 0968,North,West Bengal,Chandigarh,Furniture,Chairs,Visitor Chair,3,14755.82,0.0,2419.8,Debit Card,Small Business
ORD-01214,2025-12-21,CUST-0275,Customer 0119,East,Tamil Nadu,Kolkata,Office Supplies,Binders,Ring Binder,4,2965.44,0.08,663.02,Debit Card,Small Business
ORD-01215,2026-06-27,CUST-0978,Customer 0703,North,Karnataka,Delhi,Office Supplies,Writing,Notebook,3,758.04,0.02,148.78,Cash,Consumer
ORD-01216,2025-09-03,CUST-0925,Customer 0564,West,Delhi,Pune,Technology,Accessories,Wireless Mouse,3,12790.44,0.1,1325.87,Debit Card,Corporate
ORD-01217,2026-02-22,CUST-0088,Customer 0752,North,Karnataka,Delhi,Furniture,Chairs,Visitor Chair,4,55625.72,0.02,11878.45,Debit Card,Consumer
ORD-01218,2026-03-13,CUST-0037,Customer 0087,West,Maharashtra,Surat,Furniture,Tables,Side Table,4,24635.84,0.0,6265.92,Credit Card,Small Business
ORD-01219,2026-12-03,CUST-0934,Customer 0149,South,Delhi,Hyderabad,Furniture,Tables,Side Table,5,36047.47,0.0,6832.12,UPI,Consumer
ORD-01220,2026-08-09,CUST-0223,Customer 0995,South,West Bengal,Chennai,Furniture,Tables,Conference Table,2,11342.34,0.1,1735.52,Net Banking,Small Business
ORD-01221,2026-07-22,CUST-0011,Customer 1081,South,West Bengal,Chennai,Office Supplies,Binders,Lever Arch Binder,1,685.74,0.02,144.55,UPI,Corporate
ORD-01222,2025-08-28,CUST-0767,Customer 0255,East,Karnataka,Bhubaneswar,Furniture,Storage,Storage Box,3,31224.47,0.08,4006.15,Credit Card,Small Business
ORD-01223,2026-08-18,CUST-0133,Customer 0593,East,Gujarat,Patna,Office Supplies,Writing,Pen Set,1,432.75,0.05,150.87,Cash,Consumer
ORD-01224,2026-10-03,CUST-0862,Customer 1173,North,Rajasthan,Lucknow,Furniture,Storage,Filing Cabinet,3,17927.92,0.1,4164.29,Debit Card,Small Business
ORD-01225,2026-08-06,CUST-0509,Customer 0301,West,Delhi,Mumbai,Office Supplies,Binders,Ring Binder,2,971.91,0.08,269.56,Cash,Consumer
ORD-01226,2025-07-14,CUST-0222,Customer 0379,East,Maharashtra,Kolkata,Office Supplies,Binders,Presentation Folder,8,4665.01,0.02,1589.17,Debit Card,Consumer
ORD-01227,2026-02-12,CUST-0242,Customer 0937,West,Rajasthan,Surat,Office Supplies,Writing,Pen Set,4,1198.25,0.1,293.09,Credit Card,Small Business
ORD-01228,2025-08-14,CUST-0668,Customer 0741,West,Maharashtra,Pune,Office Supplies,Paper,Premium Paper,10,7679.05,0.02,1950.47,Cash,Consumer
ORD-01229,2026-08-03,CUST-0890,Customer 0700,North,Karnataka,Chandigarh,Technology,Smartphones,Premium Phone,1,75236.21,0.02,16879.98,Cash,Consumer
ORD-01230,2026-08-10,CUST-0775,Customer 0706,West,Rajasthan,Ahmedabad,Office Supplies,Writing,Pen Set,2,558.67,0.2,145.32,Credit Card,Consumer
ORD-01231,2026-06-26,CUST-0643,Customer 1171,North,Delhi,Lucknow,Furniture,Chairs,Visitor Chair,6,74204.22,0.2,11446.12,Credit Card,Corporate
ORD-01232,2025-10-06,CUST-0084,Customer 0061,South,Telangana,Hyderabad,Furniture,Storage,Filing Cabinet,5,20749.95,0.05,5663.85,Net Banking,Consumer
ORD-01233,2025-02-26,CUST-0240,Customer 0793,North,Uttar Pradesh,Delhi,Office Supplies,Writing,Markers,6,2496.38,0.08,405.71,UPI,Consumer
ORD-01234,2026-10-26,CUST-0572,Customer 0165,North,Gujarat,Jaipur,Office Supplies,Binders,Ring Binder,1,124.5,0.1,20.07,Cash,Consumer
ORD-01235,2026-03-30,CUST-0843,Customer 0295,East,Karnataka,Kolkata,Furniture,Tables,Work Desk,3,63773.91,0.2,14339.13,Debit Card,Consumer
ORD-01236,2026-04-05,CUST-0287,Customer 0826,East,Rajasthan,Guwahati,Technology,Smartphones,Premium Phone,2,86860.79,0.02,7757.46,UPI,Small Business
ORD-01237,2026-01-29,CUST-0098,Customer 0330,South,Kerala,Hyderabad,Technology,Accessories,Wireless Mouse,3,9833.78,0.15,2086.34,Cash,Consumer
ORD-01238,2026-04-10,CUST-0476,Customer 0183,East,Telangana,Kolkata,Furniture,Storage,Storage Box,1,8300.11,0.02,1292.49,Debit Card,Corporate
ORD-01239,2025-06-18,CUST-0209,Customer 0161,South,Kerala,Chennai,Furniture,Tables,Work Desk,6,92072.6,0.08,11225.07,UPI,Consumer
ORD-01240,2026-05-23,CUST-1119,Customer 1175,West,Delhi,Mumbai,Technology,Smartphones,Android Phone,8,549002.86,0.05,55546.46,Net Banking,Consumer
ORD-01241,2025-06-22,CUST-1186,Customer 0662,South,Karnataka,Chennai,Furniture,Chairs,Visitor Chair,2,20120.1,0.1,2592.54,UPI,Corporate
ORD-01242,2025-09-14,CUST-0209,Customer 0816,East,West Bengal,Kolkata,Technology,Smartphones,Premium Phone,1,30164.52,0.08,3402.03,Cash,Consumer
ORD-01243,2025-06-15,CUST-0189,Customer 1007,South,Kerala,Kochi,Office Supplies,Binders,Presentation Folder,6,3064.28,0.0,468.23,Cash,Consumer
ORD-01244,2026-12-05,CUST-0897,Customer 0479,North,Rajasthan,Jaipur,Furniture,Storage,Bookshelf,3,8676.82,0.15,2337.14,UPI,Small Business
ORD-01245,2026-08-10,CUST-0921,Customer 0047,South,West Bengal,Bengaluru,Office Supplies,Paper,Recycled Paper,2,1794.91,0.0,390.74,Cash,Small Business
ORD-01246,2025-08-30,CUST-0830,Customer 1062,West,Telangana,Surat,Office Supplies,Paper,Premium Paper,1,563.52,0.2,190.27,Credit Card,Corporate
ORD-01247,2025-12-02,CUST-0327,Customer 0177,North,Rajasthan,Lucknow,Office Supplies,Paper,A4 Paper,1,858.45,0.02,236.79,Debit Card,Consumer
ORD-01248,2025-06-28,CUST-0149,Customer 1169,East,Telangana,Patna,Technology,Accessories,Keyboard,1,2322.21,0.0,380.04,Debit Card,Small Business
ORD-01249,2026-10-01,CUST-1110,Customer 0592,West,Uttar Pradesh,Surat,Office Supplies,Paper,Recycled Paper,4,3082.18,0.05,607.32,Credit Card,Consumer
ORD-01250,2026-09-05,CUST-0514,Customer 1040,South,Gujarat,Bengaluru,Furniture,Chairs,Visitor Chair,2,21403.04,0.2,4657.53,UPI,Corporate
ORD-01251,2025-02-06,CUST-0904,Customer 0188,East,Delhi,Kolkata,Office Supplies,Paper,Premium Paper,3,1564.49,0.1,377.94,UPI,Consumer
ORD-01252,2026-09-23,CUST-0926,Customer 0563,West,Rajasthan,Surat,Furniture,Tables,Work Desk,8,144896.94,0.02,18071.43,Credit Card,Small Business
ORD-01253,2026-03-23,CUST-1036,Customer 1019,North,Telangana,Lucknow,Furniture,Storage,Storage Box,3,18947.03,0.2,4400.55,UPI,Corporate
ORD-01254,2025-07-10,CUST-0487,Customer 0756,South,Karnataka,Kochi,Office Supplies,Paper,Recycled Paper,4,3022.13,0.0,694.24,Debit Card,Consumer
ORD-01255,2025-05-08,CUST-0344,Customer 0573,East,Uttar Pradesh,Patna,Furniture,Storage,Storage Box,3,16938.83,0.0,2126.06,UPI,Small Business
ORD-01256,2025-05-24,CUST-0723,Customer 0603,East,Telangana,Guwahati,Furniture,Tables,Work Desk,2,51040.39,0.1,9745.25,UPI,Small Business
ORD-01257,2025-12-15,CUST-0830,Customer 0337,South,Gujarat,Hyderabad,Furniture,Chairs,Office Chair,6,60440.75,0.1,17420.02,Credit Card,Small Business
ORD-01258,2026-08-13,CUST-0352,Customer 0827,East,Kerala,Bhubaneswar,Office Supplies,Binders,Presentation Folder,3,2540.79,0.05,578.83,UPI,Small Business
ORD-01259,2026-12-29,CUST-0802,Customer 0757,South,Delhi,Hyderabad,Office Supplies,Writing,Notebook,1,278.49,0.1,47.69,Credit Card,Small Business
ORD-01260,2025-10-22,CUST-0536,Customer 0460,West,Karnataka,Ahmedabad,Furniture,Storage,Bookshelf,2,2242.69,0.08,581.17,UPI,Corporate
ORD-01261,2025-12-08,CUST-1192,Customer 0484,North,Gujarat,Delhi,Technology,Smartphones,Budget Phone,1,42615.16,0.1,9089.13,Credit Card,Consumer
ORD-01262,2025-07-27,CUST-0220,Customer 0444,East,Telangana,Bhubaneswar,Furniture,Tables,Work Desk,3,37423.78,0.05,10065.79,Debit Card,Small Business
ORD-01263,2025-02-16,CUST-0033,Customer 0545,South,Telangana,Kochi,Furniture,Storage,Storage Box,5,10871.14,0.08,2970.87,Credit Card,Corporate
ORD-01264,2026-06-21,CUST-0969,Customer 1150,North,Karnataka,Delhi,Furniture,Chairs,Ergonomic Chair,3,26231.96,0.0,6434.55,Cash,Small Business
ORD-01265,2025-12-23,CUST-0824,Customer 0334,South,Telangana,Kochi,Technology,Smartphones,Premium Phone,5,96631.38,0.1,16354.74,Debit Card,Small Business
ORD-01266,2025-10-14,CUST-0612,Customer 0344,West,Telangana,Surat,Technology,Smartphones,Budget Phone,5,225262.36,0.08,37444.55,Net Banking,Small Business
ORD-01267,2026-01-08,CUST-0650,Customer 0590,East,Telangana,Guwahati,Office Supplies,Writing,Markers,2,748.15,0.1,175.36,Cash,Consumer
ORD-01268,2025-02-10,CUST-0088,Customer 0320,East,Gujarat,Kolkata,Technology,Accessories,Keyboard,1,3947.39,0.2,319.74,Debit Card,Small Business
ORD-01269,2025-11-30,CUST-0650,Customer 0142,South,Maharashtra,Chennai,Technology,Laptops,Business Laptop,5,372795.15,0.2,36726.8,Credit Card,Corporate
ORD-01270,2025-04-13,CUST-0582,Customer 0622,East,Gujarat,Patna,Technology,Accessories,Wireless Mouse,2,5695.65,0.15,621.65,Cash,Small Business
ORD-01271,2025-08-16,CUST-0867,Customer 0920,West,West Bengal,Surat,Office Supplies,Writing,Notebook,3,922.06,0.2,265.62,Debit Card,Small Business
ORD-01272,2026-01-13,CUST-0590,Customer 0429,West,Tamil Nadu,Pune,Office Supplies,Paper,A4 Paper,3,1524.85,0.15,443.33,Cash,Consumer
ORD-01273,2026-10-23,CUST-0015,Customer 0625,South,Kerala,Bengaluru,Office Supplies,Paper,A4 Paper,1,940.07,0.1,167.94,Credit Card,Consumer
ORD-01274,2026-04-20,CUST-0707,Customer 0050,West,Uttar Pradesh,Mumbai,Technology,Accessories,Wireless Mouse,3,6965.32,0.02,1356.89,UPI,Corporate
ORD-01275,2025-09-24,CUST-0744,Customer 1152,West,Gujarat,Mumbai,Office Supplies,Binders,Ring Binder,6,4027.05,0.08,977.98,Net Banking,Consumer
ORD-01276,2026-11-17,CUST-0929,Customer 0784,West,Uttar Pradesh,Pune,Office Supplies,Paper,Premium Paper,1,308.26,0.2,94.05,UPI,Small Business
ORD-01277,2025-03-06,CUST-0937,Customer 0441,North,Maharashtra,Lucknow,Technology,Accessories,Wireless Mouse,8,25379.65,0.15,3933.94,Net Banking,Small Business
ORD-01278,2025-08-08,CUST-0844,Customer 0351,South,Tamil Nadu,Chennai,Technology,Smartphones,Android Phone,3,66408.4,0.1,14977.93,Net Banking,Corporate
ORD-01279,2026-12-21,CUST-0501,Customer 1183,North,Uttar Pradesh,Chandigarh,Technology,Accessories,USB Hub,6,6540.34,0.05,1206.9,UPI,Corporate
ORD-01280,2025-08-13,CUST-0331,Customer 0806,East,Gujarat,Guwahati,Furniture,Chairs,Ergonomic Chair,3,35373.07,0.15,9863.82,UPI,Consumer
ORD-01281,2026-09-11,CUST-1193,Customer 0899,East,Karnataka,Guwahati,Furniture,Storage,Bookshelf,4,37463.36,0.02,10519.3,UPI,Small Business
ORD-01282,2026-06-24,CUST-1020,Customer 0231,South,Maharashtra,Kochi,Technology,Laptops,Business Laptop,4,251399.63,0.1,38957.33,Net Banking,Small Business
ORD-01283,2025-04-11,CUST-0276,Customer 0747,East,Rajasthan,Bhubaneswar,Office Supplies,Writing,Notebook,1,184.54,0.2,52.6,Credit Card,Small Business
ORD-01284,2026-04-22,CUST-1063,Customer 1032,South,Uttar Pradesh,Chennai,Technology,Laptops,Gaming Laptop,3,244979.42,0.2,56432.55,Cash,Corporate
ORD-01285,2025-08-31,CUST-1096,Customer 0808,East,Karnataka,Bhubaneswar,Office Supplies,Writing,Notebook,2,930.73,0.1,206.13,Credit Card,Consumer
ORD-01286,2025-11-25,CUST-0225,Customer 0943,North,Tamil Nadu,Chandigarh,Furniture,Chairs,Ergonomic Chair,5,50724.41,0.2,13338.73,Debit Card,Consumer
ORD-01287,2025-12-23,CUST-0050,Customer 0190,South,Gujarat,Bengaluru,Technology,Laptops,Ultrabook,5,375228.82,0.15,86562.44,UPI,Corporate
ORD-01288,2026-12-05,CUST-1024,Customer 0191,East,Kerala,Bhubaneswar,Technology,Accessories,Wireless Mouse,3,12702.75,0.08,1184.2,Credit Card,Consumer
ORD-01289,2026-12-19,CUST-0943,Customer 0840,West,West Bengal,Mumbai,Office Supplies,Paper,Recycled Paper,1,394.2,0.0,127.46,UPI,Consumer
ORD-01290,2026-09-25,CUST-0066,Customer 0915,North,Telangana,Delhi,Technology,Laptops,Gaming Laptop,1,73698.18,0.02,6389.35,Debit Card,Small Business
ORD-01291,2026-01-25,CUST-0691,Customer 0427,West,Uttar Pradesh,Pune,Technology,Accessories,USB Hub,1,3405.21,0.1,377.27,Credit Card,Small Business
ORD-01292,2025-06-30,CUST-0206,Customer 0185,South,Gujarat,Kochi,Office Supplies,Writing,Markers,1,449.22,0.2,137.91,Credit Card,Small Business
ORD-01293,2026-01-20,CUST-0264,Customer 0036,West,Kerala,Pune,Furniture,Chairs,Visitor Chair,10,127143.75,0.02,28904.63,UPI,Small Business
ORD-01294,2025-08-08,CUST-1166,Customer 0708,East,Telangana,Guwahati,Office Supplies,Binders,Ring Binder,4,2993.49,0.0,931.19,Cash,Corporate
ORD-01295,2026-07-07,CUST-0751,Customer 0794,North,Gujarat,Delhi,Technology,Smartphones,Android Phone,1,21239.31,0.05,3567.17,UPI,Consumer
ORD-01296,2026-01-06,CUST-0332,Customer 0982,North,Maharashtra,Chandigarh,Technology,Accessories,Wireless Mouse,10,6154.05,0.0,908.3,Cash,Corporate
ORD-01297,2026-08-28,CUST-0046,Customer 0845,East,Maharashtra,Kolkata,Technology,Accessories,USB Hub,4,3107.33,0.0,462.98,UPI,Consumer
ORD-01298,2025-01-08,CUST-0455,Customer 0585,East,Karnataka,Kolkata,Furniture,Tables,Conference Table,1,24499.43,0.15,5725.82,UPI,Consumer
ORD-01299,2026-01-13,CUST-0867,Customer 0632,North,Kerala,Delhi,Office Supplies,Binders,Lever Arch Binder,3,2076.65,0.2,577.24,Credit Card,Corporate
ORD-01300,2025-04-19,CUST-0281,Customer 0515,West,West Bengal,Ahmedabad,Furniture,Tables,Conference Table,8,198266.01,0.05,40906.81,Net Banking,Consumer
ORD-01301,2026-02-27,CUST-1135,Customer 0471,North,Tamil Nadu,Delhi,Office Supplies,Paper,A4 Paper,3,3022.19,0.0,578.58,Net Banking,Corporate
ORD-01302,2026-11-18,CUST-0751,Customer 0918,East,Tamil Nadu,Kolkata,Furniture,Chairs,Ergonomic Chair,3,29009.34,0.1,3989.86,UPI,Small Business
ORD-01303,2025-04-15,CUST-0505,Customer 0111,North,West Bengal,Delhi,Furniture,Storage,Filing Cabinet,1,7488.37,0.0,1449.34,UPI,Corporate
ORD-01304,2025-06-29,CUST-0234,Customer 0403,North,Karnataka,Delhi,Furniture,Tables,Side Table,3,84810.73,0.02,22405.71,Credit Card,Small Business
ORD-01305,2025-09-17,CUST-1017,Customer 0061,West,Maharashtra,Pune,Furniture,Storage,Storage Box,2,17797.51,0.15,3511.58,Credit Card,Small Business
ORD-01306,2026-03-27,CUST-0521,Customer 0896,North,Rajasthan,Chandigarh,Technology,Accessories,Wireless Mouse,1,2585.07,0.2,587.1,Net Banking,Consumer
ORD-01307,2025-02-02,CUST-0118,Customer 0545,North,Rajasthan,Chandigarh,Office Supplies,Paper,Recycled Paper,1,382.82,0.2,93.79,Net Banking,Corporate
ORD-01308,2026-08-26,CUST-0995,Customer 0958,North,Tamil Nadu,Chandigarh,Furniture,Storage,Storage Box,1,1349.07,0.0,174.17,Debit Card,Consumer
ORD-01309,2026-12-18,CUST-0553,Customer 1176,North,Karnataka,Chandigarh,Office Supplies,Paper,Recycled Paper,3,2351.66,0.2,688.99,Debit Card,Consumer
ORD-01310,2026-10-25,CUST-1018,Customer 0809,North,Kerala,Chandigarh,Technology,Laptops,Gaming Laptop,3,217900.51,0.2,37989.5,Cash,Corporate
ORD-01311,2026-07-24,CUST-0600,Customer 0210,South,Rajasthan,Bengaluru,Technology,Smartphones,Budget Phone,1,40524.4,0.08,5720.24,Net Banking,Consumer
ORD-01312,2025-06-28,CUST-0661,Customer 0895,South,Telangana,Chennai,Furniture,Tables,Work Desk,3,50349.07,0.02,8156.24,UPI,Small Business
ORD-01313,2026-03-18,CUST-0286,Customer 0054,East,Maharashtra,Kolkata,Office Supplies,Binders,Ring Binder,5,729.58,0.05,133.53,Net Banking,Consumer
ORD-01314,2026-10-08,CUST-0532,Customer 0195,West,Uttar Pradesh,Pune,Technology,Laptops,Gaming Laptop,1,41751.31,0.15,7744.13,Credit Card,Consumer
ORD-01315,2026-05-31,CUST-0594,Customer 1041,East,Karnataka,Patna,Technology,Laptops,Business Laptop,8,803765.76,0.15,171849.01,Credit Card,Small Business
ORD-01316,2025-08-27,CUST-1170,Customer 0902,West,Uttar Pradesh,Ahmedabad,Furniture,Storage,Filing Cabinet,1,3087.53,0.05,660.58,Debit Card,Corporate
ORD-01317,2025-04-06,CUST-0369,Customer 0387,North,Rajasthan,Jaipur,Technology,Laptops,Gaming Laptop,2,162463.53,0.05,25299.48,Cash,Consumer
ORD-01318,2026-08-28,CUST-0554,Customer 0339,East,Kerala,Patna,Technology,Accessories,USB Hub,1,807.89,0.08,151.8,Net Banking,Small Business
ORD-01319,2026-10-13,CUST-0103,Customer 0548,South,Karnataka,Kochi,Office Supplies,Binders,Presentation Folder,4,2734.77,0.2,671.19,Cash,Corporate
ORD-01320,2026-07-20,CUST-0509,Customer 0363,South,West Bengal,Bengaluru,Furniture,Chairs,Visitor Chair,2,18705.68,0.0,3909.19,Debit Card,Small Business
ORD-01321,2026-11-06,CUST-0816,Customer 0373,South,Gujarat,Hyderabad,Office Supplies,Binders,Lever Arch Binder,6,1002.28,0.1,310.28,Credit Card,Small Business
ORD-01322,2025-09-30,CUST-0928,Customer 1048,West,Gujarat,Ahmedabad,Office Supplies,Binders,Lever Arch Binder,4,1934.78,0.1,456.34,UPI,Consumer
ORD-01323,2025-09-06,CUST-0833,Customer 0564,West,Uttar Pradesh,Mumbai,Technology,Accessories,Keyboard,1,911.95,0.05,157.58,Cash,Consumer
ORD-01324,2026-03-23,CUST-0282,Customer 0530,North,Rajasthan,Jaipur,Furniture,Storage,Bookshelf,3,22836.19,0.1,2909.24,Net Banking,Consumer
ORD-01325,2025-04-26,CUST-0509,Customer 0733,West,Kerala,Mumbai,Furniture,Chairs,Visitor Chair,1,15495.31,0.0,2457.58,UPI,Consumer
ORD-01326,2025-09-12,CUST-0090,Customer 0522,West,Delhi,Mumbai,Technology,Laptops,Gaming Laptop,6,564177.93,0.05,61976.56,Cash,Small Business
ORD-01327,2026-05-23,CUST-0297,Customer 0537,North,Tamil Nadu,Lucknow,Furniture,Storage,Filing Cabinet,2,26106.26,0.05,6659.34,Cash,Consumer
ORD-01328,2026-02-16,CUST-0130,Customer 0963,West,West Bengal,Ahmedabad,Office Supplies,Paper,A4 Paper,2,1459.46,0.2,384.49,Credit Card,Small Business
ORD-01329,2025-01-03,CUST-0821,Customer 0946,South,Uttar Pradesh,Hyderabad,Office Supplies,Writing,Notebook,3,1476.54,0.1,381.25,UPI,Consumer
ORD-01330,2025-12-01,CUST-0379,Customer 0808,East,Rajasthan,Kolkata,Furniture,Tables,Conference Table,10,143394.32,0.2,23052.84,Debit Card,Small Business
ORD-01331,2026-01-26,CUST-1162,Customer 0640,West,Tamil Nadu,Pune,Office Supplies,Writing,Markers,3,1458.68,0.05,490.21,Debit Card,Corporate
ORD-01332,2025-03-01,CUST-0979,Customer 0740,East,Maharashtra,Guwahati,Office Supplies,Paper,A4 Paper,1,331.12,0.1,94.67,Net Banking,Small Business
ORD-01333,2026-09-03,CUST-1102,Customer 1138,North,Rajasthan,Chandigarh,Technology,Laptops,Gaming Laptop,4,203581.9,0.0,23682.9,UPI,Corporate
ORD-01334,2026-09-06,CUST-0115,Customer 0777,East,West Bengal,Bhubaneswar,Furniture,Storage,Storage Box,3,7867.95,0.05,1408.19,Credit Card,Consumer
ORD-01335,2026-01-21,CUST-0769,Customer 0562,North,Uttar Pradesh,Chandigarh,Technology,Smartphones,Budget Phone,2,165806.11,0.0,21045.9,Cash,Corporate
ORD-01336,2025-11-15,CUST-0645,Customer 0868,West,Delhi,Surat,Furniture,Chairs,Ergonomic Chair,2,29675.34,0.0,7942.14,Net Banking,Corporate
ORD-01337,2026-09-16,CUST-0060,Customer 0871,East,Telangana,Kolkata,Office Supplies,Binders,Lever Arch Binder,8,5600.93,0.02,1715.3,UPI,Corporate
ORD-01338,2025-04-22,CUST-0813,Customer 0685,East,Kerala,Patna,Furniture,Chairs,Visitor Chair,2,9800.3,0.15,1686.18,Cash,Corporate
ORD-01339,2025-10-29,CUST-0371,Customer 0926,South,Rajasthan,Bengaluru,Technology,Accessories,USB Hub,5,12073.65,0.0,1303.78,Net Banking,Small Business
ORD-01340,2025-10-15,CUST-0205,Customer 0190,West,Delhi,Ahmedabad,Furniture,Chairs,Ergonomic Chair,2,24398.19,0.0,3275.01,Cash,Corporate
ORD-01341,2026-05-22,CUST-1145,Customer 0262,West,Maharashtra,Mumbai,Technology,Accessories,Wireless Mouse,3,2725.68,0.08,427.91,Credit Card,Consumer
ORD-01342,2025-06-18,CUST-0871,Customer 0156,East,Telangana,Patna,Technology,Smartphones,Premium Phone,4,69914.98,0.2,8536.59,Credit Card,Consumer
ORD-01343,2025-12-21,CUST-0791,Customer 1091,North,Karnataka,Jaipur,Office Supplies,Binders,Ring Binder,6,3923.5,0.05,767.42,Net Banking,Small Business
ORD-01344,2025-08-27,CUST-1032,Customer 0665,East,Gujarat,Bhubaneswar,Furniture,Tables,Side Table,1,7965.1,0.15,1755.1,Debit Card,Corporate
ORD-01345,2025-05-30,CUST-0404,Customer 0158,North,Tamil Nadu,Delhi,Office Supplies,Binders,Lever Arch Binder,2,585.48,0.15,142.53,UPI,Consumer
ORD-01346,2026-09-28,CUST-0174,Customer 0924,South,West Bengal,Kochi,Furniture,Storage,Storage Box,4,43110.83,0.08,10466.92,Net Banking,Consumer
ORD-01347,2026-07-23,CUST-1104,Customer 0778,South,Telangana,Hyderabad,Office Supplies,Writing,Notebook,3,1620.61,0.0,305.2,Credit Card,Corporate
ORD-01348,2025-09-10,CUST-0086,Customer 0523,East,Delhi,Kolkata,Office Supplies,Writing,Pen Set,1,461.39,0.2,104.92,UPI,Consumer
ORD-01349,2025-12-05,CUST-0471,Customer 0626,West,Karnataka,Pune,Furniture,Storage,Storage Box,1,7238.32,0.1,2033.12,Credit Card,Small Business
ORD-01350,2025-12-20,CUST-0353,Customer 0572,North,Gujarat,Delhi,Office Supplies,Binders,Lever Arch Binder,2,958.67,0.0,305.35,Debit Card,Small Business
ORD-01351,2026-12-06,CUST-0136,Customer 0974,East,Kerala,Guwahati,Furniture,Tables,Work Desk,1,23081.67,0.1,6421.82,Cash,Consumer
ORD-01352,2025-09-04,CUST-0253,Customer 0302,West,Uttar Pradesh,Mumbai,Technology,Accessories,USB Hub,6,17488.41,0.15,3272.48,Net Banking,Small Business
ORD-01353,2026-12-09,CUST-0125,Customer 0627,East,Delhi,Patna,Office Supplies,Writing,Notebook,3,928.43,0.1,283.43,Net Banking,Small Business
ORD-01354,2025-04-02,CUST-1107,Customer 0781,South,Gujarat,Kochi,Technology,Smartphones,Premium Phone,2,120960.88,0.02,10381.91,UPI,Corporate
ORD-01355,2025-04-16,CUST-0310,Customer 0231,South,Uttar Pradesh,Chennai,Office Supplies,Writing,Pen Set,1,438.34,0.02,86.64,Net Banking,Consumer
ORD-01356,2026-07-25,CUST-0435,Customer 0344,West,Telangana,Pune,Office Supplies,Paper,A4 Paper,3,2223.68,0.0,650.07,Credit Card,Consumer
ORD-01357,2026-04-18,CUST-0889,Customer 0778,North,Tamil Nadu,Delhi,Technology,Laptops,Business Laptop,1,94921.43,0.15,15521.88,Credit Card,Consumer
ORD-01358,2025-04-06,CUST-0592,Customer 0127,West,Maharashtra,Surat,Technology,Laptops,Ultrabook,2,97414.63,0.05,13773.9,Cash,Corporate
ORD-01359,2026-07-18,CUST-0284,Customer 0400,East,Delhi,Bhubaneswar,Office Supplies,Paper,Recycled Paper,1,676.03,0.08,138.77,Debit Card,Corporate
ORD-01360,2026-02-18,CUST-0374,Customer 0008,East,Delhi,Kolkata,Technology,Laptops,Business Laptop,10,920001.32,0.08,196556.6,Debit Card,Corporate
ORD-01361,2026-11-16,CUST-0799,Customer 0865,West,Gujarat,Surat,Technology,Smartphones,Android Phone,1,71681.41,0.08,16887.5,Credit Card,Consumer
ORD-01362,2025-01-02,CUST-0916,Customer 1110,North,Delhi,Lucknow,Furniture,Tables,Work Desk,4,89077.96,0.02,26511.44,Credit Card,Corporate
ORD-01363,2026-03-06,CUST-1123,Customer 0415,East,Gujarat,Patna,Technology,Accessories,USB Hub,4,1816.64,0.2,201.91,Cash,Consumer
ORD-01364,2026-07-26,CUST-1138,Customer 1066,West,Kerala,Surat,Technology,Smartphones,Budget Phone,1,44604.97,0.02,7421.81,Credit Card,Corporate
ORD-01365,2025-03-21,CUST-1167,Customer 0931,West,Rajasthan,Mumbai,Furniture,Chairs,Ergonomic Chair,2,28581.25,0.05,5763.01,Credit Card,Small Business
ORD-01366,2026-10-09,CUST-1070,Customer 1183,South,Uttar Pradesh,Chennai,Technology,Laptops,Business Laptop,4,294009.69,0.05,44903.61,UPI,Corporate
ORD-01367,2025-05-23,CUST-0150,Customer 0945,North,Delhi,Chandigarh,Technology,Accessories,Wireless Mouse,10,35322.62,0.1,4908.68,Debit Card,Small Business
ORD-01368,2025-10-31,CUST-0789,Customer 0379,East,Tamil Nadu,Kolkata,Furniture,Tables,Conference Table,1,10429.23,0.15,1510.51,Credit Card,Small Business
ORD-01369,2025-06-16,CUST-0289,Customer 0978,South,Delhi,Hyderabad,Technology,Accessories,USB Hub,8,23294.35,0.08,2855.97,Cash,Small Business
ORD-01370,2026-07-21,CUST-0710,Customer 0602,North,Delhi,Lucknow,Technology,Accessories,Keyboard,2,7339.27,0.02,710.72,Net Banking,Consumer
ORD-01371,2026-05-24,CUST-0001,Customer 1177,East,Karnataka,Patna,Office Supplies,Paper,A4 Paper,1,842.14,0.2,272.79,Credit Card,Consumer
ORD-01372,2025-05-20,CUST-0571,Customer 0963,West,Telangana,Pune,Office Supplies,Binders,Lever Arch Binder,1,313.69,0.02,60.31,Cash,Consumer
ORD-01373,2025-06-14,CUST-0537,Customer 0927,East,Maharashtra,Guwahati,Technology,Laptops,Business Laptop,4,260513.96,0.2,42378.75,Credit Card,Consumer
ORD-01374,2026-07-30,CUST-0121,Customer 0188,West,Tamil Nadu,Mumbai,Furniture,Storage,Bookshelf,1,869.97,0.2,159.43,Cash,Corporate
ORD-01375,2025-02-14,CUST-0743,Customer 0466,North,West Bengal,Jaipur,Furniture,Chairs,Visitor Chair,1,4292.6,0.0,1092.71,Credit Card,Small Business
ORD-01376,2025-01-05,CUST-0991,Customer 0526,South,Tamil Nadu,Chennai,Technology,Laptops,Gaming Laptop,2,95600.42,0.05,18056.78,Cash,Small Business
ORD-01377,2026-02-28,CUST-1138,Customer 1174,East,Maharashtra,Guwahati,Office Supplies,Binders,Ring Binder,1,673.72,0.1,171.38,Net Banking,Corporate
ORD-01378,2026-06-12,CUST-0290,Customer 0972,South,Maharashtra,Hyderabad,Furniture,Tables,Work Desk,4,55207.76,0.1,14505.6,Debit Card,Small Business
ORD-01379,2026-11-11,CUST-0826,Customer 0455,North,Telangana,Jaipur,Office Supplies,Paper,A4 Paper,1,470.18,0.05,143.38,Credit Card,Corporate
ORD-01380,2025-06-05,CUST-0862,Customer 1086,East,Karnataka,Bhubaneswar,Office Supplies,Binders,Lever Arch Binder,4,975.45,0.2,193.52,Net Banking,Corporate
ORD-01381,2025-11-03,CUST-1110,Customer 1031,West,Maharashtra,Mumbai,Office Supplies,Binders,Lever Arch Binder,3,650.26,0.15,227.13,Cash,Corporate
ORD-01382,2025-12-05,CUST-0685,Customer 0109,South,West Bengal,Hyderabad,Technology,Smartphones,Budget Phone,2,162171.27,0.02,26990.28,Net Banking,Corporate
ORD-01383,2026-08-02,CUST-0375,Customer 0020,North,Kerala,Lucknow,Furniture,Tables,Side Table,1,12317.96,0.08,1831.71,Credit Card,Small Business
ORD-01384,2026-09-07,CUST-0209,Customer 0479,East,Tamil Nadu,Guwahati,Technology,Laptops,Gaming Laptop,2,184341.61,0.0,34393.2,Credit Card,Consumer
ORD-01385,2026-04-01,CUST-0797,Customer 0111,West,Telangana,Surat,Technology,Accessories,USB Hub,2,1113.28,0.05,214.49,UPI,Small Business
ORD-01386,2025-03-27,CUST-0363,Customer 0002,North,Tamil Nadu,Lucknow,Office Supplies,Writing,Markers,2,1235.03,0.05,357.82,UPI,Consumer
ORD-01387,2025-02-21,CUST-0162,Customer 0655,West,Tamil Nadu,Ahmedabad,Office Supplies,Binders,Ring Binder,5,433.84,0.2,135.57,Debit Card,Consumer
ORD-01388,2026-03-25,CUST-0579,Customer 0090,South,West Bengal,Hyderabad,Office Supplies,Writing,Notebook,2,800.43,0.1,174.46,Credit Card,Corporate
ORD-01389,2026-01-10,CUST-0058,Customer 0473,South,Tamil Nadu,Chennai,Furniture,Storage,Storage Box,2,2878.52,0.15,651.06,Credit Card,Consumer
ORD-01390,2026-08-16,CUST-0243,Customer 0007,West,Gujarat,Ahmedabad,Office Supplies,Writing,Pen Set,4,2725.19,0.0,519.56,Debit Card,Consumer
ORD-01391,2026-07-10,CUST-0615,Customer 0193,North,Maharashtra,Jaipur,Furniture,Chairs,Visitor Chair,8,92519.51,0.05,12174.98,Debit Card,Small Business
ORD-01392,2025-03-14,CUST-0069,Customer 0122,South,Rajasthan,Hyderabad,Furniture,Chairs,Ergonomic Chair,2,26580.74,0.0,4918.56,Net Banking,Small Business
ORD-01393,2026-07-14,CUST-0793,Customer 0900,North,West Bengal,Delhi,Furniture,Storage,Bookshelf,6,76683.59,0.1,10013.51,Debit Card,Consumer
ORD-01394,2026-08-07,CUST-0592,Customer 0629,South,Kerala,Kochi,Office Supplies,Binders,Presentation Folder,4,2525.16,0.02,713.21,Debit Card,Consumer
ORD-01395,2025-01-09,CUST-0447,Customer 0330,North,Delhi,Delhi,Furniture,Tables,Conference Table,5,70679.68,0.02,12733.04,Credit Card,Consumer
ORD-01396,2026-07-05,CUST-0522,Customer 0377,West,Kerala,Pune,Furniture,Tables,Conference Table,2,15675.37,0.05,2179.48,Credit Card,Small Business
ORD-01397,2025-02-02,CUST-1171,Customer 0082,South,Rajasthan,Chennai,Technology,Laptops,Gaming Laptop,1,69827.25,0.0,13822.77,Credit Card,Corporate
ORD-01398,2025-04-30,CUST-0182,Customer 0787,South,Rajasthan,Bengaluru,Office Supplies,Writing,Notebook,3,1900.37,0.02,290.36,Net Banking,Consumer
ORD-01399,2026-07-31,CUST-1140,Customer 1113,South,West Bengal,Bengaluru,Furniture,Storage,Bookshelf,6,79530.11,0.08,14326.15,Debit Card,Small Business
ORD-01400,2025-08-25,CUST-0493,Customer 0859,South,Telangana,Bengaluru,Technology,Accessories,USB Hub,2,6215.52,0.02,890.3,Credit Card,Small Business
ORD-01401,2026-12-13,CUST-0259,Customer 0003,South,West Bengal,Kochi,Furniture,Tables,Side Table,2,17780.78,0.08,4981.94,Credit Card,Consumer
ORD-01402,2025-04-12,CUST-0351,Customer 0139,East,Delhi,Bhubaneswar,Technology,Accessories,USB Hub,1,448.41,0.15,104.56,Cash,Consumer
ORD-01403,2025-08-05,CUST-1097,Customer 0761,West,Delhi,Mumbai,Office Supplies,Binders,Presentation Folder,1,175.57,0.0,44.0,Cash,Small Business
ORD-01404,2026-01-26,CUST-1139,Customer 1059,North,Karnataka,Chandigarh,Office Supplies,Writing,Markers,3,1295.31,0.15,373.24,Credit Card,Corporate
ORD-01405,2025-06-08,CUST-1042,Customer 1192,South,West Bengal,Kochi,Office Supplies,Writing,Notebook,1,563.05,0.08,153.0,UPI,Small Business
ORD-01406,2026-05-04,CUST-0333,Customer 0003,East,Karnataka,Guwahati,Furniture,Chairs,Visitor Chair,3,13052.47,0.02,3263.49,UPI,Small Business
ORD-01407,2025-06-09,CUST-0122,Customer 0517,South,Tamil Nadu,Hyderabad,Office Supplies,Paper,Recycled Paper,8,8861.47,0.02,2503.34,Debit Card,Corporate
ORD-01408,2025-03-09,CUST-0864,Customer 0738,West,Kerala,Ahmedabad,Office Supplies,Paper,Recycled Paper,4,1350.34,0.1,404.5,Cash,Small Business
ORD-01409,2025-02-21,CUST-0568,Customer 0306,South,Maharashtra,Bengaluru,Office Supplies,Paper,Recycled Paper,1,845.94,0.0,234.16,UPI,Consumer
ORD-01410,2025-05-14,CUST-1031,Customer 0192,West,Rajasthan,Surat,Furniture,Chairs,Visitor Chair,2,27433.17,0.15,4249.77,Debit Card,Consumer
ORD-01411,2026-09-02,CUST-0473,Customer 0902,West,West Bengal,Ahmedabad,Furniture,Chairs,Office Chair,5,62855.46,0.05,15634.95,Net Banking,Corporate
ORD-01412,2026-09-05,CUST-0184,Customer 0852,West,Tamil Nadu,Mumbai,Office Supplies,Writing,Pen Set,1,161.85,0.0,45.38,Net Banking,Corporate
ORD-01413,2025-09-11,CUST-1109,Customer 0566,West,Tamil Nadu,Mumbai,Technology,Accessories,USB Hub,1,3840.83,0.2,325.19,Cash,Corporate
ORD-01414,2025-01-15,CUST-1027,Customer 0115,West,Delhi,Pune,Technology,Accessories,Wireless Mouse,1,4106.56,0.0,604.35,Net Banking,Small Business
ORD-01415,2026-06-09,CUST-0807,Customer 0742,East,Delhi,Patna,Furniture,Tables,Work Desk,4,57150.14,0.02,7723.29,Credit Card,Corporate
ORD-01416,2026-09-12,CUST-0387,Customer 0461,East,Kerala,Guwahati,Furniture,Storage,Filing Cabinet,2,14060.36,0.02,3420.53,Net Banking,Corporate
ORD-01417,2025-05-18,CUST-0889,Customer 0241,North,Tamil Nadu,Chandigarh,Office Supplies,Writing,Markers,1,146.97,0.2,27.01,Debit Card,Consumer
ORD-01418,2025-11-25,CUST-0546,Customer 0310,East,Tamil Nadu,Bhubaneswar,Furniture,Storage,Filing Cabinet,4,47174.63,0.15,10372.05,Cash,Small Business
ORD-01419,2025-09-03,CUST-0638,Customer 0174,North,Kerala,Lucknow,Office Supplies,Writing,Notebook,3,388.64,0.08,69.76,Cash,Small Business
ORD-01420,2025-10-16,CUST-0944,Customer 0383,West,Delhi,Ahmedabad,Technology,Laptops,Ultrabook,2,138008.82,0.02,26942.97,Credit Card,Corporate
ORD-01421,2025-03-22,CUST-0750,Customer 1084,South,West Bengal,Chennai,Technology,Smartphones,Android Phone,1,69108.03,0.15,8192.18,Net Banking,Consumer
ORD-01422,2025-12-05,CUST-0929,Customer 0823,East,Kerala,Guwahati,Furniture,Tables,Side Table,4,50184.37,0.15,8448.1,Debit Card,Small Business
ORD-01423,2026-01-31,CUST-1030,Customer 0783,East,Tamil Nadu,Bhubaneswar,Furniture,Chairs,Ergonomic Chair,3,20545.88,0.2,3467.2,Net Banking,Consumer
ORD-01424,2026-08-10,CUST-0681,Customer 0628,East,Uttar Pradesh,Bhubaneswar,Technology,Laptops,Gaming Laptop,1,56453.86,0.15,12720.26,Credit Card,Corporate
ORD-01425,2026-04-03,CUST-0373,Customer 0232,South,Maharashtra,Kochi,Office Supplies,Paper,Premium Paper,2,1834.85,0.08,420.94,Credit Card,Corporate
ORD-01426,2025-10-20,CUST-0108,Customer 0543,East,Uttar Pradesh,Bhubaneswar,Technology,Smartphones,Budget Phone,1,53861.38,0.02,7625.1,Cash,Consumer
ORD-01427,2025-02-27,CUST-0928,Customer 1161,South,Rajasthan,Chennai,Furniture,Chairs,Ergonomic Chair,6,86149.49,0.02,21478.01,UPI,Small Business
ORD-01428,2026-06-28,CUST-0730,Customer 0343,West,Telangana,Pune,Technology,Accessories,Wireless Mouse,4,2158.81,0.15,214.84,Credit Card,Consumer
ORD-01429,2025-10-14,CUST-0361,Customer 0887,East,Uttar Pradesh,Patna,Technology,Accessories,Keyboard,1,1546.01,0.2,363.49,Net Banking,Corporate
ORD-01430,2026-11-24,CUST-0052,Customer 1084,East,Rajasthan,Patna,Technology,Laptops,Gaming Laptop,8,381117.87,0.2,70010.12,Debit Card,Small Business
ORD-01431,2025-07-12,CUST-0400,Customer 0959,South,Karnataka,Chennai,Furniture,Tables,Conference Table,2,14112.42,0.15,2516.31,Credit Card,Corporate
ORD-01432,2026-01-12,CUST-0667,Customer 1064,North,Karnataka,Delhi,Office Supplies,Writing,Markers,5,2634.66,0.1,428.33,Credit Card,Consumer
ORD-01433,2025-07-19,CUST-0246,Customer 0872,South,Karnataka,Kochi,Office Supplies,Paper,Recycled Paper,2,706.08,0.05,171.31,Cash,Corporate
ORD-01434,2025-02-05,CUST-0407,Customer 0250,South,Maharashtra,Bengaluru,Technology,Smartphones,Budget Phone,4,260716.88,0.08,62299.01,Net Banking,Small Business
ORD-01435,2026-10-23,CUST-0382,Customer 1179,East,West Bengal,Guwahati,Office Supplies,Paper,Recycled Paper,1,838.77,0.15,130.31,UPI,Corporate
ORD-01436,2026-10-18,CUST-0907,Customer 0465,South,Kerala,Hyderabad,Office Supplies,Binders,Presentation Folder,6,3800.29,0.02,698.48,UPI,Small Business
ORD-01437,2025-12-29,CUST-0462,Customer 0265,South,Maharashtra,Bengaluru,Furniture,Tables,Conference Table,5,89118.99,0.2,24034.27,Net Banking,Corporate
ORD-01438,2025-07-11,CUST-0797,Customer 1020,North,Tamil Nadu,Chandigarh,Technology,Smartphones,Premium Phone,1,17194.41,0.08,1500.9,Cash,Consumer
ORD-01439,2026-07-21,CUST-0456,Customer 1144,South,Uttar Pradesh,Kochi,Technology,Laptops,Business Laptop,1,81854.41,0.0,11187.48,UPI,Small Business
ORD-01440,2026-02-17,CUST-0980,Customer 0411,North,Delhi,Lucknow,Office Supplies,Writing,Markers,4,2348.23,0.1,755.91,Net Banking,Corporate
ORD-01441,2026-06-05,CUST-0035,Customer 0218,South,Kerala,Chennai,Technology,Laptops,Ultrabook,1,116311.66,0.02,26419.36,Debit Card,Corporate
ORD-01442,2026-10-09,CUST-0378,Customer 0366,South,Delhi,Hyderabad,Office Supplies,Writing,Notebook,4,1465.28,0.15,510.16,Net Banking,Consumer
ORD-01443,2026-10-13,CUST-0981,Customer 0502,West,Tamil Nadu,Pune,Office Supplies,Binders,Ring Binder,1,365.49,0.08,72.53,Credit Card,Small Business
ORD-01444,2025-11-19,CUST-0470,Customer 1145,North,Gujarat,Chandigarh,Furniture,Storage,Bookshelf,5,24304.58,0.0,5040.82,Credit Card,Small Business
ORD-01445,2026-06-05,CUST-0588,Customer 0818,East,Maharashtra,Bhubaneswar,Technology,Accessories,Wireless Mouse,2,2739.54,0.08,508.94,Cash,Small Business
ORD-01446,2025-09-15,CUST-1165,Customer 0149,West,Telangana,Ahmedabad,Furniture,Chairs,Ergonomic Chair,5,69787.32,0.0,12915.94,Credit Card,Corporate
ORD-01447,2026-03-15,CUST-0557,Customer 0035,North,Kerala,Lucknow,Office Supplies,Binders,Ring Binder,4,550.78,0.15,120.31,Credit Card,Small Business
ORD-01448,2025-01-01,CUST-0281,Customer 0038,West,Gujarat,Pune,Office Supplies,Binders,Lever Arch Binder,2,1053.89,0.02,170.77,UPI,Corporate
ORD-01449,2025-11-11,CUST-0151,Customer 0414,South,Kerala,Bengaluru,Technology,Accessories,USB Hub,1,2322.7,0.15,219.19,UPI,Small Business
ORD-01450,2026-05-01,CUST-0442,Customer 0152,West,Telangana,Surat,Furniture,Storage,Storage Box,2,18111.11,0.1,5286.28,Net Banking,Corporate
ORD-01451,2026-04-17,CUST-0695,Customer 1182,West,Uttar Pradesh,Pune,Technology,Accessories,Wireless Mouse,4,3717.33,0.15,752.17,Cash,Small Business
ORD-01452,2026-12-17,CUST-0633,Customer 0416,West,Tamil Nadu,Surat,Furniture,Chairs,Visitor Chair,8,115868.88,0.15,25827.16,Cash,Consumer
ORD-01453,2025-12-09,CUST-0373,Customer 0478,West,Tamil Nadu,Ahmedabad,Furniture,Chairs,Office Chair,4,55383.02,0.2,12410.19,UPI,Consumer
ORD-01454,2025-10-06,CUST-0580,Customer 1154,South,West Bengal,Bengaluru,Office Supplies,Paper,Premium Paper,4,3864.21,0.08,1203.74,Debit Card,Corporate
ORD-01455,2026-11-13,CUST-0892,Customer 1017,North,Rajasthan,Delhi,Technology,Laptops,Gaming Laptop,3,335196.25,0.05,43397.82,Debit Card,Small Business
ORD-01456,2025-02-04,CUST-0527,Customer 0678,West,Karnataka,Surat,Furniture,Chairs,Ergonomic Chair,2,28962.15,0.05,5699.56,Credit Card,Corporate
ORD-01457,2025-10-06,CUST-1158,Customer 0874,South,Kerala,Hyderabad,Furniture,Storage,Filing Cabinet,1,6446.09,0.15,1221.55,UPI,Corporate
ORD-01458,2025-11-25,CUST-0422,Customer 0102,West,Delhi,Mumbai,Technology,Accessories,USB Hub,1,2911.53,0.15,410.02,Cash,Corporate
ORD-01459,2026-03-13,CUST-0614,Customer 0481,North,Tamil Nadu,Jaipur,Furniture,Tables,Work Desk,1,8314.78,0.08,2007.15,Debit Card,Small Business
ORD-01460,2025-12-05,CUST-0537,Customer 0599,East,Maharashtra,Guwahati,Office Supplies,Binders,Lever Arch Binder,2,1542.07,0.08,307.8,Debit Card,Small Business
ORD-01461,2026-09-15,CUST-0497,Customer 0530,East,Gujarat,Kolkata,Furniture,Storage,Filing Cabinet,6,35301.46,0.1,5790.35,Cash,Corporate
ORD-01462,2026-12-18,CUST-1150,Customer 0351,East,Telangana,Bhubaneswar,Office Supplies,Binders,Lever Arch Binder,3,793.14,0.15,251.71,UPI,Consumer
ORD-01463,2026-06-30,CUST-1070,Customer 1194,East,Gujarat,Patna,Technology,Accessories,USB Hub,6,14291.78,0.1,2673.15,Credit Card,Consumer
ORD-01464,2025-02-14,CUST-0981,Customer 0670,South,Gujarat,Bengaluru,Technology,Accessories,Keyboard,4,4323.6,0.0,941.11,Cash,Corporate
ORD-01465,2025-05-09,CUST-0077,Customer 0501,South,Karnataka,Hyderabad,Office Supplies,Writing,Markers,3,836.29,0.1,147.51,Credit Card,Corporate
ORD-01466,2025-01-29,CUST-0290,Customer 0729,East,Tamil Nadu,Patna,Furniture,Tables,Work Desk,3,23515.76,0.1,3053.04,UPI,Consumer
ORD-01467,2025-12-12,CUST-0966,Customer 0005,South,Uttar Pradesh,Kochi,Furniture,Tables,Conference Table,3,53564.23,0.02,9616.82,Net Banking,Consumer
ORD-01468,2026-02-02,CUST-0454,Customer 0174,South,Tamil Nadu,Bengaluru,Furniture,Storage,Bookshelf,1,7425.35,0.15,1328.44,UPI,Small Business
ORD-01469,2025-02-04,CUST-0510,Customer 0400,East,Gujarat,Kolkata,Technology,Smartphones,Android Phone,2,44040.27,0.15,8743.66,Net Banking,Corporate
ORD-01470,2026-08-17,CUST-0852,Customer 1034,South,Rajasthan,Hyderabad,Furniture,Chairs,Visitor Chair,2,7848.43,0.15,1578.61,Cash,Consumer
ORD-01471,2025-02-21,CUST-0314,Customer 0184,North,West Bengal,Chandigarh,Office Supplies,Writing,Pen Set,2,692.53,0.2,184.57,Net Banking,Corporate
ORD-01472,2026-07-04,CUST-0751,Customer 0097,North,Telangana,Lucknow,Furniture,Chairs,Office Chair,5,37657.36,0.0,5570.65,UPI,Small Business
ORD-01473,2025-06-13,CUST-0408,Customer 0412,East,Telangana,Patna,Furniture,Tables,Work Desk,2,25938.23,0.2,6632.42,Cash,Consumer
ORD-01474,2025-01-11,CUST-0471,Customer 0045,South,Maharashtra,Bengaluru,Technology,Laptops,Business Laptop,3,209292.54,0.0,23960.69,UPI,Corporate
ORD-01475,2026-01-09,CUST-0022,Customer 0897,West,Rajasthan,Surat,Furniture,Chairs,Visitor Chair,4,49252.64,0.08,12854.76,UPI,Corporate
ORD-01476,2025-06-27,CUST-0473,Customer 1192,East,Uttar Pradesh,Guwahati,Technology,Accessories,Wireless Mouse,4,5021.61,0.02,446.76,Debit Card,Corporate
ORD-01477,2026-07-08,CUST-0607,Customer 0939,South,Tamil Nadu,Chennai,Technology,Laptops,Gaming Laptop,8,774242.46,0.02,67720.41,Cash,Small Business
ORD-01478,2026-01-18,CUST-0120,Customer 0900,North,Rajasthan,Delhi,Furniture,Storage,Filing Cabinet,4,56473.74,0.02,9751.96,Debit Card,Small Business
ORD-01479,2026-09-30,CUST-0375,Customer 0541,West,Karnataka,Mumbai,Furniture,Storage,Storage Box,2,20280.17,0.05,3944.61,Net Banking,Corporate
ORD-01480,2025-07-04,CUST-0319,Customer 0649,South,Kerala,Kochi,Technology,Accessories,Keyboard,2,5328.24,0.2,1220.07,Credit Card,Small Business
ORD-01481,2025-09-11,CUST-0995,Customer 0511,East,Maharashtra,Patna,Furniture,Storage,Bookshelf,6,55980.46,0.15,14169.19,Net Banking,Small Business
ORD-01482,2026-06-10,CUST-0086,Customer 0483,North,Delhi,Jaipur,Technology,Laptops,Business Laptop,1,46301.81,0.1,7096.32,Cash,Corporate
ORD-01483,2026-09-05,CUST-0310,Customer 0722,North,Tamil Nadu,Delhi,Furniture,Chairs,Ergonomic Chair,1,6264.69,0.15,1803.33,Cash,Small Business
ORD-01484,2025-06-26,CUST-0360,Customer 0292,East,West Bengal,Guwahati,Technology,Accessories,Keyboard,6,22850.9,0.0,3634.18,Net Banking,Small Business
ORD-01485,2025-05-28,CUST-0232,Customer 0770,East,Telangana,Bhubaneswar,Technology,Accessories,Keyboard,1,1054.44,0.2,133.16,Net Banking,Small Business
ORD-01486,2025-01-02,CUST-1106,Customer 0401,East,Maharashtra,Guwahati,Office Supplies,Writing,Markers,1,594.86,0.02,177.27,Debit Card,Corporate
ORD-01487,2025-12-05,CUST-0025,Customer 0555,East,West Bengal,Patna,Technology,Smartphones,Budget Phone,3,198085.77,0.1,34232.73,Credit Card,Consumer
ORD-01488,2025-11-17,CUST-0389,Customer 0918,North,West Bengal,Chandigarh,Office Supplies,Writing,Markers,4,2219.57,0.0,604.65,Debit Card,Small Business
ORD-01489,2026-03-01,CUST-0478,Customer 0549,South,Telangana,Kochi,Furniture,Storage,Storage Box,8,28287.67,0.1,7167.94,Net Banking,Corporate
ORD-01490,2025-12-24,CUST-1112,Customer 0172,West,Telangana,Ahmedabad,Technology,Laptops,Gaming Laptop,1,87542.9,0.0,19411.02,Cash,Consumer
ORD-01491,2026-02-25,CUST-0448,Customer 0087,North,Telangana,Chandigarh,Office Supplies,Writing,Pen Set,2,347.13,0.0,74.46,Cash,Corporate
ORD-01492,2025-06-26,CUST-0608,Customer 0369,East,Karnataka,Patna,Technology,Smartphones,Android Phone,4,179610.02,0.02,32926.18,Net Banking,Corporate
ORD-01493,2025-07-19,CUST-0420,Customer 0220,North,Maharashtra,Chandigarh,Office Supplies,Binders,Presentation Folder,4,1841.39,0.1,401.29,Cash,Consumer
ORD-01494,2025-07-01,CUST-0311,Customer 0194,North,Telangana,Chandigarh,Office Supplies,Writing,Pen Set,1,413.37,0.2,115.11,Credit Card,Corporate
ORD-01495,2026-02-16,CUST-0611,Customer 0018,East,Tamil Nadu,Kolkata,Office Supplies,Binders,Presentation Folder,2,410.18,0.08,105.48,Cash,Consumer
ORD-01496,2026-11-21,CUST-0002,Customer 0088,East,Rajasthan,Guwahati,Office Supplies,Writing,Pen Set,10,2571.74,0.2,454.46,UPI,Small Business
ORD-01497,2026-02-02,CUST-0823,Customer 0578,West,Rajasthan,Surat,Office Supplies,Writing,Markers,2,440.08,0.05,134.31,Debit Card,Small Business
ORD-01498,2026-03-23,CUST-0297,Customer 0367,North,Tamil Nadu,Lucknow,Office Supplies,Paper,A4 Paper,1,478.25,0.1,85.22,UPI,Consumer
ORD-01499,2025-04-26,CUST-0577,Customer 0995,North,Uttar Pradesh,Chandigarh,Office Supplies,Paper,A4 Paper,3,1404.29,0.1,271.58,Cash,Small Business
ORD-01500,2026-09-20,CUST-0569,Customer 1179,North,Uttar Pradesh,Delhi,Furniture,Storage,Bookshelf,4,11332.58,0.1,2603.02,Credit Card,Small Business
ORD-01501,2025-01-22,CUST-0345,Customer 0005,South,Karnataka,Chennai,Technology,Accessories,USB Hub,1,542.4,0.08,80.04,Credit Card,Corporate
ORD-01502,2026-10-09,CUST-0096,Customer 0669,South,Telangana,Chennai,Office Supplies,Binders,Ring Binder,1,535.18,0.0,80.69,Debit Card,Consumer
ORD-01503,2026-11-07,CUST-1157,Customer 0128,South,Karnataka,Bengaluru,Furniture,Storage,Storage Box,2,5225.19,0.2,1206.34,Net Banking,Corporate
ORD-01504,2025-07-31,CUST-1028,Customer 0790,West,Maharashtra,Pune,Furniture,Tables,Work Desk,1,23800.38,0.1,7109.88,UPI,Corporate
ORD-01505,2026-02-17,CUST-0363,Customer 0815,West,West Bengal,Mumbai,Office Supplies,Binders,Presentation Folder,3,516.34,0.1,171.74,Credit Card,Consumer
ORD-01506,2025-08-20,CUST-0313,Customer 0204,West,Uttar Pradesh,Ahmedabad,Technology,Laptops,Business Laptop,4,189569.26,0.2,19923.01,Cash,Small Business
ORD-01507,2026-12-27,CUST-0041,Customer 0832,South,West Bengal,Hyderabad,Technology,Smartphones,Budget Phone,5,251128.46,0.1,39251.21,Net Banking,Corporate
ORD-01508,2026-07-06,CUST-1071,Customer 0206,North,Gujarat,Delhi,Furniture,Storage,Storage Box,3,18549.83,0.0,4345.57,UPI,Consumer
ORD-01509,2026-08-31,CUST-0859,Customer 1187,South,Uttar Pradesh,Kochi,Office Supplies,Binders,Lever Arch Binder,6,986.46,0.15,169.8,UPI,Small Business
ORD-01510,2025-06-04,CUST-0801,Customer 0772,East,Delhi,Guwahati,Office Supplies,Binders,Ring Binder,1,584.41,0.15,183.73,Net Banking,Small Business
ORD-01511,2026-09-24,CUST-1039,Customer 1159,West,Telangana,Pune,Office Supplies,Binders,Presentation Folder,1,702.46,0.08,134.05,Debit Card,Corporate
ORD-01512,2025-05-20,CUST-1187,Customer 0047,South,West Bengal,Hyderabad,Office Supplies,Binders,Presentation Folder,4,2071.18,0.15,434.06,Debit Card,Small Business
ORD-01513,2026-08-11,CUST-0812,Customer 0993,West,Karnataka,Pune,Office Supplies,Binders,Lever Arch Binder,10,5722.13,0.0,1733.2,Cash,Consumer
ORD-01514,2025-10-19,CUST-0831,Customer 0565,West,Tamil Nadu,Ahmedabad,Office Supplies,Writing,Markers,2,428.48,0.1,137.17,Cash,Consumer
ORD-01515,2026-02-13,CUST-1191,Customer 1099,East,Uttar Pradesh,Kolkata,Furniture,Tables,Work Desk,3,31172.17,0.15,5667.27,Credit Card,Corporate
ORD-01516,2026-02-08,CUST-0021,Customer 0670,East,Telangana,Kolkata,Furniture,Tables,Conference Table,3,13379.62,0.15,3146.91,Credit Card,Consumer
ORD-01517,2025-01-19,CUST-1115,Customer 0367,South,Gujarat,Kochi,Technology,Smartphones,Android Phone,2,73727.38,0.1,16535.36,Cash,Corporate
ORD-01518,2025-02-12,CUST-0676,Customer 0989,East,Gujarat,Kolkata,Technology,Laptops,Ultrabook,3,325735.79,0.02,71658.44,Cash,Small Business
ORD-01519,2025-06-02,CUST-0916,Customer 0759,South,Karnataka,Kochi,Furniture,Storage,Filing Cabinet,2,13994.64,0.2,2275.27,Credit Card,Consumer
ORD-01520,2026-09-03,CUST-0729,Customer 0417,South,Karnataka,Bengaluru,Office Supplies,Binders,Presentation Folder,4,1649.21,0.0,442.71,Debit Card,Corporate
ORD-01521,2025-10-29,CUST-0885,Customer 0920,East,Kerala,Kolkata,Office Supplies,Binders,Presentation Folder,2,455.88,0.1,129.01,Credit Card,Small Business
ORD-01522,2025-02-01,CUST-0232,Customer 0418,West,Rajasthan,Mumbai,Office Supplies,Paper,Recycled Paper,2,1187.45,0.15,368.98,Debit Card,Small Business
ORD-01523,2025-02-14,CUST-0806,Customer 0992,North,Gujarat,Delhi,Technology,Smartphones,Premium Phone,8,267502.17,0.02,47142.57,Debit Card,Corporate
ORD-01524,2025-12-19,CUST-0894,Customer 0979,West,Telangana,Ahmedabad,Technology,Smartphones,Android Phone,5,193949.72,0.02,19141.41,Debit Card,Corporate
ORD-01525,2025-10-29,CUST-0901,Customer 0061,South,Gujarat,Chennai,Technology,Laptops,Ultrabook,2,77509.09,0.15,14230.87,Net Banking,Corporate
ORD-01526,2026-03-24,CUST-0669,Customer 0350,West,Tamil Nadu,Surat,Furniture,Storage,Bookshelf,2,19055.3,0.1,3050.96,UPI,Small Business
ORD-01527,2025-04-15,CUST-0341,Customer 0116,South,Karnataka,Hyderabad,Technology,Smartphones,Android Phone,2,140708.64,0.15,19084.55,UPI,Corporate
ORD-01528,2026-10-11,CUST-0949,Customer 1014,South,Telangana,Chennai,Technology,Laptops,Ultrabook,2,165495.92,0.2,30188.91,Net Banking,Corporate
ORD-01529,2026-11-16,CUST-0626,Customer 0349,South,Delhi,Hyderabad,Office Supplies,Binders,Presentation Folder,3,1881.85,0.02,350.38,UPI,Small Business
ORD-01530,2025-02-26,CUST-0689,Customer 0107,East,Uttar Pradesh,Kolkata,Furniture,Chairs,Visitor Chair,2,15830.75,0.0,3178.07,Credit Card,Corporate
ORD-01531,2025-08-08,CUST-0731,Customer 0290,East,Gujarat,Kolkata,Furniture,Tables,Conference Table,3,30435.38,0.2,5657.99,Net Banking,Small Business
ORD-01532,2025-09-24,CUST-0593,Customer 0417,East,Karnataka,Kolkata,Furniture,Chairs,Ergonomic Chair,4,42151.37,0.1,8544.22,Debit Card,Consumer
ORD-01533,2026-12-06,CUST-0412,Customer 0491,West,Uttar Pradesh,Mumbai,Technology,Laptops,Business Laptop,2,135582.14,0.2,27930.25,Cash,Consumer
ORD-01534,2025-06-28,CUST-0983,Customer 1113,West,West Bengal,Mumbai,Office Supplies,Binders,Presentation Folder,1,475.16,0.1,77.77,UPI,Consumer
ORD-01535,2026-02-23,CUST-0670,Customer 0436,East,Delhi,Patna,Technology,Smartphones,Budget Phone,1,15243.87,0.08,2906.11,UPI,Corporate
ORD-01536,2026-01-26,CUST-1017,Customer 0180,North,West Bengal,Delhi,Office Supplies,Writing,Pen Set,4,1179.41,0.02,245.92,Net Banking,Small Business
ORD-01537,2026-02-10,CUST-0280,Customer 1179,West,Gujarat,Pune,Office Supplies,Binders,Presentation Folder,10,8288.0,0.02,1591.13,Net Banking,Small Business
ORD-01538,2025-04-25,CUST-0099,Customer 1091,West,Kerala,Ahmedabad,Furniture,Chairs,Visitor Chair,3,35439.39,0.0,8651.07,Cash,Corporate
ORD-01539,2025-06-17,CUST-0195,Customer 0175,West,Uttar Pradesh,Pune,Office Supplies,Paper,Recycled Paper,5,4720.16,0.15,1377.22,Cash,Corporate
ORD-01540,2025-11-01,CUST-0938,Customer 1194,East,Delhi,Guwahati,Technology,Accessories,Keyboard,4,8115.77,0.1,1657.54,Net Banking,Consumer
ORD-01541,2025-04-24,CUST-0106,Customer 0367,East,Telangana,Patna,Furniture,Storage,Storage Box,4,35257.28,0.02,10230.98,Credit Card,Corporate
ORD-01542,2025-03-25,CUST-0947,Customer 0030,West,Delhi,Mumbai,Technology,Smartphones,Budget Phone,4,164648.63,0.2,25075.41,Cash,Small Business
ORD-01543,2025-06-13,CUST-1072,Customer 0802,East,Uttar Pradesh,Guwahati,Furniture,Chairs,Ergonomic Chair,1,13728.31,0.08,3526.79,Credit Card,Consumer
ORD-01544,2025-04-27,CUST-0168,Customer 1184,South,Maharashtra,Chennai,Office Supplies,Paper,A4 Paper,2,1383.23,0.08,442.34,Cash,Corporate
ORD-01545,2026-08-10,CUST-0342,Customer 0216,North,West Bengal,Chandigarh,Furniture,Storage,Filing Cabinet,1,10740.09,0.2,2481.98,Net Banking,Small Business
ORD-01546,2026-01-18,CUST-0184,Customer 0642,North,Uttar Pradesh,Chandigarh,Furniture,Chairs,Visitor Chair,6,85976.89,0.1,13531.96,Cash,Consumer
ORD-01547,2025-05-05,CUST-1179,Customer 0494,West,Kerala,Mumbai,Office Supplies,Binders,Ring Binder,2,342.09,0.15,102.24,Credit Card,Consumer
ORD-01548,2026-03-13,CUST-0087,Customer 1176,South,Karnataka,Chennai,Office Supplies,Binders,Lever Arch Binder,5,985.72,0.05,171.76,Cash,Corporate
ORD-01549,2025-07-31,CUST-0821,Customer 0143,North,Delhi,Delhi,Technology,Smartphones,Premium Phone,1,16123.69,0.02,3133.5,Cash,Corporate
ORD-01550,2026-02-15,CUST-1164,Customer 0503,South,Maharashtra,Kochi,Furniture,Chairs,Ergonomic Chair,4,15058.76,0.1,3760.36,Debit Card,Consumer
ORD-01551,2026-03-17,CUST-0186,Customer 0752,North,Gujarat,Delhi,Office Supplies,Binders,Presentation Folder,5,1429.62,0.2,455.06,Net Banking,Small Business
ORD-01552,2026-01-01,CUST-0711,Customer 0237,South,Tamil Nadu,Bengaluru,Office Supplies,Binders,Lever Arch Binder,2,1391.65,0.08,366.87,Net Banking,Corporate
ORD-01553,2025-07-06,CUST-0936,Customer 0058,South,Telangana,Kochi,Office Supplies,Writing,Pen Set,5,2397.15,0.02,585.64,Cash,Small Business
ORD-01554,2025-09-19,CUST-0526,Customer 0141,West,Rajasthan,Surat,Furniture,Chairs,Ergonomic Chair,2,30081.04,0.1,4054.84,Credit Card,Consumer
ORD-01555,2026-02-24,CUST-0544,Customer 0088,North,Delhi,Lucknow,Furniture,Storage,Filing Cabinet,5,24168.35,0.15,6898.33,Credit Card,Consumer
ORD-01556,2025-05-18,CUST-1043,Customer 0210,South,Gujarat,Bengaluru,Technology,Smartphones,Android Phone,1,11595.59,0.08,1314.53,Debit Card,Small Business
ORD-01557,2026-08-13,CUST-0844,Customer 1178,East,Karnataka,Patna,Technology,Accessories,USB Hub,2,3007.87,0.02,686.55,Net Banking,Corporate
ORD-01558,2025-06-27,CUST-1036,Customer 1099,West,Gujarat,Ahmedabad,Office Supplies,Writing,Notebook,4,1874.21,0.0,494.67,Cash,Small Business
ORD-01559,2026-07-05,CUST-0930,Customer 0279,West,West Bengal,Ahmedabad,Furniture,Tables,Work Desk,2,42227.14,0.2,10896.52,Credit Card,Corporate
ORD-01560,2026-01-28,CUST-0555,Customer 0072,East,Maharashtra,Bhubaneswar,Technology,Accessories,Keyboard,8,33017.59,0.0,6808.68,Debit Card,Consumer
ORD-01561,2025-08-28,CUST-0440,Customer 0829,North,Gujarat,Lucknow,Technology,Accessories,Keyboard,4,8979.64,0.1,1037.97,Net Banking,Corporate
ORD-01562,2025-12-24,CUST-0396,Customer 1050,North,Rajasthan,Chandigarh,Technology,Laptops,Ultrabook,1,45632.16,0.0,10528.83,Credit Card,Consumer
ORD-01563,2025-06-24,CUST-0477,Customer 0175,South,Kerala,Kochi,Technology,Smartphones,Premium Phone,8,528118.49,0.05,47980.21,Credit Card,Small Business
ORD-01564,2026-12-08,CUST-1014,Customer 0558,East,Tamil Nadu,Patna,Furniture,Chairs,Office Chair,2,14055.93,0.0,1829.91,Cash,Consumer
ORD-01565,2025-11-13,CUST-0203,Customer 0296,South,Telangana,Hyderabad,Furniture,Chairs,Visitor Chair,1,11636.8,0.08,2893.21,Debit Card,Small Business
ORD-01566,2026-08-12,CUST-0834,Customer 0420,West,Telangana,Mumbai,Office Supplies,Writing,Notebook,1,391.9,0.08,135.83,UPI,Corporate
ORD-01567,2025-08-08,CUST-0354,Customer 0859,North,Tamil Nadu,Lucknow,Furniture,Chairs,Office Chair,2,12485.12,0.15,2949.28,Credit Card,Small Business
ORD-01568,2026-05-02,CUST-0025,Customer 0306,North,Uttar Pradesh,Delhi,Technology,Smartphones,Premium Phone,1,46355.45,0.08,5303.9,Net Banking,Corporate
ORD-01569,2026-03-01,CUST-0278,Customer 0144,South,Kerala,Bengaluru,Technology,Laptops,Business Laptop,5,438999.63,0.02,62578.43,Debit Card,Consumer
ORD-01570,2025-09-07,CUST-0280,Customer 0684,West,Kerala,Mumbai,Technology,Smartphones,Premium Phone,2,93466.23,0.0,8909.65,Credit Card,Consumer
ORD-01571,2025-06-14,CUST-0192,Customer 0224,West,Maharashtra,Pune,Office Supplies,Binders,Ring Binder,5,1069.32,0.15,256.95,Cash,Corporate
ORD-01572,2025-09-17,CUST-0648,Customer 0573,North,Rajasthan,Lucknow,Technology,Accessories,Keyboard,1,2730.26,0.0,569.76,Credit Card,Corporate
ORD-01573,2025-02-25,CUST-0297,Customer 0462,North,Gujarat,Jaipur,Office Supplies,Paper,Premium Paper,3,2971.19,0.05,591.19,Debit Card,Consumer
ORD-01574,2026-08-25,CUST-0553,Customer 0169,South,Telangana,Hyderabad,Technology,Laptops,Ultrabook,1,73302.39,0.02,8381.97,Credit Card,Small Business
ORD-01575,2025-07-07,CUST-0862,Customer 0724,East,Delhi,Guwahati,Office Supplies,Binders,Lever Arch Binder,2,1613.28,0.0,309.18,Credit Card,Consumer
ORD-01576,2026-11-25,CUST-0275,Customer 0554,South,Delhi,Kochi,Furniture,Chairs,Visitor Chair,5,42433.19,0.15,9347.8,Debit Card,Small Business
ORD-01577,2026-07-04,CUST-1191,Customer 0187,East,Telangana,Kolkata,Furniture,Chairs,Office Chair,3,13759.59,0.0,2442.88,Net Banking,Small Business
ORD-01578,2026-06-11,CUST-0863,Customer 0260,West,Maharashtra,Ahmedabad,Office Supplies,Writing,Notebook,2,1131.54,0.1,266.58,Net Banking,Corporate
ORD-01579,2026-03-25,CUST-1142,Customer 0182,North,Kerala,Delhi,Office Supplies,Writing,Markers,2,492.15,0.1,147.57,Credit Card,Small Business
ORD-01580,2026-08-08,CUST-1084,Customer 0413,North,Rajasthan,Lucknow,Furniture,Storage,Storage Box,2,5657.63,0.0,730.19,Cash,Small Business
ORD-01581,2025-02-10,CUST-1033,Customer 0324,South,Tamil Nadu,Chennai,Furniture,Chairs,Ergonomic Chair,3,31649.21,0.05,6356.06,UPI,Small Business
ORD-01582,2025-06-20,CUST-0409,Customer 1007,West,Telangana,Ahmedabad,Furniture,Tables,Work Desk,5,42634.19,0.02,5621.97,Credit Card,Corporate
ORD-01583,2025-10-26,CUST-0826,Customer 0929,East,Maharashtra,Kolkata,Technology,Laptops,Business Laptop,1,44614.77,0.1,6259.65,Cash,Consumer
ORD-01584,2025-05-02,CUST-0832,Customer 0006,North,Karnataka,Delhi,Office Supplies,Writing,Notebook,3,1668.7,0.0,290.79,Cash,Consumer
ORD-01585,2026-11-21,CUST-1090,Customer 1183,West,West Bengal,Pune,Technology,Laptops,Ultrabook,6,418635.59,0.15,89197.46,Cash,Consumer
ORD-01586,2026-07-15,CUST-0871,Customer 0984,West,Gujarat,Mumbai,Office Supplies,Writing,Markers,10,2661.25,0.0,900.99,Net Banking,Consumer
ORD-01587,2025-04-10,CUST-0501,Customer 0913,North,Tamil Nadu,Delhi,Technology,Accessories,USB Hub,4,11045.48,0.02,1651.63,Credit Card,Small Business
ORD-01588,2025-05-25,CUST-1175,Customer 0633,North,Telangana,Chandigarh,Technology,Accessories,USB Hub,2,5697.78,0.05,756.42,Credit Card,Consumer
ORD-01589,2026-04-03,CUST-0659,Customer 0769,East,Kerala,Kolkata,Technology,Smartphones,Android Phone,2,65591.88,0.08,9561.89,Cash,Small Business
ORD-01590,2025-04-08,CUST-0120,Customer 1128,East,Telangana,Guwahati,Office Supplies,Writing,Markers,2,1205.8,0.02,353.57,Debit Card,Small Business
ORD-01591,2026-06-10,CUST-0915,Customer 0592,North,Karnataka,Jaipur,Office Supplies,Writing,Pen Set,1,496.87,0.02,139.38,UPI,Corporate
ORD-01592,2025-05-20,CUST-0958,Customer 0466,South,Delhi,Bengaluru,Office Supplies,Binders,Presentation Folder,3,2064.97,0.15,443.87,UPI,Corporate
ORD-01593,2026-07-28,CUST-0286,Customer 1130,East,Delhi,Bhubaneswar,Technology,Smartphones,Premium Phone,2,26009.14,0.02,4659.82,Credit Card,Small Business
ORD-01594,2025-10-21,CUST-0815,Customer 0235,North,Karnataka,Lucknow,Technology,Accessories,Wireless Mouse,8,30691.52,0.05,5227.19,Credit Card,Corporate
ORD-01595,2026-06-19,CUST-0294,Customer 0939,South,Tamil Nadu,Chennai,Technology,Smartphones,Premium Phone,1,40976.83,0.02,6959.88,Credit Card,Consumer
ORD-01596,2025-05-09,CUST-0061,Customer 0542,South,Uttar Pradesh,Chennai,Technology,Accessories,USB Hub,3,14867.77,0.0,2024.03,Debit Card,Consumer
ORD-01597,2025-09-22,CUST-0640,Customer 0782,West,Karnataka,Surat,Furniture,Tables,Work Desk,4,98236.22,0.15,27940.38,Debit Card,Small Business
ORD-01598,2025-04-20,CUST-0181,Customer 0682,South,Maharashtra,Chennai,Furniture,Tables,Work Desk,2,42085.21,0.2,12370.98,Credit Card,Corporate
ORD-01599,2026-03-08,CUST-0171,Customer 1006,West,Rajasthan,Pune,Office Supplies,Binders,Lever Arch Binder,2,1474.92,0.05,385.94,Cash,Consumer
ORD-01600,2025-01-04,CUST-1044,Customer 0803,South,Rajasthan,Hyderabad,Technology,Accessories,USB Hub,3,3139.86,0.02,449.25,Net Banking,Corporate
ORD-01601,2026-02-23,CUST-1118,Customer 0906,West,Uttar Pradesh,Pune,Technology,Smartphones,Android Phone,3,225813.99,0.08,49999.7,Debit Card,Small Business
ORD-01602,2025-02-07,CUST-0846,Customer 0223,East,Uttar Pradesh,Patna,Furniture,Chairs,Visitor Chair,1,5286.76,0.02,978.52,Debit Card,Small Business
ORD-01603,2025-11-11,CUST-0859,Customer 0775,West,Uttar Pradesh,Ahmedabad,Technology,Laptops,Business Laptop,2,134241.43,0.02,17346.13,UPI,Consumer
ORD-01604,2026-01-01,CUST-0526,Customer 1178,South,Telangana,Bengaluru,Furniture,Storage,Bookshelf,3,30740.81,0.2,5660.32,Credit Card,Corporate
ORD-01605,2026-07-14,CUST-1128,Customer 0165,East,Uttar Pradesh,Guwahati,Office Supplies,Paper,A4 Paper,4,1273.36,0.08,388.15,UPI,Corporate
ORD-01606,2026-05-28,CUST-1030,Customer 0367,South,Tamil Nadu,Bengaluru,Office Supplies,Binders,Ring Binder,2,621.68,0.1,191.35,Cash,Small Business
ORD-01607,2025-04-11,CUST-0207,Customer 0090,East,Telangana,Patna,Office Supplies,Paper,Premium Paper,5,3174.47,0.0,696.68,Credit Card,Consumer
ORD-01608,2025-01-31,CUST-0243,Customer 0823,East,Karnataka,Guwahati,Technology,Accessories,USB Hub,5,8601.2,0.02,1028.2,Debit Card,Small Business
ORD-01609,2025-02-24,CUST-0120,Customer 0415,West,Telangana,Mumbai,Technology,Smartphones,Android Phone,4,61872.15,0.2,9951.38,Credit Card,Small Business
ORD-01610,2025-10-10,CUST-0067,Customer 0028,South,Maharashtra,Bengaluru,Office Supplies,Binders,Presentation Folder,3,2287.37,0.0,379.79,Debit Card,Corporate
ORD-01611,2026-07-23,CUST-0850,Customer 0094,North,Tamil Nadu,Jaipur,Technology,Accessories,Keyboard,3,10664.43,0.08,2153.24,Net Banking,Consumer
ORD-01612,2026-04-23,CUST-1073,Customer 0674,East,Delhi,Kolkata,Office Supplies,Writing,Markers,4,451.47,0.2,156.04,Credit Card,Small Business
ORD-01613,2026-04-29,CUST-0341,Customer 1144,North,Uttar Pradesh,Delhi,Technology,Smartphones,Premium Phone,3,72196.5,0.15,7154.73,Net Banking,Small Business
ORD-01614,2026-03-02,CUST-0217,Customer 0874,North,Karnataka,Lucknow,Technology,Smartphones,Budget Phone,4,248448.04,0.08,24326.09,Cash,Small Business
ORD-01615,2026-01-29,CUST-0515,Customer 0986,North,West Bengal,Lucknow,Technology,Laptops,Business Laptop,6,517122.67,0.1,93805.49,Credit Card,Small Business
ORD-01616,2025-01-08,CUST-0373,Customer 0588,South,Uttar Pradesh,Kochi,Furniture,Chairs,Office Chair,2,15537.81,0.2,2161.12,Credit Card,Small Business
ORD-01617,2025-07-18,CUST-0277,Customer 0437,East,Rajasthan,Guwahati,Furniture,Storage,Filing Cabinet,4,4101.17,0.15,1133.0,UPI,Consumer
ORD-01618,2026-04-12,CUST-0532,Customer 0816,North,West Bengal,Lucknow,Office Supplies,Paper,Premium Paper,4,2960.43,0.1,652.72,Credit Card,Corporate
ORD-01619,2026-01-09,CUST-0291,Customer 0184,West,Delhi,Ahmedabad,Technology,Smartphones,Budget Phone,2,99802.93,0.2,23673.94,Credit Card,Small Business
ORD-01620,2026-01-08,CUST-0096,Customer 1071,North,Gujarat,Lucknow,Furniture,Chairs,Ergonomic Chair,3,12271.48,0.0,1953.2,UPI,Corporate
ORD-01621,2025-03-09,CUST-0452,Customer 0049,South,Karnataka,Bengaluru,Office Supplies,Writing,Pen Set,2,701.26,0.2,146.26,Debit Card,Consumer
ORD-01622,2026-01-09,CUST-1127,Customer 0795,West,Gujarat,Mumbai,Technology,Smartphones,Android Phone,1,15420.1,0.0,2163.89,Net Banking,Small Business
ORD-01623,2025-01-18,CUST-0243,Customer 0566,South,West Bengal,Chennai,Office Supplies,Writing,Markers,3,672.77,0.0,101.34,Net Banking,Corporate
ORD-01624,2025-12-12,CUST-0658,Customer 0228,South,Telangana,Kochi,Office Supplies,Writing,Markers,1,561.59,0.08,111.96,Cash,Consumer
ORD-01625,2025-04-11,CUST-0700,Customer 0742,West,Gujarat,Surat,Furniture,Chairs,Office Chair,2,11723.68,0.1,2457.23,UPI,Corporate
ORD-01626,2026-01-14,CUST-0574,Customer 0866,North,West Bengal,Lucknow,Technology,Laptops,Ultrabook,1,59001.14,0.2,7483.41,Net Banking,Consumer
ORD-01627,2025-05-06,CUST-0741,Customer 0787,North,Gujarat,Chandigarh,Technology,Smartphones,Android Phone,1,11195.28,0.2,1791.32,Net Banking,Small Business
ORD-01628,2026-06-27,CUST-0033,Customer 0381,South,West Bengal,Kochi,Office Supplies,Writing,Pen Set,3,610.58,0.05,211.1,Debit Card,Consumer
ORD-01629,2025-09-23,CUST-0808,Customer 1082,East,Rajasthan,Guwahati,Office Supplies,Binders,Presentation Folder,1,220.37,0.1,40.67,UPI,Corporate
ORD-01630,2026-01-22,CUST-0424,Customer 0295,South,West Bengal,Hyderabad,Technology,Smartphones,Premium Phone,1,39825.5,0.08,7345.11,Credit Card,Small Business
ORD-01631,2026-01-02,CUST-0257,Customer 0447,South,Uttar Pradesh,Hyderabad,Technology,Accessories,USB Hub,2,8925.89,0.08,1701.82,Net Banking,Small Business
ORD-01632,2026-08-29,CUST-0479,Customer 0362,West,Karnataka,Mumbai,Furniture,Storage,Storage Box,2,2561.28,0.1,765.46,Debit Card,Corporate
ORD-01633,2026-05-01,CUST-0410,Customer 1184,South,Rajasthan,Hyderabad,Technology,Smartphones,Android Phone,8,447647.07,0.1,91105.34,Credit Card,Corporate
ORD-01634,2025-03-01,CUST-0971,Customer 1025,West,Kerala,Surat,Furniture,Chairs,Ergonomic Chair,4,22335.57,0.05,4334.64,Net Banking,Corporate
ORD-01635,2026-06-24,CUST-0532,Customer 0302,East,Telangana,Guwahati,Furniture,Chairs,Ergonomic Chair,3,37819.38,0.2,4726.36,Net Banking,Consumer
ORD-01636,2025-05-31,CUST-0988,Customer 0212,West,Tamil Nadu,Pune,Furniture,Storage,Filing Cabinet,4,13812.8,0.02,4003.84,Credit Card,Corporate
ORD-01637,2025-10-29,CUST-0323,Customer 1113,East,Delhi,Patna,Furniture,Storage,Filing Cabinet,1,14270.73,0.02,1859.43,Credit Card,Corporate
ORD-01638,2026-08-16,CUST-0017,Customer 0425,East,Kerala,Patna,Office Supplies,Writing,Pen Set,1,100.08,0.0,31.74,UPI,Consumer
ORD-01639,2026-02-12,CUST-0551,Customer 1015,North,Tamil Nadu,Jaipur,Office Supplies,Binders,Presentation Folder,1,698.98,0.05,130.62,Credit Card,Corporate
ORD-01640,2025-07-18,CUST-0913,Customer 0081,North,Delhi,Delhi,Furniture,Tables,Work Desk,5,140198.89,0.0,26919.75,Credit Card,Consumer
ORD-01641,2025-08-18,CUST-0232,Customer 0903,East,Telangana,Bhubaneswar,Technology,Laptops,Gaming Laptop,1,102253.06,0.05,14343.82,Cash,Corporate
ORD-01642,2025-11-29,CUST-0533,Customer 0125,West,Telangana,Surat,Technology,Accessories,Wireless Mouse,8,23437.52,0.0,4655.38,Debit Card,Small Business
ORD-01643,2026-05-21,CUST-0370,Customer 1108,East,Tamil Nadu,Kolkata,Office Supplies,Writing,Pen Set,2,989.29,0.08,287.04,UPI,Small Business
ORD-01644,2025-03-02,CUST-0257,Customer 0882,North,Rajasthan,Lucknow,Technology,Smartphones,Budget Phone,8,111501.6,0.1,23497.48,Net Banking,Corporate
ORD-01645,2025-09-29,CUST-0766,Customer 0048,East,West Bengal,Bhubaneswar,Furniture,Chairs,Visitor Chair,2,24828.93,0.02,5607.87,Credit Card,Small Business
ORD-01646,2025-01-23,CUST-0348,Customer 0092,West,Uttar Pradesh,Ahmedabad,Technology,Smartphones,Budget Phone,2,88590.12,0.08,19085.68,Credit Card,Small Business
ORD-01647,2025-11-03,CUST-0488,Customer 0067,North,Gujarat,Jaipur,Office Supplies,Paper,A4 Paper,1,405.52,0.05,123.82,Debit Card,Small Business
ORD-01648,2025-06-21,CUST-0502,Customer 0733,North,Tamil Nadu,Jaipur,Technology,Laptops,Gaming Laptop,2,228896.41,0.02,18551.98,Credit Card,Consumer
ORD-01649,2026-12-01,CUST-0069,Customer 0463,East,Rajasthan,Guwahati,Furniture,Chairs,Office Chair,4,46636.93,0.05,7977.82,Cash,Small Business
ORD-01650,2025-06-17,CUST-0874,Customer 0271,East,Karnataka,Bhubaneswar,Office Supplies,Paper,A4 Paper,1,346.49,0.2,69.04,Cash,Consumer
ORD-01651,2025-12-08,CUST-0805,Customer 0642,East,Kerala,Bhubaneswar,Technology,Laptops,Gaming Laptop,1,91304.45,0.1,8144.83,Cash,Small Business
ORD-01652,2025-11-13,CUST-0762,Customer 0570,South,Telangana,Bengaluru,Technology,Laptops,Business Laptop,2,235047.13,0.0,36897.59,Credit Card,Consumer
ORD-01653,2025-04-11,CUST-0272,Customer 0371,West,Rajasthan,Pune,Office Supplies,Binders,Presentation Folder,1,160.38,0.08,35.02,Net Banking,Consumer
ORD-01654,2025-10-08,CUST-0970,Customer 0653,South,Telangana,Bengaluru,Furniture,Tables,Work Desk,1,21218.58,0.08,5811.66,Cash,Small Business
ORD-01655,2025-08-23,CUST-0055,Customer 0010,West,Kerala,Ahmedabad,Furniture,Chairs,Office Chair,6,74620.98,0.08,10572.58,Cash,Consumer
ORD-01656,2025-08-24,CUST-0680,Customer 0727,East,Karnataka,Guwahati,Technology,Smartphones,Android Phone,4,103787.14,0.0,14178.7,Debit Card,Consumer
ORD-01657,2025-02-20,CUST-1060,Customer 0905,East,West Bengal,Bhubaneswar,Office Supplies,Paper,A4 Paper,1,786.74,0.02,222.83,Cash,Corporate
ORD-01658,2025-04-06,CUST-1028,Customer 1117,South,Maharashtra,Hyderabad,Furniture,Storage,Filing Cabinet,4,19971.41,0.2,2868.55,Debit Card,Small Business
ORD-01659,2026-05-20,CUST-0085,Customer 0884,East,West Bengal,Kolkata,Office Supplies,Paper,Recycled Paper,1,905.03,0.2,233.99,Net Banking,Small Business
ORD-01660,2026-09-25,CUST-0118,Customer 0340,South,Delhi,Chennai,Technology,Laptops,Ultrabook,3,254270.11,0.05,24217.7,Net Banking,Small Business
ORD-01661,2026-06-24,CUST-1087,Customer 0394,East,Uttar Pradesh,Patna,Furniture,Chairs,Visitor Chair,3,19207.57,0.2,3547.06,UPI,Corporate
ORD-01662,2026-11-06,CUST-1198,Customer 0345,West,Delhi,Surat,Technology,Smartphones,Android Phone,3,36744.52,0.08,5774.8,Debit Card,Consumer
ORD-01663,2025-01-09,CUST-0218,Customer 1093,East,Telangana,Guwahati,Technology,Accessories,Keyboard,1,1234.29,0.02,270.47,Debit Card,Small Business
ORD-01664,2025-07-04,CUST-0027,Customer 0186,West,Telangana,Pune,Furniture,Tables,Work Desk,1,15049.41,0.2,2488.44,UPI,Consumer
ORD-01665,2026-11-02,CUST-0856,Customer 0808,East,Telangana,Kolkata,Furniture,Storage,Storage Box,1,3450.04,0.0,790.02,Net Banking,Consumer
ORD-01666,2026-08-18,CUST-0740,Customer 0882,South,Maharashtra,Kochi,Furniture,Chairs,Ergonomic Chair,6,80536.38,0.2,21829.05,UPI,Consumer
ORD-01667,2025-03-28,CUST-1178,Customer 0450,West,Maharashtra,Ahmedabad,Office Supplies,Paper,A4 Paper,3,2793.95,0.0,831.1,Debit Card,Consumer
ORD-01668,2025-01-06,CUST-0096,Customer 0860,South,Karnataka,Chennai,Technology,Smartphones,Premium Phone,8,147675.56,0.02,20847.57,Cash,Consumer
ORD-01669,2025-02-26,CUST-0971,Customer 0893,West,Telangana,Surat,Office Supplies,Paper,Premium Paper,2,1070.96,0.15,320.94,Net Banking,Corporate
ORD-01670,2025-04-03,CUST-0911,Customer 0872,South,Telangana,Hyderabad,Technology,Laptops,Ultrabook,3,204086.96,0.02,25188.47,UPI,Small Business
ORD-01671,2026-12-31,CUST-0191,Customer 0892,North,Gujarat,Jaipur,Technology,Smartphones,Android Phone,6,69700.22,0.1,8464.12,UPI,Consumer
ORD-01672,2026-04-27,CUST-0796,Customer 1072,North,Delhi,Lucknow,Furniture,Tables,Conference Table,4,29099.99,0.08,4427.91,Net Banking,Corporate
ORD-01673,2026-03-15,CUST-0143,Customer 0970,North,Delhi,Lucknow,Office Supplies,Paper,Premium Paper,1,824.18,0.0,258.59,Debit Card,Consumer
ORD-01674,2025-02-12,CUST-0346,Customer 0588,West,Uttar Pradesh,Mumbai,Technology,Smartphones,Budget Phone,1,54084.63,0.05,10361.17,UPI,Corporate
ORD-01675,2025-07-21,CUST-1027,Customer 0797,East,Kerala,Guwahati,Furniture,Chairs,Ergonomic Chair,2,10162.82,0.08,2648.05,Debit Card,Corporate
ORD-01676,2026-03-05,CUST-1146,Customer 1163,North,Karnataka,Jaipur,Furniture,Tables,Side Table,2,22788.92,0.2,5856.56,Debit Card,Small Business
ORD-01677,2025-01-04,CUST-0695,Customer 0466,West,Uttar Pradesh,Pune,Technology,Accessories,Keyboard,2,6464.66,0.15,529.68,Debit Card,Small Business
ORD-01678,2026-08-28,CUST-0033,Customer 0067,East,Kerala,Patna,Office Supplies,Binders,Ring Binder,4,678.54,0.02,145.38,UPI,Corporate
ORD-01679,2025-04-07,CUST-0602,Customer 0455,North,West Bengal,Chandigarh,Office Supplies,Binders,Ring Binder,5,1461.06,0.15,339.13,Cash,Small Business
ORD-01680,2026-10-30,CUST-0720,Customer 0852,East,Gujarat,Guwahati,Technology,Smartphones,Android Phone,2,73657.96,0.1,14760.37,Net Banking,Corporate
ORD-01681,2026-11-06,CUST-0609,Customer 0179,South,Uttar Pradesh,Kochi,Technology,Smartphones,Budget Phone,6,381585.55,0.2,34626.21,Debit Card,Small Business
ORD-01682,2026-06-14,CUST-0631,Customer 0686,North,Karnataka,Delhi,Technology,Smartphones,Premium Phone,1,63590.96,0.2,6206.44,Net Banking,Small Business
ORD-01683,2025-02-07,CUST-0467,Customer 0508,West,West Bengal,Mumbai,Furniture,Chairs,Ergonomic Chair,6,55070.77,0.0,9953.65,Debit Card,Corporate
ORD-01684,2026-04-28,CUST-0247,Customer 1123,South,Telangana,Chennai,Technology,Smartphones,Premium Phone,4,236226.74,0.0,49793.7,UPI,Small Business
ORD-01685,2026-06-09,CUST-0926,Customer 1041,South,Uttar Pradesh,Kochi,Furniture,Tables,Side Table,5,94766.97,0.1,11647.43,Net Banking,Corporate
ORD-01686,2025-11-08,CUST-0347,Customer 1055,South,Kerala,Hyderabad,Office Supplies,Writing,Pen Set,4,1152.25,0.1,268.41,Cash,Corporate
ORD-01687,2026-08-08,CUST-0283,Customer 0285,West,Tamil Nadu,Mumbai,Office Supplies,Binders,Presentation Folder,1,304.4,0.15,84.43,Net Banking,Consumer
ORD-01688,2026-02-05,CUST-0422,Customer 0383,East,Karnataka,Patna,Office Supplies,Paper,Recycled Paper,4,3941.66,0.08,614.69,Credit Card,Corporate
ORD-01689,2025-03-24,CUST-1161,Customer 1099,South,Telangana,Bengaluru,Furniture,Chairs,Visitor Chair,4,42193.13,0.1,11437.5,Net Banking,Consumer
ORD-01690,2025-01-07,CUST-1094,Customer 0867,South,Gujarat,Kochi,Office Supplies,Binders,Ring Binder,2,1436.18,0.0,346.85,Cash,Corporate
ORD-01691,2026-11-12,CUST-0481,Customer 0179,South,Maharashtra,Kochi,Office Supplies,Binders,Ring Binder,4,447.0,0.1,114.93,Debit Card,Corporate
ORD-01692,2026-09-06,CUST-0368,Customer 0131,North,Kerala,Delhi,Furniture,Tables,Side Table,2,40524.79,0.0,12112.82,Debit Card,Small Business
ORD-01693,2026-06-09,CUST-0570,Customer 0503,West,Karnataka,Pune,Technology,Smartphones,Premium Phone,3,241466.52,0.05,28280.57,UPI,Small Business
ORD-01694,2026-01-21,CUST-0556,Customer 0455,North,Tamil Nadu,Lucknow,Office Supplies,Writing,Pen Set,3,1010.57,0.0,229.68,Debit Card,Small Business
ORD-01695,2026-11-01,CUST-1047,Customer 0191,North,Delhi,Delhi,Furniture,Storage,Bookshelf,3,34054.69,0.15,8121.04,Credit Card,Consumer
ORD-01696,2025-02-13,CUST-0914,Customer 0099,West,Maharashtra,Mumbai,Technology,Smartphones,Android Phone,8,591706.1,0.08,107057.22,Credit Card,Small Business
ORD-01697,2026-10-29,CUST-0607,Customer 0613,North,Uttar Pradesh,Delhi,Furniture,Chairs,Ergonomic Chair,1,4833.07,0.08,1058.68,Debit Card,Consumer
ORD-01698,2026-10-25,CUST-0957,Customer 0565,North,Tamil Nadu,Lucknow,Technology,Accessories,USB Hub,8,24976.58,0.1,2732.84,Credit Card,Corporate
ORD-01699,2025-06-25,CUST-0968,Customer 0832,North,Rajasthan,Lucknow,Office Supplies,Writing,Pen Set,6,2903.1,0.08,933.97,UPI,Consumer
ORD-01700,2026-03-08,CUST-0399,Customer 0542,North,Gujarat,Jaipur,Technology,Laptops,Ultrabook,1,43202.81,0.2,9017.05,Debit Card,Consumer
ORD-01701,2026-05-12,CUST-0013,Customer 0167,East,Telangana,Patna,Office Supplies,Writing,Pen Set,2,860.39,0.1,246.15,Credit Card,Small Business
ORD-01702,2025-04-03,CUST-0320,Customer 0457,East,West Bengal,Bhubaneswar,Furniture,Chairs,Visitor Chair,1,14538.22,0.1,1793.17,Debit Card,Consumer
ORD-01703,2026-09-17,CUST-0772,Customer 0920,North,Karnataka,Jaipur,Office Supplies,Binders,Presentation Folder,5,1959.59,0.15,316.98,UPI,Corporate
ORD-01704,2026-03-12,CUST-0524,Customer 1027,South,Tamil Nadu,Kochi,Furniture,Chairs,Visitor Chair,2,14945.16,0.02,3672.21,Cash,Corporate
ORD-01705,2026-06-07,CUST-1120,Customer 0301,East,Tamil Nadu,Guwahati,Office Supplies,Paper,A4 Paper,5,5130.09,0.05,1631.78,Debit Card,Small Business
ORD-01706,2025-07-22,CUST-0261,Customer 0473,West,Rajasthan,Surat,Technology,Accessories,Keyboard,4,6417.93,0.08,669.8,Credit Card,Corporate
ORD-01707,2025-11-14,CUST-1162,Customer 0993,West,Telangana,Surat,Office Supplies,Writing,Notebook,3,978.45,0.02,219.73,UPI,Small Business
ORD-01708,2025-05-12,CUST-0023,Customer 0787,North,Rajasthan,Chandigarh,Technology,Accessories,USB Hub,1,2061.98,0.08,350.92,Net Banking,Consumer
ORD-01709,2025-06-08,CUST-1123,Customer 0508,West,Maharashtra,Surat,Technology,Laptops,Gaming Laptop,10,659444.86,0.1,122108.54,Debit Card,Small Business
ORD-01710,2026-03-21,CUST-0026,Customer 0617,West,Tamil Nadu,Surat,Office Supplies,Writing,Markers,3,1529.6,0.02,343.29,UPI,Corporate
ORD-01711,2025-07-14,CUST-0174,Customer 0317,South,Telangana,Bengaluru,Office Supplies,Binders,Presentation Folder,1,735.47,0.02,199.04,Net Banking,Consumer
ORD-01712,2026-02-13,CUST-0301,Customer 0138,North,Gujarat,Delhi,Technology,Smartphones,Premium Phone,8,106256.36,0.15,16429.96,UPI,Consumer
ORD-01713,2025-06-05,CUST-1114,Customer 0963,East,Telangana,Kolkata,Technology,Smartphones,Android Phone,3,35688.16,0.1,5685.59,Credit Card,Small Business
ORD-01714,2025-01-12,CUST-0675,Customer 0310,West,Karnataka,Ahmedabad,Office Supplies,Binders,Lever Arch Binder,5,968.21,0.15,171.46,Cash,Consumer
ORD-01715,2025-04-15,CUST-0535,Customer 1145,South,Kerala,Hyderabad,Technology,Laptops,Ultrabook,10,1057416.76,0.08,187565.64,Net Banking,Consumer
ORD-01716,2026-10-06,CUST-0006,Customer 0919,North,Kerala,Chandigarh,Furniture,Storage,Filing Cabinet,1,11314.23,0.15,2100.02,Net Banking,Corporate
ORD-01717,2025-10-25,CUST-0014,Customer 0635,North,Maharashtra,Lucknow,Office Supplies,Binders,Lever Arch Binder,4,755.98,0.15,210.46,Debit Card,Corporate
ORD-01718,2026-09-26,CUST-0647,Customer 0829,East,Tamil Nadu,Kolkata,Office Supplies,Paper,Premium Paper,1,454.98,0.02,112.12,Credit Card,Consumer
ORD-01719,2026-03-06,CUST-0177,Customer 1179,West,Telangana,Surat,Furniture,Chairs,Visitor Chair,3,15798.62,0.05,2072.46,Credit Card,Consumer
ORD-01720,2025-07-08,CUST-0602,Customer 0636,East,Gujarat,Kolkata,Office Supplies,Paper,Recycled Paper,1,710.07,0.0,133.48,Net Banking,Corporate
ORD-01721,2025-08-19,CUST-0646,Customer 0135,North,Karnataka,Chandigarh,Furniture,Tables,Work Desk,8,118483.39,0.08,32687.23,Net Banking,Corporate
ORD-01722,2026-01-01,CUST-0184,Customer 0990,East,Maharashtra,Kolkata,Office Supplies,Paper,Premium Paper,8,5768.99,0.15,1508.43,UPI,Small Business
ORD-01723,2026-07-26,CUST-0726,Customer 1043,East,Karnataka,Kolkata,Furniture,Tables,Conference Table,2,17666.36,0.1,4708.26,Debit Card,Corporate
ORD-01724,2025-09-12,CUST-0240,Customer 0816,North,Karnataka,Delhi,Furniture,Tables,Conference Table,5,54193.58,0.08,13029.97,Net Banking,Corporate
ORD-01725,2025-11-23,CUST-0639,Customer 0241,North,Uttar Pradesh,Delhi,Furniture,Chairs,Visitor Chair,5,33437.25,0.0,8326.83,Debit Card,Consumer
ORD-01726,2025-06-14,CUST-0082,Customer 0489,South,Uttar Pradesh,Chennai,Technology,Laptops,Ultrabook,1,43065.22,0.08,6157.68,Debit Card,Small Business
ORD-01727,2026-02-06,CUST-0659,Customer 0323,West,Kerala,Ahmedabad,Office Supplies,Writing,Notebook,2,167.48,0.1,25.54,Debit Card,Consumer
ORD-01728,2026-03-04,CUST-0271,Customer 0410,West,Karnataka,Ahmedabad,Office Supplies,Binders,Presentation Folder,5,2466.06,0.15,486.67,UPI,Small Business
ORD-01729,2026-03-19,CUST-0999,Customer 0088,West,Uttar Pradesh,Ahmedabad,Furniture,Chairs,Visitor Chair,6,79767.58,0.2,20608.11,Cash,Small Business
ORD-01730,2025-04-05,CUST-1108,Customer 0578,West,Maharashtra,Mumbai,Office Supplies,Paper,A4 Paper,4,4248.34,0.1,1231.42,Credit Card,Consumer
ORD-01731,2025-02-18,CUST-0703,Customer 0334,South,Rajasthan,Chennai,Furniture,Tables,Work Desk,3,19996.77,0.1,3618.03,UPI,Consumer
ORD-01732,2025-06-12,CUST-0301,Customer 0038,North,Delhi,Delhi,Office Supplies,Writing,Markers,10,800.45,0.2,229.53,UPI,Small Business
ORD-01733,2025-02-28,CUST-1090,Customer 0282,West,Maharashtra,Mumbai,Furniture,Tables,Conference Table,2,25914.49,0.08,6498.15,Credit Card,Corporate
ORD-01734,2025-10-06,CUST-0863,Customer 0996,North,Rajasthan,Chandigarh,Furniture,Storage,Filing Cabinet,3,31926.61,0.15,5232.73,Net Banking,Consumer
ORD-01735,2025-01-14,CUST-0283,Customer 0788,West,Tamil Nadu,Pune,Technology,Smartphones,Budget Phone,2,134805.84,0.0,18620.51,Cash,Corporate
ORD-01736,2025-02-19,CUST-0678,Customer 0107,North,Rajasthan,Jaipur,Furniture,Tables,Side Table,1,25465.97,0.08,5425.49,UPI,Consumer
ORD-01737,2025-03-31,CUST-0879,Customer 0545,West,Karnataka,Surat,Technology,Smartphones,Android Phone,1,35172.37,0.1,7806.01,Cash,Small Business
ORD-01738,2025-08-31,CUST-0060,Customer 0294,North,Delhi,Delhi,Technology,Accessories,Wireless Mouse,10,31656.43,0.0,6612.37,UPI,Consumer
ORD-01739,2026-12-14,CUST-0751,Customer 0474,East,Tamil Nadu,Guwahati,Technology,Accessories,Wireless Mouse,3,11266.81,0.05,1926.04,Cash,Small Business
ORD-01740,2026-04-20,CUST-0715,Customer 1010,South,Gujarat,Kochi,Technology,Laptops,Ultrabook,2,193541.35,0.02,42208.74,Debit Card,Corporate
ORD-01741,2025-12-04,CUST-0462,Customer 1053,East,Tamil Nadu,Bhubaneswar,Technology,Smartphones,Premium Phone,8,505728.04,0.05,96572.68,Credit Card,Small Business
ORD-01742,2025-10-17,CUST-0677,Customer 0816,North,Rajasthan,Delhi,Office Supplies,Writing,Notebook,3,867.67,0.1,166.83,UPI,Consumer
ORD-01743,2025-08-29,CUST-0837,Customer 0211,East,Rajasthan,Bhubaneswar,Technology,Smartphones,Budget Phone,2,88573.98,0.08,12469.6,UPI,Corporate
ORD-01744,2026-02-20,CUST-0033,Customer 0269,West,Maharashtra,Mumbai,Furniture,Chairs,Ergonomic Chair,4,31147.67,0.2,6101.45,Debit Card,Consumer
ORD-01745,2026-11-27,CUST-0185,Customer 0867,East,West Bengal,Guwahati,Technology,Laptops,Gaming Laptop,4,466467.85,0.0,70247.75,Credit Card,Corporate
ORD-01746,2025-03-18,CUST-0429,Customer 0503,West,Kerala,Mumbai,Furniture,Storage,Bookshelf,2,17657.92,0.02,2931.55,Debit Card,Corporate
ORD-01747,2026-11-28,CUST-0656,Customer 0958,West,Kerala,Ahmedabad,Technology,Accessories,Keyboard,4,18463.56,0.05,2108.67,Credit Card,Corporate
ORD-01748,2026-02-12,CUST-0891,Customer 0616,West,Rajasthan,Mumbai,Office Supplies,Writing,Pen Set,6,2806.29,0.15,743.99,Cash,Consumer
ORD-01749,2025-09-28,CUST-1146,Customer 0943,West,Rajasthan,Ahmedabad,Furniture,Chairs,Visitor Chair,6,33281.44,0.15,7631.74,Cash,Consumer
ORD-01750,2025-04-01,CUST-1111,Customer 0544,East,Maharashtra,Patna,Technology,Laptops,Business Laptop,4,382516.87,0.2,59614.35,Credit Card,Small Business
ORD-01751,2025-05-28,CUST-0982,Customer 0436,North,Telangana,Jaipur,Technology,Laptops,Ultrabook,3,211653.7,0.02,23354.84,UPI,Small Business
ORD-01752,2025-06-17,CUST-0809,Customer 0943,West,Rajasthan,Ahmedabad,Furniture,Chairs,Office Chair,6,91363.35,0.05,14911.7,Cash,Small Business
ORD-01753,2026-07-02,CUST-0693,Customer 0289,South,Karnataka,Hyderabad,Technology,Smartphones,Premium Phone,3,201568.76,0.15,21268.04,UPI,Consumer
ORD-01754,2025-08-22,CUST-0359,Customer 1058,South,Gujarat,Bengaluru,Office Supplies,Paper,Premium Paper,1,831.96,0.08,227.43,Debit Card,Consumer
ORD-01755,2026-11-20,CUST-0990,Customer 0679,South,Delhi,Hyderabad,Furniture,Storage,Filing Cabinet,3,25555.77,0.1,3108.52,Credit Card,Corporate
ORD-01756,2026-09-16,CUST-0143,Customer 0414,East,Uttar Pradesh,Guwahati,Technology,Smartphones,Android Phone,2,144961.14,0.08,24780.1,UPI,Consumer
ORD-01757,2026-03-19,CUST-0309,Customer 0263,North,West Bengal,Delhi,Office Supplies,Binders,Lever Arch Binder,1,869.99,0.02,162.57,Net Banking,Corporate
ORD-01758,2026-02-16,CUST-0612,Customer 0980,West,Karnataka,Pune,Technology,Laptops,Gaming Laptop,3,334508.13,0.0,77870.37,Net Banking,Consumer
ORD-01759,2026-05-31,CUST-0624,Customer 0278,South,Gujarat,Hyderabad,Technology,Laptops,Gaming Laptop,2,199153.79,0.05,21332.26,Credit Card,Small Business
ORD-01760,2026-10-26,CUST-0890,Customer 0970,North,Delhi,Lucknow,Office Supplies,Binders,Presentation Folder,6,814.62,0.05,125.21,Cash,Consumer
ORD-01761,2025-01-15,CUST-0082,Customer 0502,West,Rajasthan,Surat,Furniture,Chairs,Ergonomic Chair,1,10614.61,0.08,2860.35,UPI,Small Business
ORD-01762,2026-05-13,CUST-0428,Customer 0214,East,Uttar Pradesh,Patna,Furniture,Tables,Side Table,3,19306.88,0.05,3411.74,UPI,Small Business
ORD-01763,2026-09-28,CUST-0646,Customer 0643,West,Karnataka,Ahmedabad,Office Supplies,Paper,Premium Paper,4,3013.2,0.08,472.7,Debit Card,Small Business
ORD-01764,2025-09-21,CUST-0781,Customer 0208,South,Telangana,Chennai,Furniture,Tables,Conference Table,1,10203.72,0.02,3015.86,Credit Card,Consumer
ORD-01765,2026-12-18,CUST-0150,Customer 0374,North,West Bengal,Delhi,Furniture,Storage,Bookshelf,2,16859.44,0.05,2072.55,Net Banking,Small Business
ORD-01766,2026-10-15,CUST-0331,Customer 0699,South,Rajasthan,Chennai,Technology,Accessories,USB Hub,2,6742.49,0.08,863.22,Net Banking,Small Business
ORD-01767,2026-10-21,CUST-1119,Customer 0990,West,Karnataka,Mumbai,Office Supplies,Writing,Notebook,8,1314.24,0.02,315.48,Debit Card,Small Business
ORD-01768,2025-09-19,CUST-1179,Customer 0758,East,Rajasthan,Kolkata,Furniture,Storage,Filing Cabinet,1,5424.59,0.15,846.17,Debit Card,Corporate
ORD-01769,2026-02-01,CUST-0395,Customer 1110,East,Maharashtra,Patna,Technology,Accessories,Keyboard,4,10148.09,0.1,1249.17,Credit Card,Small Business
ORD-01770,2026-03-04,CUST-0172,Customer 0787,West,Rajasthan,Pune,Technology,Smartphones,Android Phone,3,42392.04,0.1,9360.55,UPI,Consumer
ORD-01771,2025-12-05,CUST-1023,Customer 1071,North,Rajasthan,Lucknow,Furniture,Tables,Conference Table,4,85785.85,0.08,24980.41,Debit Card,Corporate
ORD-01772,2026-01-31,CUST-1073,Customer 0915,East,Delhi,Patna,Furniture,Chairs,Office Chair,2,13642.97,0.0,1653.97,Cash,Corporate
ORD-01773,2025-06-07,CUST-0359,Customer 0526,South,Gujarat,Hyderabad,Office Supplies,Paper,Premium Paper,2,603.68,0.05,129.8,Debit Card,Consumer
ORD-01774,2025-01-18,CUST-1050,Customer 0478,West,Delhi,Ahmedabad,Technology,Laptops,Business Laptop,2,108214.77,0.1,25938.85,Net Banking,Consumer
ORD-01775,2025-10-02,CUST-0316,Customer 0435,North,Uttar Pradesh,Lucknow,Technology,Laptops,Gaming Laptop,6,339428.96,0.05,71138.35,Net Banking,Consumer
ORD-01776,2026-09-16,CUST-0570,Customer 0142,South,Maharashtra,Bengaluru,Office Supplies,Binders,Presentation Folder,3,374.78,0.1,72.96,Debit Card,Small Business
ORD-01777,2026-08-13,CUST-0998,Customer 0277,North,Gujarat,Lucknow,Office Supplies,Paper,Recycled Paper,3,1684.44,0.2,562.37,Debit Card,Consumer
ORD-01778,2025-02-13,CUST-0951,Customer 0420,East,Delhi,Kolkata,Technology,Smartphones,Premium Phone,3,160984.19,0.05,21063.77,Net Banking,Small Business
ORD-01779,2026-11-25,CUST-0039,Customer 0690,West,Kerala,Ahmedabad,Office Supplies,Paper,Recycled Paper,4,2178.64,0.02,576.48,Cash,Consumer
ORD-01780,2025-02-15,CUST-0478,Customer 0185,South,Delhi,Kochi,Technology,Laptops,Ultrabook,2,155166.38,0.15,34059.96,Cash,Small Business
ORD-01781,2025-06-07,CUST-0084,Customer 0466,South,Tamil Nadu,Hyderabad,Office Supplies,Binders,Presentation Folder,1,757.76,0.02,241.63,Cash,Small Business
ORD-01782,2025-04-27,CUST-0633,Customer 0137,West,Uttar Pradesh,Surat,Furniture,Tables,Side Table,2,30247.35,0.05,8832.84,Net Banking,Small Business
ORD-01783,2026-10-19,CUST-1065,Customer 0812,East,Uttar Pradesh,Bhubaneswar,Technology,Laptops,Ultrabook,4,269275.74,0.2,47667.14,Debit Card,Consumer
ORD-01784,2026-01-05,CUST-1124,Customer 0772,West,Kerala,Pune,Technology,Accessories,Wireless Mouse,6,7544.51,0.0,1493.0,Debit Card,Consumer
ORD-01785,2025-01-03,CUST-0787,Customer 0826,West,Telangana,Surat,Furniture,Tables,Side Table,5,47125.5,0.08,7287.7,Cash,Consumer
ORD-01786,2026-01-26,CUST-0741,Customer 0697,North,Kerala,Chandigarh,Technology,Accessories,Wireless Mouse,3,7436.58,0.05,1521.75,Debit Card,Corporate
ORD-01787,2026-04-07,CUST-1030,Customer 1187,North,Karnataka,Lucknow,Technology,Laptops,Business Laptop,1,67585.72,0.15,10529.93,UPI,Consumer
ORD-01788,2025-11-20,CUST-0559,Customer 1111,South,West Bengal,Kochi,Office Supplies,Writing,Pen Set,5,409.06,0.2,141.41,Credit Card,Small Business
ORD-01789,2026-05-24,CUST-0643,Customer 0643,East,Maharashtra,Patna,Furniture,Storage,Bookshelf,1,8676.59,0.2,1736.45,Cash,Small Business
ORD-01790,2026-05-21,CUST-0119,Customer 1143,North,Kerala,Delhi,Furniture,Storage,Filing Cabinet,1,6730.89,0.1,886.22,Debit Card,Corporate
ORD-01791,2026-06-22,CUST-0047,Customer 0319,West,Karnataka,Pune,Furniture,Storage,Filing Cabinet,3,22293.6,0.08,4324.61,Net Banking,Corporate
ORD-01792,2026-09-10,CUST-0058,Customer 0684,North,Tamil Nadu,Jaipur,Technology,Accessories,Keyboard,1,3030.81,0.15,623.79,Cash,Small Business
ORD-01793,2025-04-11,CUST-1047,Customer 0275,North,Karnataka,Jaipur,Office Supplies,Writing,Notebook,2,687.24,0.15,210.86,Net Banking,Consumer
ORD-01794,2026-05-08,CUST-0301,Customer 1137,West,Telangana,Surat,Office Supplies,Writing,Pen Set,1,559.18,0.1,98.63,Net Banking,Small Business
ORD-01795,2026-04-11,CUST-0095,Customer 0497,South,Delhi,Chennai,Furniture,Storage,Storage Box,5,43683.84,0.15,7630.77,Credit Card,Corporate
ORD-01796,2025-07-15,CUST-0693,Customer 0726,West,West Bengal,Ahmedabad,Furniture,Storage,Storage Box,3,17321.44,0.15,4775.62,Credit Card,Corporate
ORD-01797,2025-12-04,CUST-0697,Customer 0088,West,Delhi,Pune,Office Supplies,Paper,A4 Paper,4,4107.65,0.02,698.42,Net Banking,Small Business
ORD-01798,2025-08-16,CUST-1058,Customer 0561,North,Gujarat,Chandigarh,Technology,Accessories,Wireless Mouse,3,7297.05,0.15,1607.89,Debit Card,Consumer
ORD-01799,2026-05-10,CUST-0106,Customer 0210,East,Telangana,Guwahati,Office Supplies,Writing,Pen Set,1,144.9,0.0,30.68,UPI,Small Business
ORD-01800,2026-07-01,CUST-0153,Customer 0077,East,Kerala,Kolkata,Technology,Smartphones,Budget Phone,1,71659.29,0.15,14332.45,Net Banking,Corporate
ORD-01801,2026-03-13,CUST-1050,Customer 0598,West,Gujarat,Mumbai,Technology,Laptops,Ultrabook,5,501560.37,0.15,61552.26,Net Banking,Corporate
ORD-01802,2026-03-19,CUST-0447,Customer 0276,East,Kerala,Kolkata,Technology,Smartphones,Budget Phone,8,476828.22,0.2,39797.91,Debit Card,Corporate
ORD-01803,2026-12-25,CUST-0329,Customer 0302,South,West Bengal,Kochi,Office Supplies,Writing,Pen Set,2,1138.1,0.08,254.04,UPI,Consumer
ORD-01804,2026-12-24,CUST-0624,Customer 0336,West,Maharashtra,Pune,Office Supplies,Paper,A4 Paper,1,708.02,0.1,158.35,UPI,Consumer
ORD-01805,2025-09-11,CUST-1195,Customer 0887,East,Rajasthan,Kolkata,Furniture,Storage,Bookshelf,2,3341.55,0.15,553.94,Credit Card,Corporate
ORD-01806,2026-10-10,CUST-1173,Customer 0731,South,Uttar Pradesh,Hyderabad,Furniture,Tables,Conference Table,2,38633.31,0.15,5486.69,Debit Card,Small Business
ORD-01807,2025-06-15,CUST-0340,Customer 0158,North,Uttar Pradesh,Lucknow,Furniture,Storage,Storage Box,1,2608.66,0.0,471.13,Credit Card,Corporate
ORD-01808,2025-03-01,CUST-0523,Customer 1152,North,Maharashtra,Chandigarh,Technology,Laptops,Gaming Laptop,4,396826.49,0.08,76130.4,Net Banking,Corporate
ORD-01809,2026-11-12,CUST-0495,Customer 0413,East,Karnataka,Kolkata,Office Supplies,Paper,Recycled Paper,5,4589.31,0.1,1060.19,UPI,Corporate
ORD-01810,2025-07-13,CUST-0852,Customer 0773,East,West Bengal,Kolkata,Office Supplies,Writing,Notebook,4,1735.73,0.02,300.83,Net Banking,Consumer
ORD-01811,2025-09-04,CUST-0570,Customer 0357,West,Karnataka,Surat,Furniture,Tables,Work Desk,10,42817.83,0.15,8175.98,UPI,Consumer
ORD-01812,2026-03-10,CUST-1135,Customer 0453,South,Rajasthan,Chennai,Furniture,Storage,Storage Box,1,8446.67,0.02,2116.19,Net Banking,Corporate
ORD-01813,2026-02-18,CUST-0247,Customer 0562,North,Gujarat,Delhi,Furniture,Tables,Side Table,1,6463.96,0.05,1096.9,Credit Card,Small Business
ORD-01814,2025-11-11,CUST-0287,Customer 0772,South,Karnataka,Chennai,Technology,Smartphones,Android Phone,5,215784.18,0.05,32256.49,Credit Card,Small Business
ORD-01815,2026-10-21,CUST-0782,Customer 0686,West,Delhi,Pune,Furniture,Chairs,Ergonomic Chair,3,15054.67,0.2,3840.13,Cash,Consumer
ORD-01816,2025-02-16,CUST-0054,Customer 0444,South,Uttar Pradesh,Kochi,Office Supplies,Binders,Lever Arch Binder,2,1561.29,0.0,327.44,Debit Card,Consumer
ORD-01817,2025-10-23,CUST-0524,Customer 1126,South,Rajasthan,Hyderabad,Furniture,Chairs,Visitor Chair,1,11064.08,0.2,3256.58,Net Banking,Consumer
ORD-01818,2026-01-05,CUST-0566,Customer 0775,South,Tamil Nadu,Chennai,Office Supplies,Paper,Premium Paper,2,1362.95,0.02,222.46,Debit Card,Small Business
ORD-01819,2026-04-14,CUST-1078,Customer 1059,West,West Bengal,Ahmedabad,Office Supplies,Paper,A4 Paper,1,501.26,0.15,153.55,Cash,Corporate
ORD-01820,2026-05-23,CUST-0892,Customer 0871,South,Tamil Nadu,Bengaluru,Technology,Accessories,Wireless Mouse,3,5138.01,0.05,611.51,Cash,Consumer
ORD-01821,2025-03-29,CUST-0640,Customer 0423,North,Kerala,Chandigarh,Office Supplies,Paper,A4 Paper,4,1269.27,0.08,435.37,Credit Card,Corporate
ORD-01822,2025-01-16,CUST-0996,Customer 1124,North,Tamil Nadu,Delhi,Furniture,Chairs,Ergonomic Chair,2,17375.22,0.15,2409.93,Cash,Corporate
ORD-01823,2026-04-11,CUST-0109,Customer 0833,North,Uttar Pradesh,Delhi,Office Supplies,Writing,Markers,2,895.16,0.05,157.35,Credit Card,Consumer
ORD-01824,2025-01-13,CUST-0828,Customer 0069,West,Karnataka,Pune,Technology,Accessories,Wireless Mouse,2,3698.0,0.15,735.49,UPI,Consumer
ORD-01825,2025-01-20,CUST-0669,Customer 0283,North,Telangana,Jaipur,Office Supplies,Binders,Lever Arch Binder,4,3349.49,0.05,1112.0,Debit Card,Small Business
ORD-01826,2025-09-20,CUST-0655,Customer 1160,North,Telangana,Delhi,Furniture,Chairs,Office Chair,3,27167.21,0.0,4800.63,Credit Card,Consumer
ORD-01827,2025-02-08,CUST-0065,Customer 0655,West,Maharashtra,Surat,Technology,Laptops,Ultrabook,1,67158.41,0.2,6840.81,Cash,Consumer
ORD-01828,2025-02-17,CUST-0155,Customer 0234,South,Maharashtra,Chennai,Technology,Smartphones,Premium Phone,1,18876.96,0.15,3742.65,Debit Card,Small Business
ORD-01829,2026-01-23,CUST-0240,Customer 0440,East,Telangana,Bhubaneswar,Technology,Accessories,Wireless Mouse,4,5190.78,0.05,566.03,UPI,Small Business
ORD-01830,2025-11-02,CUST-0611,Customer 0907,East,Rajasthan,Guwahati,Furniture,Storage,Bookshelf,1,5552.28,0.02,1166.58,Credit Card,Consumer
ORD-01831,2026-01-01,CUST-0507,Customer 0896,East,West Bengal,Patna,Furniture,Chairs,Ergonomic Chair,1,4486.41,0.2,1009.45,Net Banking,Small Business
ORD-01832,2025-08-26,CUST-0730,Customer 0829,South,Tamil Nadu,Hyderabad,Office Supplies,Writing,Notebook,2,854.87,0.1,208.91,Debit Card,Small Business
ORD-01833,2026-02-04,CUST-0323,Customer 0758,South,Maharashtra,Kochi,Furniture,Tables,Conference Table,1,17542.57,0.08,4517.66,Cash,Consumer
ORD-01834,2026-08-19,CUST-0760,Customer 0327,West,Gujarat,Surat,Furniture,Chairs,Ergonomic Chair,10,98891.68,0.02,16303.13,Net Banking,Corporate
ORD-01835,2026-12-18,CUST-0836,Customer 0261,West,Kerala,Surat,Office Supplies,Binders,Presentation Folder,1,257.99,0.1,74.75,Cash,Corporate
ORD-01836,2025-04-16,CUST-0694,Customer 0973,South,Tamil Nadu,Chennai,Furniture,Chairs,Visitor Chair,2,25784.41,0.1,3793.72,UPI,Small Business
ORD-01837,2026-11-07,CUST-0587,Customer 0842,West,Uttar Pradesh,Surat,Technology,Accessories,USB Hub,2,5627.3,0.05,641.51,Debit Card,Small Business
ORD-01838,2025-10-31,CUST-1159,Customer 0964,West,Kerala,Pune,Office Supplies,Writing,Pen Set,1,285.63,0.15,73.6,UPI,Small Business
ORD-01839,2026-06-12,CUST-0403,Customer 0946,North,Tamil Nadu,Lucknow,Technology,Smartphones,Android Phone,3,183564.57,0.0,26246.84,Credit Card,Consumer
ORD-01840,2025-01-05,CUST-0196,Customer 0561,North,Uttar Pradesh,Lucknow,Technology,Smartphones,Android Phone,3,116736.79,0.02,23814.6,Cash,Corporate
ORD-01841,2025-05-06,CUST-0585,Customer 0816,West,Maharashtra,Mumbai,Office Supplies,Paper,Premium Paper,3,2835.96,0.0,500.16,Cash,Corporate
ORD-01842,2026-10-11,CUST-0337,Customer 0796,West,Gujarat,Surat,Technology,Smartphones,Budget Phone,1,29062.7,0.1,6935.5,Debit Card,Corporate
ORD-01843,2026-10-08,CUST-0616,Customer 0024,South,Maharashtra,Chennai,Office Supplies,Paper,Premium Paper,6,1832.45,0.2,570.45,Net Banking,Small Business
ORD-01844,2026-08-04,CUST-0943,Customer 0182,East,Kerala,Kolkata,Office Supplies,Paper,A4 Paper,4,3164.54,0.08,929.49,Net Banking,Corporate
ORD-01845,2026-02-03,CUST-0221,Customer 0348,North,Delhi,Lucknow,Office Supplies,Writing,Pen Set,1,215.44,0.0,33.73,Cash,Consumer
ORD-01846,2025-03-25,CUST-0399,Customer 0464,North,Maharashtra,Lucknow,Office Supplies,Paper,Recycled Paper,4,3286.2,0.0,993.36,Debit Card,Corporate
ORD-01847,2025-04-13,CUST-0577,Customer 0094,South,Kerala,Kochi,Office Supplies,Binders,Lever Arch Binder,1,531.62,0.15,108.84,Cash,Small Business
ORD-01848,2025-09-15,CUST-1115,Customer 0187,East,Tamil Nadu,Kolkata,Office Supplies,Paper,A4 Paper,3,3150.88,0.02,496.39,Net Banking,Consumer
ORD-01849,2026-07-30,CUST-0855,Customer 0855,East,Tamil Nadu,Kolkata,Technology,Laptops,Gaming Laptop,6,565270.73,0.0,58835.38,Net Banking,Small Business
ORD-01850,2025-09-22,CUST-1028,Customer 0675,North,Gujarat,Delhi,Office Supplies,Writing,Pen Set,1,186.24,0.2,56.61,Cash,Corporate
ORD-01851,2026-11-19,CUST-0197,Customer 0995,South,Kerala,Bengaluru,Technology,Smartphones,Android Phone,1,16055.99,0.08,2737.16,Credit Card,Consumer
ORD-01852,2025-04-29,CUST-0417,Customer 0277,West,Tamil Nadu,Mumbai,Technology,Smartphones,Premium Phone,4,76873.56,0.0,15875.51,Cash,Small Business
ORD-01853,2026-11-02,CUST-0181,Customer 0593,East,Tamil Nadu,Kolkata,Technology,Smartphones,Premium Phone,1,54753.75,0.1,9248.09,Credit Card,Consumer
ORD-01854,2026-03-23,CUST-0976,Customer 1045,West,Delhi,Ahmedabad,Furniture,Chairs,Ergonomic Chair,1,15307.47,0.1,2424.13,Net Banking,Corporate
ORD-01855,2026-10-15,CUST-1023,Customer 0618,East,Kerala,Patna,Technology,Accessories,Wireless Mouse,5,7873.95,0.0,677.17,Credit Card,Small Business
ORD-01856,2025-02-19,CUST-0156,Customer 0487,West,Tamil Nadu,Mumbai,Office Supplies,Binders,Ring Binder,1,284.62,0.05,58.86,Debit Card,Consumer
ORD-01857,2026-07-16,CUST-0519,Customer 0706,East,Delhi,Kolkata,Furniture,Storage,Storage Box,4,26005.8,0.08,3431.65,UPI,Corporate
ORD-01858,2025-03-08,CUST-0956,Customer 1196,South,Uttar Pradesh,Kochi,Office Supplies,Binders,Ring Binder,4,386.13,0.05,95.49,Cash,Small Business
ORD-01859,2025-03-01,CUST-0063,Customer 0757,East,Tamil Nadu,Guwahati,Furniture,Tables,Side Table,3,32557.04,0.1,5201.41,Cash,Small Business
ORD-01860,2025-10-31,CUST-0299,Customer 0378,East,West Bengal,Patna,Furniture,Tables,Side Table,1,26529.1,0.05,6900.05,Credit Card,Corporate
ORD-01861,2025-01-09,CUST-0976,Customer 0047,South,Karnataka,Kochi,Furniture,Chairs,Visitor Chair,2,16006.32,0.05,3023.6,Credit Card,Corporate
ORD-01862,2025-09-24,CUST-0083,Customer 1049,East,West Bengal,Kolkata,Technology,Laptops,Gaming Laptop,8,612302.7,0.08,133349.33,Credit Card,Consumer
ORD-01863,2026-05-13,CUST-0278,Customer 1099,North,Telangana,Lucknow,Furniture,Storage,Storage Box,2,2921.48,0.2,750.08,Credit Card,Corporate
ORD-01864,2025-05-24,CUST-0470,Customer 0293,West,Uttar Pradesh,Pune,Technology,Accessories,USB Hub,2,1601.51,0.2,297.14,UPI,Consumer
ORD-01865,2026-01-02,CUST-0609,Customer 0066,South,Karnataka,Chennai,Furniture,Chairs,Visitor Chair,2,14044.91,0.02,3015.18,Debit Card,Consumer
ORD-01866,2025-09-10,CUST-0711,Customer 0061,North,Delhi,Chandigarh,Furniture,Storage,Filing Cabinet,6,25166.53,0.0,6211.49,UPI,Corporate
ORD-01867,2026-03-24,CUST-0593,Customer 0241,West,Delhi,Pune,Technology,Accessories,USB Hub,6,18985.31,0.0,3923.26,Net Banking,Small Business
ORD-01868,2025-11-04,CUST-0210,Customer 0590,North,Delhi,Lucknow,Office Supplies,Paper,A4 Paper,3,890.99,0.2,146.62,UPI,Corporate
ORD-01869,2026-04-11,CUST-0590,Customer 0264,North,Uttar Pradesh,Chandigarh,Technology,Accessories,Wireless Mouse,2,8619.03,0.08,1455.82,Credit Card,Consumer
ORD-01870,2025-01-26,CUST-0466,Customer 0952,North,Uttar Pradesh,Jaipur,Technology,Smartphones,Android Phone,3,181409.32,0.1,33160.91,Cash,Consumer
ORD-01871,2025-09-03,CUST-0825,Customer 1180,South,Karnataka,Bengaluru,Technology,Accessories,USB Hub,4,14304.09,0.05,3275.44,Debit Card,Corporate
ORD-01872,2025-10-12,CUST-0383,Customer 1180,East,Karnataka,Guwahati,Furniture,Tables,Side Table,4,77216.51,0.0,16837.19,Net Banking,Small Business
ORD-01873,2025-01-16,CUST-0773,Customer 0137,West,Karnataka,Mumbai,Office Supplies,Binders,Lever Arch Binder,3,1956.22,0.2,505.97,Net Banking,Corporate
ORD-01874,2025-11-22,CUST-0295,Customer 0910,West,Rajasthan,Surat,Technology,Laptops,Gaming Laptop,2,203421.9,0.0,18975.01,Credit Card,Consumer
ORD-01875,2025-10-15,CUST-0399,Customer 0981,West,Rajasthan,Mumbai,Furniture,Storage,Storage Box,2,3094.35,0.15,382.74,Cash,Small Business
ORD-01876,2025-11-27,CUST-0019,Customer 1089,South,Gujarat,Kochi,Furniture,Tables,Conference Table,5,65983.2,0.2,18718.88,UPI,Consumer
ORD-01877,2026-12-28,CUST-0259,Customer 0631,South,Tamil Nadu,Hyderabad,Technology,Laptops,Gaming Laptop,4,317000.88,0.05,29418.52,Debit Card,Corporate
ORD-01878,2026-08-22,CUST-0059,Customer 0787,South,Telangana,Kochi,Office Supplies,Paper,Premium Paper,2,1439.91,0.05,459.57,Net Banking,Small Business
ORD-01879,2026-11-04,CUST-0296,Customer 0693,West,Kerala,Mumbai,Technology,Smartphones,Android Phone,1,31145.08,0.2,3552.51,Debit Card,Corporate
ORD-01880,2025-02-17,CUST-0573,Customer 0042,South,Telangana,Chennai,Technology,Smartphones,Budget Phone,5,230673.99,0.1,32732.63,Cash,Corporate
ORD-01881,2025-06-10,CUST-0285,Customer 0269,West,Karnataka,Pune,Office Supplies,Writing,Notebook,1,125.3,0.08,26.2,Debit Card,Consumer
ORD-01882,2026-01-27,CUST-0430,Customer 0973,West,Karnataka,Surat,Office Supplies,Paper,A4 Paper,2,1158.8,0.02,382.37,Net Banking,Consumer
ORD-01883,2026-06-29,CUST-0734,Customer 0016,South,Telangana,Hyderabad,Technology,Laptops,Business Laptop,3,291397.81,0.1,25417.24,UPI,Consumer
ORD-01884,2026-09-26,CUST-0463,Customer 1003,West,Kerala,Mumbai,Office Supplies,Writing,Pen Set,2,285.91,0.02,54.99,Net Banking,Consumer
ORD-01885,2026-01-21,CUST-0300,Customer 0378,North,Delhi,Delhi,Technology,Accessories,Wireless Mouse,3,3782.33,0.05,562.98,Net Banking,Small Business
ORD-01886,2026-04-06,CUST-1187,Customer 0293,East,Maharashtra,Patna,Technology,Accessories,USB Hub,8,16401.54,0.05,1318.57,Credit Card,Corporate
ORD-01887,2026-07-02,CUST-0155,Customer 0584,East,Delhi,Bhubaneswar,Technology,Accessories,Wireless Mouse,2,1483.75,0.15,229.97,Net Banking,Corporate
ORD-01888,2025-12-28,CUST-0402,Customer 0214,West,Tamil Nadu,Ahmedabad,Technology,Smartphones,Android Phone,1,65657.45,0.05,15179.8,Net Banking,Corporate
ORD-01889,2026-03-05,CUST-0138,Customer 0257,West,Karnataka,Surat,Office Supplies,Binders,Lever Arch Binder,1,134.99,0.08,37.75,Cash,Consumer
ORD-01890,2025-06-09,CUST-0271,Customer 0504,North,Tamil Nadu,Chandigarh,Furniture,Storage,Filing Cabinet,1,5690.68,0.15,1323.03,Credit Card,Corporate
ORD-01891,2025-05-19,CUST-0310,Customer 0407,West,West Bengal,Surat,Technology,Smartphones,Budget Phone,3,212535.87,0.02,28404.98,Credit Card,Small Business
ORD-01892,2026-01-12,CUST-0849,Customer 0452,East,West Bengal,Bhubaneswar,Technology,Laptops,Gaming Laptop,3,303254.7,0.05,55659.2,Credit Card,Consumer
ORD-01893,2025-12-11,CUST-0504,Customer 1167,East,Uttar Pradesh,Bhubaneswar,Office Supplies,Binders,Ring Binder,1,99.67,0.15,19.83,Cash,Small Business
ORD-01894,2026-10-04,CUST-1029,Customer 0779,South,Rajasthan,Chennai,Office Supplies,Writing,Pen Set,2,396.06,0.05,106.89,Cash,Consumer
ORD-01895,2026-05-24,CUST-0846,Customer 0702,South,Kerala,Kochi,Office Supplies,Writing,Markers,4,564.62,0.02,175.2,Credit Card,Corporate
ORD-01896,2025-12-28,CUST-0336,Customer 0877,South,Rajasthan,Chennai,Technology,Laptops,Business Laptop,4,413682.97,0.0,87007.46,Debit Card,Consumer
ORD-01897,2025-12-20,CUST-0452,Customer 0510,West,West Bengal,Surat,Technology,Smartphones,Android Phone,3,201780.56,0.05,26341.97,Debit Card,Small Business
ORD-01898,2026-08-26,CUST-0873,Customer 0328,West,Telangana,Ahmedabad,Furniture,Storage,Bookshelf,2,27018.54,0.08,5728.89,Debit Card,Small Business
ORD-01899,2026-08-16,CUST-0266,Customer 1163,East,Rajasthan,Guwahati,Technology,Laptops,Gaming Laptop,1,75509.7,0.0,17621.84,Debit Card,Corporate
ORD-01900,2026-03-04,CUST-1009,Customer 0368,East,Kerala,Kolkata,Technology,Accessories,Wireless Mouse,4,14075.7,0.2,2133.45,UPI,Small Business
ORD-01901,2025-03-16,CUST-0269,Customer 1179,East,Tamil Nadu,Kolkata,Office Supplies,Binders,Presentation Folder,2,1371.99,0.05,443.56,Debit Card,Corporate
ORD-01902,2026-12-08,CUST-0013,Customer 0588,East,Delhi,Kolkata,Technology,Laptops,Business Laptop,3,180773.25,0.1,42921.82,Net Banking,Small Business
ORD-01903,2025-08-24,CUST-1085,Customer 0275,West,Tamil Nadu,Pune,Furniture,Chairs,Visitor Chair,4,27120.13,0.08,3372.68,Debit Card,Corporate
ORD-01904,2026-12-17,CUST-0553,Customer 0649,South,Tamil Nadu,Chennai,Technology,Smartphones,Budget Phone,1,65372.97,0.0,14920.36,Net Banking,Corporate
ORD-01905,2026-06-17,CUST-0874,Customer 0411,West,Karnataka,Surat,Technology,Smartphones,Android Phone,1,40876.5,0.02,8820.84,Credit Card,Consumer
ORD-01906,2025-09-17,CUST-1113,Customer 0417,South,Maharashtra,Chennai,Technology,Laptops,Ultrabook,2,181814.19,0.05,18225.06,UPI,Corporate
ORD-01907,2026-10-16,CUST-0176,Customer 0424,West,Rajasthan,Surat,Technology,Accessories,Wireless Mouse,4,17003.78,0.1,2463.43,Credit Card,Corporate
ORD-01908,2025-02-23,CUST-0233,Customer 0385,East,Telangana,Guwahati,Furniture,Storage,Filing Cabinet,10,12294.66,0.08,2094.86,Debit Card,Small Business
ORD-01909,2025-04-21,CUST-0680,Customer 0598,East,Rajasthan,Kolkata,Office Supplies,Paper,Premium Paper,4,951.75,0.2,142.94,Credit Card,Corporate
ORD-01910,2025-02-06,CUST-0586,Customer 0523,East,Tamil Nadu,Kolkata,Office Supplies,Paper,A4 Paper,4,4154.67,0.1,1154.1,Credit Card,Corporate
ORD-01911,2025-08-07,CUST-0677,Customer 0392,North,Uttar Pradesh,Chandigarh,Technology,Laptops,Gaming Laptop,6,429922.59,0.05,39611.2,Credit Card,Corporate
ORD-01912,2025-01-13,CUST-0212,Customer 0826,South,Uttar Pradesh,Kochi,Furniture,Tables,Conference Table,1,13806.59,0.0,3208.7,Debit Card,Corporate
ORD-01913,2026-04-19,CUST-0211,Customer 0830,East,Kerala,Patna,Technology,Smartphones,Premium Phone,1,46863.71,0.1,4028.04,Cash,Small Business
ORD-01914,2026-06-14,CUST-0866,Customer 0232,South,Tamil Nadu,Kochi,Office Supplies,Paper,Premium Paper,2,623.28,0.08,146.38,Cash,Small Business
ORD-01915,2026-02-28,CUST-0135,Customer 0976,West,Karnataka,Surat,Furniture,Tables,Side Table,3,59660.0,0.15,9298.44,Debit Card,Consumer
ORD-01916,2025-12-02,CUST-0901,Customer 0308,East,Uttar Pradesh,Bhubaneswar,Furniture,Chairs,Ergonomic Chair,3,22539.75,0.1,4115.76,Debit Card,Consumer
ORD-01917,2026-02-02,CUST-0820,Customer 0291,East,Tamil Nadu,Bhubaneswar,Technology,Accessories,USB Hub,4,12425.23,0.02,1555.22,Net Banking,Small Business
ORD-01918,2026-03-15,CUST-1123,Customer 0994,West,Kerala,Ahmedabad,Office Supplies,Paper,A4 Paper,3,2557.17,0.05,858.71,UPI,Consumer
ORD-01919,2026-01-29,CUST-0881,Customer 1148,South,Maharashtra,Bengaluru,Technology,Accessories,Keyboard,6,7839.99,0.08,851.45,Debit Card,Corporate
ORD-01920,2025-11-04,CUST-0874,Customer 0219,North,Maharashtra,Chandigarh,Office Supplies,Writing,Pen Set,1,163.85,0.1,36.72,Credit Card,Small Business
ORD-01921,2026-10-17,CUST-0936,Customer 0459,West,Uttar Pradesh,Pune,Technology,Accessories,USB Hub,1,3958.76,0.15,850.26,UPI,Corporate
ORD-01922,2025-05-12,CUST-0985,Customer 1033,West,Rajasthan,Surat,Furniture,Storage,Filing Cabinet,4,10230.31,0.05,1485.83,UPI,Consumer
ORD-01923,2025-05-25,CUST-0397,Customer 0605,North,Gujarat,Delhi,Furniture,Chairs,Office Chair,5,17415.44,0.15,4778.08,Net Banking,Consumer
ORD-01924,2025-04-07,CUST-0875,Customer 0247,North,Kerala,Chandigarh,Office Supplies,Writing,Markers,4,2230.95,0.08,774.34,Cash,Small Business
ORD-01925,2026-04-12,CUST-0833,Customer 0607,West,Karnataka,Mumbai,Furniture,Tables,Side Table,2,37256.04,0.08,7170.84,Cash,Small Business
ORD-01926,2025-10-16,CUST-0284,Customer 0778,West,Delhi,Pune,Technology,Smartphones,Premium Phone,3,37544.98,0.05,3918.73,UPI,Corporate
ORD-01927,2026-04-15,CUST-0044,Customer 0742,South,Gujarat,Chennai,Technology,Laptops,Ultrabook,2,91251.74,0.1,17570.27,Net Banking,Small Business
ORD-01928,2025-12-03,CUST-0077,Customer 0197,South,Karnataka,Kochi,Technology,Laptops,Gaming Laptop,4,327852.53,0.0,30561.94,Credit Card,Corporate
ORD-01929,2025-08-02,CUST-0536,Customer 0960,South,Delhi,Kochi,Technology,Laptops,Ultrabook,2,85414.05,0.1,14647.77,Cash,Corporate
ORD-01930,2026-09-07,CUST-0383,Customer 0221,South,Gujarat,Chennai,Furniture,Tables,Side Table,1,16109.05,0.08,4526.6,Cash,Corporate
ORD-01931,2026-02-01,CUST-0581,Customer 0492,West,Telangana,Mumbai,Furniture,Tables,Work Desk,4,107667.53,0.08,32008.61,Credit Card,Consumer
ORD-01932,2025-11-14,CUST-0805,Customer 1104,North,Delhi,Lucknow,Office Supplies,Paper,Recycled Paper,2,1019.66,0.2,258.68,Debit Card,Small Business
ORD-01933,2026-11-23,CUST-0290,Customer 0043,South,Uttar Pradesh,Kochi,Office Supplies,Paper,Premium Paper,5,1073.05,0.15,349.94,Net Banking,Small Business
ORD-01934,2026-07-27,CUST-0693,Customer 0574,North,Maharashtra,Delhi,Furniture,Storage,Storage Box,1,6277.86,0.0,1419.18,UPI,Corporate
ORD-01935,2025-08-29,CUST-0656,Customer 0862,North,Maharashtra,Lucknow,Office Supplies,Paper,Recycled Paper,4,1034.17,0.15,196.11,Net Banking,Small Business
ORD-01936,2026-08-26,CUST-0481,Customer 0136,South,Uttar Pradesh,Bengaluru,Technology,Laptops,Business Laptop,3,267782.33,0.1,56587.99,Net Banking,Small Business
ORD-01937,2025-10-13,CUST-0133,Customer 0687,North,Uttar Pradesh,Delhi,Furniture,Storage,Filing Cabinet,4,13441.14,0.02,2425.67,Cash,Consumer
ORD-01938,2026-03-04,CUST-0807,Customer 0349,North,Uttar Pradesh,Jaipur,Technology,Smartphones,Budget Phone,2,51714.36,0.08,4869.59,Credit Card,Small Business
ORD-01939,2026-08-09,CUST-0621,Customer 0940,North,Gujarat,Jaipur,Technology,Accessories,USB Hub,1,1944.72,0.2,461.8,Net Banking,Consumer
ORD-01940,2025-09-08,CUST-0018,Customer 0887,East,West Bengal,Bhubaneswar,Technology,Laptops,Business Laptop,4,464366.58,0.02,87252.12,UPI,Small Business
ORD-01941,2026-03-09,CUST-0477,Customer 0972,West,Rajasthan,Ahmedabad,Technology,Laptops,Ultrabook,1,84397.73,0.05,8641.39,Debit Card,Small Business
ORD-01942,2026-02-12,CUST-0257,Customer 1088,North,Uttar Pradesh,Delhi,Furniture,Tables,Conference Table,5,76380.32,0.1,15974.42,UPI,Corporate
ORD-01943,2026-10-18,CUST-0331,Customer 0942,South,Rajasthan,Kochi,Office Supplies,Writing,Notebook,1,419.39,0.15,117.83,UPI,Small Business
ORD-01944,2026-12-18,CUST-0399,Customer 0917,South,Rajasthan,Chennai,Furniture,Tables,Conference Table,5,72433.49,0.1,8837.95,Credit Card,Corporate
ORD-01945,2025-01-01,CUST-0950,Customer 0597,East,Kerala,Bhubaneswar,Technology,Accessories,USB Hub,6,17334.1,0.1,4069.92,Cash,Consumer
ORD-01946,2026-09-10,CUST-1016,Customer 0779,East,Gujarat,Kolkata,Technology,Smartphones,Premium Phone,3,168878.14,0.02,25232.67,Credit Card,Small Business
ORD-01947,2025-10-25,CUST-0256,Customer 0903,South,Tamil Nadu,Hyderabad,Office Supplies,Writing,Pen Set,6,1410.63,0.15,477.13,Net Banking,Corporate
ORD-01948,2025-12-26,CUST-0191,Customer 1095,West,Uttar Pradesh,Pune,Office Supplies,Paper,A4 Paper,8,6161.47,0.05,1993.12,Net Banking,Consumer
ORD-01949,2026-09-10,CUST-0377,Customer 0537,North,Gujarat,Chandigarh,Office Supplies,Binders,Ring Binder,4,463.57,0.2,73.58,Cash,Small Business
ORD-01950,2025-01-18,CUST-0290,Customer 0402,South,Karnataka,Kochi,Office Supplies,Binders,Lever Arch Binder,10,5198.27,0.15,1021.89,Credit Card,Consumer
ORD-01951,2025-10-09,CUST-0351,Customer 1171,South,Karnataka,Hyderabad,Office Supplies,Paper,A4 Paper,2,1464.65,0.15,230.28,Net Banking,Small Business
ORD-01952,2026-10-12,CUST-1149,Customer 0033,East,Rajasthan,Bhubaneswar,Technology,Laptops,Business Laptop,2,213294.36,0.02,45076.43,UPI,Consumer
ORD-01953,2026-01-30,CUST-0868,Customer 0285,North,Gujarat,Lucknow,Office Supplies,Paper,A4 Paper,5,4573.6,0.2,844.07,Cash,Corporate
ORD-01954,2026-12-08,CUST-0189,Customer 0568,East,Gujarat,Bhubaneswar,Furniture,Storage,Storage Box,1,4028.74,0.2,720.31,Net Banking,Small Business
ORD-01955,2026-01-06,CUST-0623,Customer 0519,East,Delhi,Patna,Office Supplies,Binders,Lever Arch Binder,2,257.16,0.08,79.15,UPI,Corporate
ORD-01956,2026-03-05,CUST-0725,Customer 1053,East,Maharashtra,Kolkata,Furniture,Tables,Side Table,3,42466.77,0.1,10161.4,Debit Card,Small Business
ORD-01957,2026-03-16,CUST-0328,Customer 0853,South,West Bengal,Hyderabad,Office Supplies,Writing,Pen Set,6,2499.19,0.15,648.31,UPI,Corporate
ORD-01958,2026-01-09,CUST-1075,Customer 0965,West,Karnataka,Ahmedabad,Office Supplies,Binders,Ring Binder,5,893.62,0.2,216.39,Cash,Small Business
ORD-01959,2026-10-27,CUST-0516,Customer 0616,East,Maharashtra,Bhubaneswar,Technology,Accessories,Keyboard,3,11676.33,0.02,2161.31,Net Banking,Small Business
ORD-01960,2025-02-02,CUST-0359,Customer 1090,East,Gujarat,Kolkata,Furniture,Chairs,Visitor Chair,2,29713.37,0.0,5497.33,Net Banking,Corporate
ORD-01961,2025-07-20,CUST-1162,Customer 0094,South,West Bengal,Bengaluru,Technology,Smartphones,Android Phone,6,155839.57,0.2,27515.24,Net Banking,Consumer
ORD-01962,2026-12-04,CUST-0010,Customer 0495,West,Uttar Pradesh,Pune,Office Supplies,Binders,Lever Arch Binder,6,3100.54,0.15,855.06,Credit Card,Consumer
ORD-01963,2026-10-14,CUST-0010,Customer 0615,West,Delhi,Pune,Furniture,Storage,Bookshelf,1,2488.36,0.02,607.27,Credit Card,Small Business
ORD-01964,2026-12-02,CUST-0477,Customer 0459,South,West Bengal,Bengaluru,Furniture,Chairs,Ergonomic Chair,1,5892.27,0.08,1339.86,Cash,Corporate
ORD-01965,2025-10-09,CUST-0342,Customer 0822,South,Delhi,Bengaluru,Office Supplies,Writing,Pen Set,2,283.55,0.05,75.2,UPI,Corporate
ORD-01966,2026-12-10,CUST-0105,Customer 1073,East,Delhi,Bhubaneswar,Office Supplies,Binders,Presentation Folder,1,343.61,0.15,75.18,Net Banking,Consumer
ORD-01967,2025-02-11,CUST-0166,Customer 1198,South,Maharashtra,Hyderabad,Furniture,Tables,Conference Table,2,46182.4,0.2,9127.95,Debit Card,Consumer
ORD-01968,2026-04-10,CUST-0065,Customer 0856,North,Telangana,Lucknow,Office Supplies,Binders,Lever Arch Binder,2,1297.16,0.15,251.63,Net Banking,Consumer
ORD-01969,2025-03-30,CUST-0651,Customer 0975,North,Delhi,Lucknow,Furniture,Chairs,Office Chair,2,15414.28,0.2,2239.26,Net Banking,Small Business
ORD-01970,2026-06-08,CUST-0906,Customer 0804,South,Telangana,Kochi,Furniture,Chairs,Office Chair,1,13583.92,0.05,2915.51,Credit Card,Small Business
ORD-01971,2025-08-29,CUST-0689,Customer 0152,North,Rajasthan,Lucknow,Office Supplies,Paper,A4 Paper,2,1646.66,0.0,507.2,Net Banking,Consumer
ORD-01972,2025-05-09,CUST-0858,Customer 0903,East,Maharashtra,Guwahati,Technology,Accessories,Keyboard,5,16852.35,0.1,1733.33,Credit Card,Consumer
ORD-01973,2025-04-03,CUST-0598,Customer 0312,South,Karnataka,Hyderabad,Technology,Accessories,USB Hub,1,2598.9,0.1,351.02,UPI,Corporate
ORD-01974,2025-09-01,CUST-0220,Customer 0505,South,Gujarat,Kochi,Furniture,Tables,Work Desk,1,25946.01,0.02,6781.72,UPI,Corporate
ORD-01975,2025-10-27,CUST-0050,Customer 0585,East,Gujarat,Guwahati,Furniture,Tables,Conference Table,3,28860.4,0.0,7194.91,UPI,Consumer
ORD-01976,2026-12-04,CUST-0322,Customer 1199,South,West Bengal,Hyderabad,Technology,Smartphones,Budget Phone,6,235160.32,0.0,52171.68,Net Banking,Consumer
ORD-01977,2026-09-12,CUST-0260,Customer 0799,North,Delhi,Chandigarh,Technology,Smartphones,Android Phone,1,52600.0,0.15,12086.45,Credit Card,Corporate
ORD-01978,2026-05-31,CUST-1002,Customer 0469,South,Kerala,Chennai,Office Supplies,Paper,Premium Paper,3,979.69,0.15,157.45,UPI,Consumer
ORD-01979,2026-05-11,CUST-0234,Customer 0056,North,Delhi,Jaipur,Furniture,Storage,Filing Cabinet,2,20426.94,0.15,4144.46,UPI,Small Business
ORD-01980,2025-03-24,CUST-0765,Customer 0403,West,Karnataka,Surat,Technology,Smartphones,Budget Phone,5,141598.43,0.15,25346.13,Debit Card,Corporate
ORD-01981,2025-09-07,CUST-1148,Customer 1013,East,Uttar Pradesh,Kolkata,Technology,Laptops,Business Laptop,4,186387.7,0.15,38974.91,Cash,Consumer
ORD-01982,2026-02-11,CUST-0097,Customer 0487,South,Karnataka,Hyderabad,Office Supplies,Binders,Ring Binder,2,434.39,0.08,104.48,Debit Card,Consumer
ORD-01983,2026-12-30,CUST-0300,Customer 0492,South,Rajasthan,Hyderabad,Furniture,Storage,Storage Box,2,12629.87,0.15,1672.01,Cash,Small Business
ORD-01984,2025-11-18,CUST-0206,Customer 0500,North,Maharashtra,Delhi,Technology,Laptops,Ultrabook,2,189754.62,0.0,16651.9,Debit Card,Corporate
ORD-01985,2025-06-23,CUST-0741,Customer 0484,North,Telangana,Delhi,Office Supplies,Binders,Ring Binder,1,197.21,0.1,55.52,Credit Card,Small Business
ORD-01986,2025-01-10,CUST-0487,Customer 1101,South,Kerala,Bengaluru,Office Supplies,Binders,Presentation Folder,5,907.34,0.08,176.43,Credit Card,Small Business
ORD-01987,2026-10-26,CUST-0996,Customer 0878,West,West Bengal,Pune,Office Supplies,Binders,Presentation Folder,4,396.38,0.1,115.46,UPI,Consumer
ORD-01988,2026-05-01,CUST-0019,Customer 0936,North,Tamil Nadu,Delhi,Furniture,Chairs,Office Chair,4,21935.0,0.2,2831.01,Net Banking,Consumer
ORD-01989,2026-04-15,CUST-0014,Customer 1084,East,Delhi,Guwahati,Technology,Accessories,USB Hub,3,8697.29,0.0,946.69,Credit Card,Consumer
ORD-01990,2026-09-24,CUST-0810,Customer 0705,North,Delhi,Chandigarh,Office Supplies,Binders,Lever Arch Binder,2,553.74,0.1,135.4,Net Banking,Consumer
ORD-01991,2026-12-06,CUST-1027,Customer 1025,South,Rajasthan,Kochi,Furniture,Tables,Work Desk,2,18543.91,0.15,4931.91,UPI,Corporate
ORD-01992,2026-03-28,CUST-1114,Customer 0449,South,Karnataka,Hyderabad,Furniture,Chairs,Office Chair,4,52008.62,0.08,14887.99,Debit Card,Corporate
ORD-01993,2025-02-17,CUST-0340,Customer 0287,West,Maharashtra,Pune,Furniture,Chairs,Office Chair,5,51368.47,0.08,13075.29,Debit Card,Small Business
ORD-01994,2025-08-12,CUST-0002,Customer 0608,West,Tamil Nadu,Mumbai,Furniture,Tables,Conference Table,1,24972.17,0.08,3917.21,Credit Card,Corporate
ORD-01995,2025-08-21,CUST-0231,Customer 0813,West,Uttar Pradesh,Mumbai,Office Supplies,Binders,Ring Binder,1,588.95,0.02,123.15,Net Banking,Consumer
ORD-01996,2026-06-07,CUST-0990,Customer 0045,West,Maharashtra,Ahmedabad,Furniture,Chairs,Ergonomic Chair,2,15884.05,0.1,3014.0,Net Banking,Small Business
ORD-01997,2025-08-21,CUST-0162,Customer 0706,South,Kerala,Bengaluru,Technology,Smartphones,Budget Phone,4,95376.53,0.15,11106.98,UPI,Small Business
ORD-01998,2025-10-14,CUST-0132,Customer 0090,South,Gujarat,Bengaluru,Office Supplies,Writing,Pen Set,1,360.22,0.05,97.14,Credit Card,Corporate
ORD-01999,2026-06-16,CUST-0395,Customer 0042,South,Tamil Nadu,Bengaluru,Technology,Accessories,Keyboard,3,3609.6,0.05,565.88,Cash,Consumer
ORD-02000,2026-06-18,CUST-0517,Customer 1181,West,West Bengal,Surat,Office Supplies,Paper,Premium Paper,2,1022.28,0.1,302.41,Debit Card,Small Business
ORD-02001,2026-02-24,CUST-0688,Customer 0856,West,Delhi,Mumbai,Furniture,Chairs,Office Chair,1,4366.99,0.05,953.45,Cash,Small Business
ORD-02002,2026-12-25,CUST-0642,Customer 0833,North,Maharashtra,Delhi,Technology,Smartphones,Android Phone,3,122281.86,0.15,26494.19,Credit Card,Corporate
ORD-02003,2025-07-02,CUST-0849,Customer 0212,South,Rajasthan,Bengaluru,Technology,Accessories,Keyboard,2,9338.15,0.05,1417.35,Cash,Corporate
ORD-02004,2026-12-08,CUST-1190,Customer 1199,West,Karnataka,Pune,Furniture,Storage,Storage Box,3,5863.62,0.02,1258.33,Net Banking,Small Business
ORD-02005,2025-12-23,CUST-0387,Customer 0352,South,Tamil Nadu,Bengaluru,Technology,Laptops,Ultrabook,3,294622.72,0.08,70290.29,Net Banking,Consumer
ORD-02006,2025-02-07,CUST-0093,Customer 0636,South,Kerala,Kochi,Technology,Laptops,Business Laptop,5,381261.05,0.05,46834.77,Credit Card,Consumer
ORD-02007,2025-12-16,CUST-0863,Customer 0481,West,Kerala,Pune,Office Supplies,Binders,Presentation Folder,3,959.55,0.05,240.56,Cash,Small Business
ORD-02008,2025-12-17,CUST-0217,Customer 0897,North,Gujarat,Jaipur,Furniture,Tables,Side Table,3,30710.3,0.02,8719.87,Credit Card,Small Business
ORD-02009,2026-05-21,CUST-0863,Customer 0368,South,Tamil Nadu,Hyderabad,Office Supplies,Paper,Recycled Paper,10,7616.81,0.2,1529.55,UPI,Small Business
ORD-02010,2025-09-22,CUST-0201,Customer 0426,South,Uttar Pradesh,Kochi,Technology,Laptops,Ultrabook,2,154170.0,0.1,18774.7,Debit Card,Corporate
ORD-02011,2026-04-27,CUST-0820,Customer 1068,South,Delhi,Bengaluru,Furniture,Tables,Work Desk,3,73198.57,0.0,20572.91,Cash,Consumer
ORD-02012,2026-09-18,CUST-0361,Customer 0221,West,West Bengal,Ahmedabad,Furniture,Storage,Storage Box,3,19143.86,0.15,2407.91,Net Banking,Small Business
ORD-02013,2026-09-29,CUST-0964,Customer 0394,South,Rajasthan,Hyderabad,Office Supplies,Paper,Premium Paper,1,617.83,0.02,119.34,Net Banking,Consumer
ORD-02014,2025-07-04,CUST-0626,Customer 0272,West,Telangana,Pune,Technology,Smartphones,Budget Phone,2,57048.99,0.0,11011.34,UPI,Small Business
ORD-02015,2025-03-04,CUST-0844,Customer 0504,East,Telangana,Kolkata,Office Supplies,Writing,Notebook,5,3064.1,0.02,956.46,UPI,Corporate
ORD-02016,2025-10-31,CUST-1133,Customer 0555,East,Telangana,Guwahati,Technology,Laptops,Ultrabook,5,249331.55,0.05,30656.03,Credit Card,Consumer
ORD-02017,2025-04-04,CUST-0242,Customer 1055,East,Rajasthan,Bhubaneswar,Furniture,Chairs,Visitor Chair,2,22826.3,0.05,5621.65,Credit Card,Corporate
ORD-02018,2026-07-07,CUST-0134,Customer 0395,West,West Bengal,Ahmedabad,Technology,Accessories,USB Hub,2,3386.81,0.05,375.21,Credit Card,Corporate
ORD-02019,2025-07-03,CUST-0790,Customer 0156,East,Tamil Nadu,Bhubaneswar,Furniture,Tables,Work Desk,3,59695.46,0.1,16934.03,Credit Card,Small Business
ORD-02020,2025-02-06,CUST-0358,Customer 0496,South,West Bengal,Hyderabad,Furniture,Tables,Side Table,4,42045.1,0.1,12538.43,Net Banking,Small Business
ORD-02021,2025-08-26,CUST-1101,Customer 0786,West,Tamil Nadu,Surat,Office Supplies,Writing,Markers,4,1627.08,0.1,356.97,Cash,Corporate
ORD-02022,2025-11-09,CUST-0260,Customer 0575,North,Telangana,Delhi,Office Supplies,Writing,Pen Set,1,411.73,0.1,127.06,Debit Card,Consumer
ORD-02023,2025-11-04,CUST-1060,Customer 1104,West,Kerala,Surat,Office Supplies,Paper,Recycled Paper,2,1876.59,0.02,357.14,UPI,Consumer
ORD-02024,2026-09-19,CUST-0522,Customer 0077,East,Uttar Pradesh,Bhubaneswar,Furniture,Tables,Work Desk,4,104794.52,0.08,20803.01,Net Banking,Corporate
ORD-02025,2026-07-22,CUST-0676,Customer 0704,East,Karnataka,Bhubaneswar,Furniture,Chairs,Visitor Chair,2,20574.54,0.1,5967.62,Net Banking,Corporate
ORD-02026,2026-06-20,CUST-0765,Customer 0558,South,West Bengal,Hyderabad,Technology,Accessories,Keyboard,4,4442.05,0.1,805.68,Credit Card,Consumer
ORD-02027,2025-12-03,CUST-0092,Customer 0530,West,West Bengal,Surat,Furniture,Tables,Work Desk,1,10454.32,0.2,2139.56,Credit Card,Small Business
ORD-02028,2025-08-06,CUST-0563,Customer 0584,South,Kerala,Bengaluru,Technology,Accessories,USB Hub,1,1827.9,0.1,423.94,Net Banking,Small Business
ORD-02029,2026-12-19,CUST-0219,Customer 0938,West,Karnataka,Surat,Furniture,Tables,Side Table,3,50983.68,0.08,6268.56,Net Banking,Small Business
ORD-02030,2026-06-21,CUST-0534,Customer 0918,North,Tamil Nadu,Delhi,Furniture,Storage,Bookshelf,1,10971.67,0.2,1740.99,Debit Card,Corporate
ORD-02031,2026-06-02,CUST-0866,Customer 0041,West,Tamil Nadu,Ahmedabad,Furniture,Tables,Side Table,4,52579.24,0.0,11446.9,Net Banking,Corporate
ORD-02032,2026-01-12,CUST-0891,Customer 1179,East,Uttar Pradesh,Guwahati,Office Supplies,Writing,Notebook,2,376.39,0.02,129.45,Debit Card,Consumer
ORD-02033,2025-08-23,CUST-0993,Customer 0703,East,Gujarat,Guwahati,Technology,Accessories,Keyboard,2,6828.78,0.15,1176.31,Credit Card,Consumer
ORD-02034,2025-12-06,CUST-0913,Customer 0255,East,Gujarat,Bhubaneswar,Office Supplies,Binders,Ring Binder,4,1718.29,0.1,315.42,Credit Card,Consumer
ORD-02035,2025-06-26,CUST-0771,Customer 0617,East,Uttar Pradesh,Kolkata,Office Supplies,Paper,Recycled Paper,4,2051.75,0.08,483.32,Credit Card,Small Business
ORD-02036,2025-02-23,CUST-0790,Customer 0402,West,Delhi,Pune,Office Supplies,Writing,Markers,4,1601.69,0.08,515.57,Cash,Corporate
ORD-02037,2026-08-15,CUST-0773,Customer 0683,South,Tamil Nadu,Bengaluru,Office Supplies,Paper,A4 Paper,5,4808.33,0.02,1143.69,Cash,Small Business
ORD-02038,2026-05-17,CUST-0942,Customer 0718,South,Uttar Pradesh,Bengaluru,Furniture,Storage,Storage Box,1,10428.13,0.2,2947.68,Net Banking,Corporate
ORD-02039,2025-09-17,CUST-0623,Customer 0577,North,Maharashtra,Jaipur,Furniture,Tables,Conference Table,8,58935.77,0.15,11553.95,Cash,Corporate
ORD-02040,2025-06-04,CUST-0402,Customer 0456,West,Delhi,Surat,Office Supplies,Writing,Notebook,1,231.66,0.0,65.99,Net Banking,Small Business
ORD-02041,2026-04-03,CUST-0618,Customer 0574,West,Delhi,Mumbai,Furniture,Storage,Storage Box,2,26715.72,0.02,7236.64,Net Banking,Corporate
ORD-02042,2026-12-15,CUST-0085,Customer 1044,West,Kerala,Pune,Office Supplies,Binders,Ring Binder,8,3021.28,0.08,778.39,Cash,Small Business
ORD-02043,2025-10-20,CUST-1029,Customer 0685,West,Telangana,Surat,Furniture,Tables,Conference Table,4,69128.44,0.15,11274.63,Cash,Corporate
ORD-02044,2026-05-03,CUST-0798,Customer 0954,South,Rajasthan,Kochi,Office Supplies,Binders,Lever Arch Binder,5,3210.17,0.2,984.89,Cash,Corporate
ORD-02045,2025-11-12,CUST-0912,Customer 0719,East,Maharashtra,Kolkata,Furniture,Chairs,Office Chair,3,47953.52,0.08,8815.99,Debit Card,Consumer
ORD-02046,2025-02-03,CUST-0096,Customer 1170,North,Gujarat,Chandigarh,Furniture,Chairs,Visitor Chair,1,13188.9,0.1,1720.81,Credit Card,Corporate
ORD-02047,2025-09-08,CUST-1076,Customer 0684,East,Rajasthan,Patna,Furniture,Storage,Storage Box,4,10540.72,0.15,1764.63,Debit Card,Consumer
ORD-02048,2026-11-19,CUST-0028,Customer 0076,East,Gujarat,Bhubaneswar,Technology,Accessories,Wireless Mouse,2,9473.38,0.0,1714.75,Net Banking,Consumer
ORD-02049,2026-03-08,CUST-0160,Customer 0162,North,Kerala,Delhi,Technology,Accessories,Wireless Mouse,3,10001.27,0.2,1865.32,Cash,Small Business
ORD-02050,2026-04-04,CUST-0567,Customer 0823,West,Rajasthan,Ahmedabad,Technology,Laptops,Ultrabook,6,284229.94,0.1,32517.56,Credit Card,Corporate
ORD-02051,2026-11-16,CUST-0001,Customer 0575,East,West Bengal,Patna,Furniture,Tables,Work Desk,4,65386.86,0.08,13862.14,Cash,Corporate
ORD-02052,2026-02-18,CUST-0703,Customer 0768,West,Karnataka,Surat,Office Supplies,Paper,Recycled Paper,4,2833.58,0.15,500.51,Cash,Small Business
ORD-02053,2026-12-23,CUST-0381,Customer 1017,North,Rajasthan,Chandigarh,Office Supplies,Paper,Recycled Paper,2,800.76,0.15,149.02,Debit Card,Consumer
ORD-02054,2025-02-26,CUST-0727,Customer 0138,East,Maharashtra,Guwahati,Furniture,Storage,Filing Cabinet,2,19059.01,0.02,2517.23,Credit Card,Small Business
ORD-02055,2025-04-03,CUST-0519,Customer 0930,West,Uttar Pradesh,Surat,Technology,Smartphones,Premium Phone,5,168802.88,0.02,28406.51,Debit Card,Consumer
ORD-02056,2025-01-18,CUST-0341,Customer 0463,East,Uttar Pradesh,Patna,Furniture,Tables,Work Desk,2,9626.48,0.05,1643.86,Net Banking,Small Business
ORD-02057,2026-05-24,CUST-0982,Customer 0620,South,Tamil Nadu,Hyderabad,Technology,Accessories,USB Hub,4,13133.23,0.08,1919.8,UPI,Consumer
ORD-02058,2025-10-01,CUST-0857,Customer 0652,South,Uttar Pradesh,Hyderabad,Technology,Accessories,USB Hub,1,1210.99,0.1,169.32,Credit Card,Corporate
ORD-02059,2026-09-30,CUST-0119,Customer 1183,South,Uttar Pradesh,Hyderabad,Office Supplies,Paper,Recycled Paper,3,1034.5,0.05,226.29,Debit Card,Small Business
ORD-02060,2026-04-17,CUST-0707,Customer 0365,North,Maharashtra,Jaipur,Office Supplies,Binders,Lever Arch Binder,3,933.13,0.2,160.61,Cash,Consumer
ORD-02061,2025-02-26,CUST-0402,Customer 1092,North,Tamil Nadu,Jaipur,Furniture,Storage,Storage Box,6,10962.23,0.2,1396.47,Debit Card,Corporate
ORD-02062,2026-09-15,CUST-0758,Customer 1177,South,West Bengal,Hyderabad,Technology,Accessories,USB Hub,1,4820.75,0.02,464.95,UPI,Consumer
ORD-02063,2025-03-31,CUST-0606,Customer 0823,North,Tamil Nadu,Jaipur,Technology,Accessories,Keyboard,6,6819.02,0.05,644.46,UPI,Consumer
ORD-02064,2025-02-09,CUST-0389,Customer 0121,North,Gujarat,Chandigarh,Office Supplies,Binders,Lever Arch Binder,1,256.62,0.0,54.95,Debit Card,Consumer
ORD-02065,2026-02-22,CUST-0739,Customer 1125,West,Gujarat,Surat,Office Supplies,Paper,Recycled Paper,6,5003.64,0.1,1751.09,Debit Card,Corporate
ORD-02066,2025-11-07,CUST-0246,Customer 1144,West,Telangana,Surat,Office Supplies,Writing,Markers,5,1079.09,0.05,375.08,Cash,Small Business
ORD-02067,2025-03-26,CUST-0211,Customer 0047,North,Rajasthan,Jaipur,Furniture,Storage,Storage Box,1,4357.68,0.08,763.56,Credit Card,Small Business
ORD-02068,2026-06-24,CUST-0272,Customer 0328,West,Gujarat,Surat,Office Supplies,Writing,Pen Set,6,435.39,0.2,139.31,UPI,Small Business
ORD-02069,2026-10-11,CUST-1023,Customer 0729,North,Rajasthan,Lucknow,Office Supplies,Paper,Premium Paper,6,6074.13,0.02,1745.72,UPI,Small Business
ORD-02070,2026-12-27,CUST-0177,Customer 0008,West,Karnataka,Surat,Technology,Laptops,Ultrabook,2,107129.62,0.1,22276.64,Debit Card,Small Business
ORD-02071,2025-05-16,CUST-1129,Customer 0934,South,Karnataka,Chennai,Office Supplies,Writing,Notebook,8,4954.74,0.05,1231.03,UPI,Consumer
ORD-02072,2026-05-21,CUST-0264,Customer 0521,South,Maharashtra,Bengaluru,Technology,Accessories,USB Hub,5,11631.88,0.1,1562.58,Cash,Corporate
ORD-02073,2025-12-06,CUST-1049,Customer 0048,North,Telangana,Jaipur,Office Supplies,Binders,Ring Binder,1,285.76,0.15,89.24,Cash,Corporate
ORD-02074,2025-01-14,CUST-0858,Customer 0735,North,Gujarat,Lucknow,Technology,Smartphones,Budget Phone,5,56374.54,0.2,6150.95,Net Banking,Corporate
ORD-02075,2026-10-12,CUST-1030,Customer 1197,West,Uttar Pradesh,Surat,Office Supplies,Writing,Markers,3,301.61,0.05,97.76,Debit Card,Corporate
ORD-02076,2025-05-18,CUST-0452,Customer 1055,West,Uttar Pradesh,Ahmedabad,Technology,Laptops,Business Laptop,2,180069.61,0.2,24616.79,Net Banking,Small Business
ORD-02077,2025-03-17,CUST-0422,Customer 0798,West,Karnataka,Surat,Furniture,Tables,Side Table,8,212856.5,0.1,57327.75,Net Banking,Small Business
ORD-02078,2026-01-27,CUST-0019,Customer 0573,South,West Bengal,Chennai,Office Supplies,Paper,A4 Paper,5,4770.7,0.2,900.26,Cash,Corporate
ORD-02079,2025-09-20,CUST-1068,Customer 0661,West,Maharashtra,Mumbai,Office Supplies,Writing,Pen Set,1,202.23,0.05,35.24,Cash,Consumer
ORD-02080,2025-02-18,CUST-0741,Customer 0478,East,Gujarat,Guwahati,Technology,Accessories,USB Hub,2,6225.1,0.2,1059.12,Net Banking,Consumer
ORD-02081,2025-08-15,CUST-0259,Customer 0807,South,West Bengal,Hyderabad,Technology,Accessories,Keyboard,4,8428.94,0.2,1435.48,Credit Card,Small Business
ORD-02082,2026-11-08,CUST-0306,Customer 0342,East,Delhi,Patna,Office Supplies,Writing,Notebook,5,2648.31,0.05,598.52,Cash,Small Business
ORD-02083,2025-08-12,CUST-0316,Customer 0503,South,Delhi,Chennai,Office Supplies,Paper,Recycled Paper,1,607.76,0.2,104.63,UPI,Consumer
ORD-02084,2026-02-24,CUST-1015,Customer 1029,West,Karnataka,Ahmedabad,Furniture,Storage,Storage Box,8,38068.6,0.08,7891.34,Cash,Corporate
ORD-02085,2026-08-12,CUST-0973,Customer 0686,East,Telangana,Guwahati,Office Supplies,Paper,Premium Paper,4,4229.6,0.1,909.75,Credit Card,Consumer
ORD-02086,2026-10-06,CUST-0325,Customer 1031,East,Kerala,Bhubaneswar,Technology,Smartphones,Premium Phone,4,263490.78,0.15,34981.16,Net Banking,Corporate
ORD-02087,2025-06-10,CUST-0878,Customer 0909,West,Delhi,Ahmedabad,Technology,Accessories,Wireless Mouse,2,6616.61,0.1,937.73,Credit Card,Small Business
ORD-02088,2025-03-15,CUST-0734,Customer 0893,North,Gujarat,Lucknow,Furniture,Tables,Conference Table,3,30211.41,0.05,7905.83,Credit Card,Small Business
ORD-02089,2025-07-31,CUST-0719,Customer 1033,West,Telangana,Surat,Office Supplies,Writing,Markers,4,727.36,0.2,116.35,Credit Card,Consumer
ORD-02090,2025-10-15,CUST-0297,Customer 0259,West,Uttar Pradesh,Pune,Technology,Laptops,Ultrabook,3,177342.49,0.15,18592.13,Debit Card,Small Business
ORD-02091,2026-06-17,CUST-0521,Customer 0893,South,Karnataka,Hyderabad,Office Supplies,Writing,Pen Set,2,754.7,0.0,198.9,Credit Card,Small Business
ORD-02092,2025-12-08,CUST-0449,Customer 0899,North,Maharashtra,Chandigarh,Technology,Laptops,Business Laptop,3,339747.6,0.0,72760.64,Debit Card,Small Business
ORD-02093,2025-01-17,CUST-0707,Customer 0502,West,Kerala,Surat,Office Supplies,Binders,Ring Binder,2,1601.39,0.05,373.71,UPI,Corporate
ORD-02094,2025-05-20,CUST-0099,Customer 0682,North,Maharashtra,Lucknow,Furniture,Tables,Side Table,2,43549.55,0.15,6306.04,Net Banking,Small Business
ORD-02095,2026-10-04,CUST-0315,Customer 1027,East,Delhi,Kolkata,Technology,Accessories,USB Hub,3,3389.24,0.05,492.81,Credit Card,Consumer
ORD-02096,2026-11-21,CUST-1019,Customer 0930,North,Delhi,Chandigarh,Furniture,Storage,Storage Box,1,12483.27,0.02,3432.41,Debit Card,Small Business
ORD-02097,2026-05-05,CUST-1049,Customer 0547,South,Gujarat,Bengaluru,Technology,Smartphones,Android Phone,1,38182.77,0.1,5319.81,Net Banking,Consumer
ORD-02098,2025-04-13,CUST-1034,Customer 0133,West,West Bengal,Mumbai,Furniture,Tables,Work Desk,6,110453.73,0.15,24577.42,Net Banking,Corporate
ORD-02099,2025-06-19,CUST-0695,Customer 0422,East,Tamil Nadu,Kolkata,Technology,Accessories,USB Hub,2,5753.55,0.2,742.73,Net Banking,Corporate
ORD-02100,2025-12-25,CUST-0777,Customer 0654,South,Kerala,Chennai,Office Supplies,Writing,Markers,3,1355.26,0.08,323.89,Credit Card,Corporate
ORD-02101,2025-11-10,CUST-0456,Customer 0885,North,Uttar Pradesh,Chandigarh,Furniture,Tables,Side Table,4,69084.35,0.15,10904.58,Net Banking,Small Business
ORD-02102,2025-09-30,CUST-0111,Customer 0998,West,Rajasthan,Mumbai,Furniture,Tables,Side Table,1,9368.03,0.0,2523.86,UPI,Corporate
ORD-02103,2025-04-23,CUST-0253,Customer 0683,North,Gujarat,Chandigarh,Technology,Smartphones,Budget Phone,1,45858.34,0.0,8540.59,Net Banking,Corporate
ORD-02104,2026-07-04,CUST-0991,Customer 0274,South,Telangana,Hyderabad,Office Supplies,Binders,Ring Binder,5,2679.92,0.15,542.64,Debit Card,Corporate
ORD-02105,2025-11-13,CUST-0196,Customer 0806,West,Uttar Pradesh,Ahmedabad,Furniture,Tables,Work Desk,2,17988.16,0.15,4211.0,Debit Card,Small Business
ORD-02106,2026-01-17,CUST-0716,Customer 1132,East,Karnataka,Patna,Technology,Accessories,USB Hub,2,3750.13,0.02,621.87,Cash,Corporate
ORD-02107,2026-06-28,CUST-0538,Customer 0241,West,Maharashtra,Ahmedabad,Furniture,Tables,Side Table,2,14886.05,0.0,2202.68,Net Banking,Consumer
ORD-02108,2025-01-19,CUST-0953,Customer 0209,South,Gujarat,Chennai,Office Supplies,Writing,Notebook,4,2090.24,0.08,314.32,Net Banking,Small Business
ORD-02109,2026-12-12,CUST-0503,Customer 0596,West,Tamil Nadu,Mumbai,Furniture,Storage,Bookshelf,3,24893.22,0.2,6601.55,Cash,Corporate
ORD-02110,2026-02-17,CUST-0076,Customer 0252,East,West Bengal,Guwahati,Technology,Accessories,USB Hub,8,11212.92,0.05,2177.79,Credit Card,Consumer
ORD-02111,2025-04-18,CUST-0898,Customer 0073,West,Rajasthan,Mumbai,Technology,Laptops,Gaming Laptop,4,241723.33,0.15,52072.38,Net Banking,Small Business
ORD-02112,2026-11-28,CUST-0201,Customer 0815,East,Telangana,Kolkata,Furniture,Storage,Bookshelf,1,9729.19,0.1,1714.95,Credit Card,Small Business
ORD-02113,2025-07-22,CUST-0878,Customer 0997,East,Maharashtra,Bhubaneswar,Office Supplies,Writing,Notebook,2,672.31,0.02,148.3,Debit Card,Small Business
ORD-02114,2025-03-29,CUST-0438,Customer 0473,East,Delhi,Patna,Technology,Smartphones,Android Phone,1,40657.67,0.1,4647.33,Credit Card,Consumer
ORD-02115,2026-10-13,CUST-0635,Customer 0465,North,Rajasthan,Delhi,Furniture,Chairs,Office Chair,6,68707.89,0.05,10285.18,Net Banking,Small Business
ORD-02116,2026-12-13,CUST-0549,Customer 1066,South,Karnataka,Hyderabad,Furniture,Storage,Storage Box,2,14318.19,0.2,3997.62,UPI,Small Business
ORD-02117,2026-01-09,CUST-1149,Customer 0315,North,Rajasthan,Delhi,Furniture,Storage,Storage Box,2,7134.19,0.15,1417.22,Credit Card,Small Business
ORD-02118,2025-09-28,CUST-0140,Customer 0290,South,Uttar Pradesh,Hyderabad,Technology,Accessories,Keyboard,4,5016.9,0.2,875.99,Cash,Corporate
ORD-02119,2025-09-28,CUST-0341,Customer 0661,West,Telangana,Mumbai,Technology,Laptops,Ultrabook,1,43705.35,0.2,4658.97,Net Banking,Consumer
ORD-02120,2025-11-10,CUST-0808,Customer 0653,North,West Bengal,Lucknow,Office Supplies,Writing,Notebook,1,550.75,0.05,171.84,Debit Card,Small Business
ORD-02121,2025-03-20,CUST-0225,Customer 1067,East,Tamil Nadu,Patna,Furniture,Storage,Filing Cabinet,4,13421.94,0.05,2287.49,Cash,Small Business
ORD-02122,2025-03-01,CUST-0423,Customer 1132,East,Uttar Pradesh,Kolkata,Technology,Smartphones,Premium Phone,8,174714.83,0.15,23429.33,Credit Card,Small Business
ORD-02123,2026-05-24,CUST-0165,Customer 0533,South,Rajasthan,Kochi,Office Supplies,Binders,Presentation Folder,1,272.58,0.2,89.83,UPI,Consumer
ORD-02124,2025-04-10,CUST-0228,Customer 0379,North,West Bengal,Delhi,Furniture,Storage,Storage Box,2,8385.88,0.05,2477.69,UPI,Small Business
ORD-02125,2026-04-25,CUST-0989,Customer 0095,South,Kerala,Kochi,Technology,Laptops,Business Laptop,6,458777.5,0.08,104244.1,Credit Card,Corporate
ORD-02126,2025-01-03,CUST-0990,Customer 0863,West,West Bengal,Surat,Technology,Accessories,Wireless Mouse,2,6782.42,0.15,1197.72,Credit Card,Small Business
ORD-02127,2026-07-29,CUST-0102,Customer 0614,West,Tamil Nadu,Pune,Technology,Smartphones,Android Phone,3,36122.77,0.2,5872.96,Cash,Corporate
ORD-02128,2025-09-20,CUST-0880,Customer 0957,South,Gujarat,Bengaluru,Technology,Accessories,Wireless Mouse,2,4259.9,0.05,883.23,Credit Card,Small Business
ORD-02129,2026-02-01,CUST-0513,Customer 1166,North,Karnataka,Lucknow,Technology,Smartphones,Budget Phone,4,281351.29,0.1,53197.04,Cash,Small Business
ORD-02130,2026-09-03,CUST-0923,Customer 0109,West,Tamil Nadu,Mumbai,Technology,Smartphones,Android Phone,4,146197.58,0.0,28190.81,Cash,Consumer
ORD-02131,2025-06-29,CUST-0242,Customer 0681,East,Maharashtra,Kolkata,Technology,Smartphones,Budget Phone,2,44761.42,0.0,6892.34,Credit Card,Small Business
ORD-02132,2025-04-26,CUST-0868,Customer 1171,South,Karnataka,Kochi,Office Supplies,Paper,Premium Paper,2,2309.94,0.0,411.44,Cash,Small Business
ORD-02133,2026-01-12,CUST-1117,Customer 0473,West,Uttar Pradesh,Ahmedabad,Furniture,Storage,Filing Cabinet,5,13418.57,0.1,2170.36,Debit Card,Consumer
ORD-02134,2025-11-15,CUST-0693,Customer 0520,North,Rajasthan,Delhi,Furniture,Tables,Conference Table,5,43931.31,0.2,5939.64,Cash,Consumer
ORD-02135,2025-06-04,CUST-1113,Customer 0501,East,Maharashtra,Kolkata,Technology,Laptops,Ultrabook,1,40889.25,0.2,8277.01,Credit Card,Small Business
ORD-02136,2025-12-14,CUST-0930,Customer 0205,East,West Bengal,Guwahati,Office Supplies,Writing,Notebook,3,1554.15,0.0,522.73,Net Banking,Consumer
ORD-02137,2025-11-07,CUST-0151,Customer 0266,West,Gujarat,Mumbai,Technology,Laptops,Gaming Laptop,3,227431.24,0.0,50699.03,Net Banking,Consumer
ORD-02138,2025-11-25,CUST-0428,Customer 0490,East,West Bengal,Kolkata,Furniture,Tables,Side Table,4,85777.87,0.15,18866.89,Net Banking,Small Business
ORD-02139,2025-01-10,CUST-0795,Customer 0574,East,Maharashtra,Kolkata,Office Supplies,Binders,Lever Arch Binder,5,2143.62,0.08,689.26,Debit Card,Corporate
ORD-02140,2026-08-18,CUST-0861,Customer 0925,West,Delhi,Pune,Technology,Accessories,Keyboard,1,3842.94,0.02,416.3,Net Banking,Corporate
ORD-02141,2026-12-19,CUST-0899,Customer 0445,East,Tamil Nadu,Kolkata,Technology,Smartphones,Budget Phone,3,97518.45,0.0,16954.93,Cash,Consumer
ORD-02142,2026-08-21,CUST-0738,Customer 1188,East,Gujarat,Patna,Technology,Smartphones,Premium Phone,1,21456.4,0.1,4392.38,Net Banking,Corporate
ORD-02143,2026-04-06,CUST-0742,Customer 0594,North,Delhi,Delhi,Technology,Laptops,Gaming Laptop,3,321546.17,0.08,41501.24,Net Banking,Corporate
ORD-02144,2026-06-04,CUST-0692,Customer 0550,West,Karnataka,Pune,Office Supplies,Writing,Markers,2,313.3,0.1,60.16,UPI,Small Business
ORD-02145,2026-01-24,CUST-0373,Customer 0836,North,Tamil Nadu,Chandigarh,Office Supplies,Binders,Presentation Folder,4,3146.47,0.0,1002.37,UPI,Small Business
ORD-02146,2026-03-26,CUST-0768,Customer 0960,South,Karnataka,Kochi,Office Supplies,Binders,Ring Binder,5,2759.25,0.08,905.24,UPI,Small Business
ORD-02147,2026-03-31,CUST-0143,Customer 0175,West,Karnataka,Pune,Furniture,Chairs,Ergonomic Chair,1,8522.56,0.15,2262.07,Net Banking,Consumer
ORD-02148,2026-07-07,CUST-0344,Customer 0589,East,Maharashtra,Kolkata,Technology,Accessories,USB Hub,1,1909.99,0.2,162.73,UPI,Consumer
ORD-02149,2025-01-24,CUST-0822,Customer 0057,South,Rajasthan,Chennai,Technology,Laptops,Business Laptop,6,520174.56,0.05,64911.38,Cash,Corporate
ORD-02150,2026-02-06,CUST-0662,Customer 0288,South,Kerala,Bengaluru,Furniture,Storage,Bookshelf,1,9348.23,0.08,2026.54,Debit Card,Consumer
ORD-02151,2025-09-29,CUST-0520,Customer 1088,South,Uttar Pradesh,Hyderabad,Technology,Smartphones,Budget Phone,1,67094.71,0.08,14615.76,Debit Card,Corporate
ORD-02152,2025-01-11,CUST-0525,Customer 0342,West,Delhi,Ahmedabad,Technology,Laptops,Business Laptop,3,281132.38,0.2,58455.61,Debit Card,Corporate
ORD-02153,2025-01-31,CUST-0983,Customer 1142,South,Rajasthan,Bengaluru,Furniture,Chairs,Ergonomic Chair,10,89698.97,0.02,16659.74,Cash,Small Business
ORD-02154,2025-09-13,CUST-0154,Customer 0985,West,Karnataka,Surat,Technology,Accessories,Wireless Mouse,4,2701.64,0.02,289.09,Credit Card,Small Business
ORD-02155,2026-08-03,CUST-1075,Customer 0992,East,Telangana,Patna,Furniture,Chairs,Visitor Chair,4,52687.04,0.1,14014.74,Cash,Corporate
ORD-02156,2025-04-26,CUST-0971,Customer 1183,South,Rajasthan,Bengaluru,Furniture,Chairs,Ergonomic Chair,5,56402.72,0.02,12618.98,Debit Card,Corporate
ORD-02157,2025-01-05,CUST-0040,Customer 0664,North,Tamil Nadu,Lucknow,Technology,Laptops,Business Laptop,3,275448.95,0.1,22328.08,Credit Card,Consumer
ORD-02158,2026-12-22,CUST-0008,Customer 0169,West,West Bengal,Ahmedabad,Furniture,Storage,Filing Cabinet,1,2635.75,0.15,391.83,Debit Card,Corporate
ORD-02159,2025-03-11,CUST-0114,Customer 0552,East,Rajasthan,Guwahati,Technology,Smartphones,Premium Phone,3,129227.35,0.15,28220.94,Net Banking,Consumer
ORD-02160,2026-08-08,CUST-0917,Customer 0518,West,Gujarat,Ahmedabad,Office Supplies,Writing,Pen Set,2,1036.93,0.08,296.76,UPI,Consumer
ORD-02161,2025-07-13,CUST-0414,Customer 0028,South,Kerala,Kochi,Technology,Smartphones,Budget Phone,2,133150.76,0.15,22217.07,Debit Card,Small Business
ORD-02162,2025-02-20,CUST-0181,Customer 0532,West,Delhi,Pune,Technology,Accessories,USB Hub,3,3755.52,0.15,306.73,Net Banking,Small Business
ORD-02163,2026-12-22,CUST-0205,Customer 0943,South,Karnataka,Chennai,Technology,Smartphones,Premium Phone,4,63035.44,0.1,8494.56,Credit Card,Corporate
ORD-02164,2025-01-29,CUST-0265,Customer 0718,North,Tamil Nadu,Delhi,Office Supplies,Binders,Lever Arch Binder,5,2702.24,0.08,767.06,Cash,Consumer
ORD-02165,2025-06-02,CUST-1158,Customer 0922,North,Karnataka,Delhi,Office Supplies,Paper,Recycled Paper,2,1837.76,0.02,359.04,Debit Card,Small Business
ORD-02166,2026-10-09,CUST-0762,Customer 0661,South,Tamil Nadu,Kochi,Office Supplies,Binders,Presentation Folder,6,1306.56,0.05,335.92,Credit Card,Corporate
ORD-02167,2026-04-16,CUST-0620,Customer 0227,South,Gujarat,Kochi,Technology,Smartphones,Budget Phone,1,19228.62,0.2,2973.96,UPI,Corporate
ORD-02168,2026-07-13,CUST-0487,Customer 0144,West,Telangana,Pune,Office Supplies,Binders,Ring Binder,2,816.77,0.0,206.99,Debit Card,Small Business
ORD-02169,2025-09-22,CUST-0609,Customer 0392,West,Gujarat,Surat,Technology,Accessories,Keyboard,3,10840.55,0.02,2396.83,UPI,Small Business
ORD-02170,2026-05-03,CUST-0226,Customer 0692,East,Rajasthan,Guwahati,Office Supplies,Binders,Presentation Folder,3,1191.18,0.2,268.35,Debit Card,Consumer
ORD-02171,2026-10-19,CUST-0608,Customer 0257,North,Gujarat,Jaipur,Office Supplies,Writing,Pen Set,2,995.4,0.1,278.17,Net Banking,Small Business
ORD-02172,2026-12-17,CUST-0726,Customer 0990,West,Maharashtra,Mumbai,Office Supplies,Paper,Recycled Paper,2,535.23,0.1,87.33,Net Banking,Corporate
ORD-02173,2026-01-10,CUST-0536,Customer 0315,South,Karnataka,Hyderabad,Technology,Smartphones,Premium Phone,8,401281.06,0.2,40989.8,UPI,Corporate
ORD-02174,2025-04-13,CUST-0681,Customer 0304,South,West Bengal,Bengaluru,Office Supplies,Paper,Recycled Paper,6,5913.92,0.15,2039.76,UPI,Consumer
ORD-02175,2025-12-03,CUST-0863,Customer 1171,North,Karnataka,Lucknow,Technology,Laptops,Gaming Laptop,1,62841.0,0.08,14679.67,Credit Card,Small Business
ORD-02176,2025-10-07,CUST-0919,Customer 0628,North,Telangana,Chandigarh,Technology,Accessories,Wireless Mouse,2,2661.16,0.1,632.31,UPI,Small Business
ORD-02177,2025-03-26,CUST-0723,Customer 0511,South,Kerala,Hyderabad,Office Supplies,Binders,Presentation Folder,4,1383.52,0.2,339.42,Credit Card,Consumer
ORD-02178,2025-02-13,CUST-0416,Customer 0294,South,Kerala,Kochi,Technology,Accessories,Keyboard,5,11924.95,0.08,1573.04,Cash,Consumer
ORD-02179,2025-05-30,CUST-0925,Customer 1031,North,West Bengal,Delhi,Furniture,Tables,Conference Table,5,64449.04,0.15,11350.61,UPI,Small Business
ORD-02180,2026-02-15,CUST-1010,Customer 0295,East,Karnataka,Guwahati,Furniture,Storage,Filing Cabinet,2,18702.69,0.15,3081.18,Net Banking,Corporate
ORD-02181,2026-08-25,CUST-0040,Customer 0568,East,Delhi,Guwahati,Office Supplies,Paper,Recycled Paper,8,2969.09,0.15,786.55,UPI,Small Business
ORD-02182,2026-06-08,CUST-0202,Customer 0454,South,Maharashtra,Hyderabad,Technology,Accessories,Keyboard,1,2769.85,0.08,309.39,Credit Card,Corporate
ORD-02183,2025-08-24,CUST-0867,Customer 0636,South,Tamil Nadu,Hyderabad,Furniture,Chairs,Visitor Chair,4,65888.77,0.0,10050.8,UPI,Consumer
ORD-02184,2025-06-11,CUST-0113,Customer 0496,East,Maharashtra,Patna,Furniture,Chairs,Visitor Chair,2,19636.45,0.15,5250.94,Debit Card,Consumer
ORD-02185,2026-05-15,CUST-0184,Customer 0749,East,Delhi,Kolkata,Furniture,Chairs,Office Chair,1,6728.07,0.0,1799.04,Debit Card,Small Business
ORD-02186,2026-10-26,CUST-0613,Customer 0699,West,Rajasthan,Mumbai,Office Supplies,Binders,Presentation Folder,1,880.17,0.02,158.84,Debit Card,Consumer
ORD-02187,2026-05-13,CUST-1059,Customer 0155,North,Kerala,Jaipur,Furniture,Tables,Work Desk,2,13263.84,0.2,3531.88,Credit Card,Consumer
ORD-02188,2025-03-12,CUST-0964,Customer 0226,East,Delhi,Kolkata,Furniture,Storage,Storage Box,4,14849.98,0.1,4350.74,Net Banking,Corporate
ORD-02189,2025-05-15,CUST-0569,Customer 0839,East,Maharashtra,Patna,Technology,Smartphones,Premium Phone,1,63198.5,0.1,11444.53,Credit Card,Corporate
ORD-02190,2026-03-19,CUST-0487,Customer 0648,North,Telangana,Lucknow,Technology,Laptops,Ultrabook,3,271380.17,0.05,60432.12,Credit Card,Consumer
ORD-02191,2026-01-30,CUST-1026,Customer 0735,West,Rajasthan,Surat,Technology,Smartphones,Android Phone,1,29797.93,0.1,5065.06,Cash,Corporate
ORD-02192,2026-06-02,CUST-0087,Customer 0078,West,Tamil Nadu,Mumbai,Furniture,Chairs,Visitor Chair,8,49892.63,0.0,14185.61,Credit Card,Consumer
ORD-02193,2026-06-22,CUST-1026,Customer 1142,East,Tamil Nadu,Patna,Office Supplies,Paper,A4 Paper,3,2611.09,0.08,825.66,Cash,Small Business
ORD-02194,2026-02-22,CUST-1041,Customer 0969,South,Uttar Pradesh,Bengaluru,Furniture,Tables,Side Table,6,42468.32,0.1,9094.19,Debit Card,Consumer
ORD-02195,2026-02-14,CUST-1141,Customer 1099,East,Telangana,Patna,Office Supplies,Paper,Premium Paper,4,3114.48,0.08,675.26,Net Banking,Corporate
ORD-02196,2026-07-22,CUST-0230,Customer 0595,South,West Bengal,Bengaluru,Technology,Smartphones,Android Phone,1,64161.1,0.0,12565.33,UPI,Small Business
ORD-02197,2026-12-31,CUST-0059,Customer 1093,South,Maharashtra,Kochi,Technology,Smartphones,Premium Phone,3,95956.91,0.02,18840.59,Credit Card,Corporate
ORD-02198,2026-04-18,CUST-0163,Customer 0533,West,Rajasthan,Ahmedabad,Technology,Accessories,Keyboard,2,3708.1,0.1,417.93,Net Banking,Corporate
ORD-02199,2025-12-12,CUST-1007,Customer 0207,North,Tamil Nadu,Lucknow,Furniture,Storage,Storage Box,3,33375.15,0.0,9221.94,Net Banking,Corporate
ORD-02200,2025-11-07,CUST-0510,Customer 0184,East,Uttar Pradesh,Patna,Technology,Smartphones,Budget Phone,2,103695.54,0.08,11733.83,Credit Card,Small Business
ORD-02201,2025-12-21,CUST-0878,Customer 0679,West,Maharashtra,Pune,Office Supplies,Paper,A4 Paper,1,840.39,0.1,266.39,UPI,Corporate
ORD-02202,2025-04-21,CUST-0330,Customer 0852,West,Tamil Nadu,Surat,Technology,Laptops,Ultrabook,2,102008.02,0.15,17255.02,Debit Card,Corporate
ORD-02203,2025-10-25,CUST-0691,Customer 0658,West,Karnataka,Pune,Technology,Laptops,Business Laptop,1,61461.76,0.05,14311.3,Credit Card,Corporate
ORD-02204,2026-08-05,CUST-1016,Customer 0823,East,West Bengal,Kolkata,Office Supplies,Writing,Notebook,3,277.06,0.1,88.27,UPI,Small Business
ORD-02205,2025-10-16,CUST-0510,Customer 1078,West,Maharashtra,Pune,Furniture,Tables,Work Desk,1,11834.56,0.2,3110.59,Credit Card,Consumer
ORD-02206,2026-05-19,CUST-0570,Customer 0218,North,West Bengal,Delhi,Furniture,Chairs,Ergonomic Chair,2,10507.22,0.02,3125.53,Cash,Small Business
ORD-02207,2025-04-13,CUST-1069,Customer 0774,West,Telangana,Ahmedabad,Furniture,Tables,Conference Table,3,22478.5,0.15,3485.0,UPI,Corporate
ORD-02208,2025-08-18,CUST-0588,Customer 0080,South,Delhi,Kochi,Furniture,Storage,Bookshelf,1,1744.02,0.02,221.01,Net Banking,Small Business
ORD-02209,2025-09-26,CUST-0210,Customer 1058,West,Telangana,Surat,Technology,Laptops,Gaming Laptop,2,91639.69,0.1,18131.15,Cash,Consumer
ORD-02210,2025-08-11,CUST-1187,Customer 0261,East,West Bengal,Kolkata,Furniture,Tables,Conference Table,3,18258.34,0.0,4983.87,Cash,Small Business
ORD-02211,2025-03-26,CUST-0669,Customer 0288,East,West Bengal,Guwahati,Furniture,Storage,Storage Box,3,3530.49,0.2,546.75,Net Banking,Small Business
ORD-02212,2025-06-02,CUST-0515,Customer 1100,East,Uttar Pradesh,Guwahati,Furniture,Tables,Work Desk,1,5101.81,0.05,1249.61,Net Banking,Consumer
ORD-02213,2025-04-23,CUST-1092,Customer 0065,North,Telangana,Jaipur,Furniture,Chairs,Ergonomic Chair,2,8138.2,0.02,2357.99,Net Banking,Small Business
ORD-02214,2025-03-29,CUST-0051,Customer 0541,West,West Bengal,Mumbai,Furniture,Chairs,Visitor Chair,4,53115.29,0.08,6435.03,Credit Card,Small Business
ORD-02215,2026-11-24,CUST-0293,Customer 0623,North,West Bengal,Delhi,Office Supplies,Writing,Pen Set,5,2460.33,0.08,839.67,Net Banking,Small Business
ORD-02216,2026-06-13,CUST-0213,Customer 0228,South,Uttar Pradesh,Hyderabad,Technology,Laptops,Business Laptop,2,126689.54,0.02,25451.8,Credit Card,Corporate
ORD-02217,2026-08-25,CUST-0005,Customer 0635,North,Gujarat,Chandigarh,Technology,Accessories,USB Hub,2,3083.1,0.0,466.13,Net Banking,Consumer
ORD-02218,2025-10-31,CUST-1031,Customer 0940,East,Uttar Pradesh,Patna,Technology,Accessories,USB Hub,1,1598.05,0.08,243.73,UPI,Consumer
ORD-02219,2025-06-06,CUST-0938,Customer 0672,North,West Bengal,Jaipur,Technology,Smartphones,Premium Phone,2,128618.04,0.05,20039.75,Cash,Corporate
ORD-02220,2026-09-26,CUST-1190,Customer 1076,North,West Bengal,Lucknow,Office Supplies,Binders,Ring Binder,5,1278.74,0.08,259.72,Credit Card,Small Business
ORD-02221,2025-07-10,CUST-0829,Customer 0616,South,Tamil Nadu,Chennai,Office Supplies,Paper,Recycled Paper,4,1682.36,0.1,349.57,Credit Card,Corporate
ORD-02222,2025-02-16,CUST-0713,Customer 1002,North,Rajasthan,Jaipur,Technology,Smartphones,Premium Phone,8,255634.31,0.15,46869.17,UPI,Consumer
ORD-02223,2025-06-19,CUST-0660,Customer 0463,North,Rajasthan,Delhi,Technology,Accessories,USB Hub,2,4282.06,0.08,881.63,Credit Card,Corporate
ORD-02224,2026-07-29,CUST-0776,Customer 1196,East,Uttar Pradesh,Kolkata,Technology,Smartphones,Premium Phone,3,91668.69,0.08,16125.58,Cash,Corporate
ORD-02225,2026-04-12,CUST-0960,Customer 0009,East,Tamil Nadu,Kolkata,Furniture,Chairs,Visitor Chair,5,33484.23,0.0,9974.32,Net Banking,Corporate
ORD-02226,2025-02-07,CUST-0910,Customer 1081,South,Tamil Nadu,Kochi,Furniture,Storage,Bookshelf,5,37349.03,0.2,11139.03,Credit Card,Consumer
ORD-02227,2025-06-24,CUST-0191,Customer 0549,West,Gujarat,Mumbai,Office Supplies,Writing,Markers,10,5661.35,0.05,1546.78,Debit Card,Consumer
ORD-02228,2025-11-07,CUST-1157,Customer 0834,East,Delhi,Guwahati,Office Supplies,Binders,Lever Arch Binder,2,549.87,0.15,155.28,Debit Card,Consumer
ORD-02229,2025-01-02,CUST-0114,Customer 0638,South,Kerala,Bengaluru,Furniture,Storage,Filing Cabinet,4,47346.52,0.05,7759.36,Cash,Small Business
ORD-02230,2026-09-21,CUST-0979,Customer 0935,South,Maharashtra,Kochi,Office Supplies,Binders,Lever Arch Binder,2,543.11,0.0,185.44,Credit Card,Corporate
ORD-02231,2025-07-20,CUST-1148,Customer 0715,South,Uttar Pradesh,Hyderabad,Furniture,Storage,Filing Cabinet,3,12297.75,0.15,1812.72,Net Banking,Corporate
ORD-02232,2025-09-05,CUST-0561,Customer 1181,South,Maharashtra,Chennai,Furniture,Storage,Bookshelf,4,33241.31,0.05,8185.11,Credit Card,Corporate
ORD-02233,2025-08-23,CUST-0655,Customer 0948,West,Kerala,Surat,Technology,Smartphones,Android Phone,3,115998.79,0.0,18145.75,UPI,Consumer
ORD-02234,2026-01-15,CUST-0539,Customer 0806,North,Gujarat,Lucknow,Technology,Smartphones,Android Phone,5,183166.68,0.1,32599.44,Net Banking,Consumer
ORD-02235,2025-08-25,CUST-0487,Customer 0514,West,Telangana,Mumbai,Technology,Smartphones,Budget Phone,4,316669.82,0.05,49957.71,Net Banking,Small Business
ORD-02236,2026-10-27,CUST-0113,Customer 0675,North,Karnataka,Lucknow,Furniture,Storage,Storage Box,2,28436.27,0.02,6505.67,Cash,Consumer
ORD-02237,2025-02-26,CUST-0171,Customer 0670,West,Rajasthan,Mumbai,Technology,Laptops,Ultrabook,8,326498.09,0.2,31922.94,Credit Card,Corporate
ORD-02238,2026-06-11,CUST-0168,Customer 0286,North,Tamil Nadu,Lucknow,Technology,Accessories,Keyboard,8,27506.11,0.15,4944.44,UPI,Consumer
ORD-02239,2026-10-02,CUST-0105,Customer 1149,North,Rajasthan,Jaipur,Office Supplies,Paper,Recycled Paper,4,3904.52,0.08,1235.55,Net Banking,Consumer
ORD-02240,2026-04-23,CUST-0502,Customer 0846,South,Delhi,Chennai,Technology,Laptops,Gaming Laptop,3,261919.28,0.08,49294.01,Debit Card,Small Business
ORD-02241,2025-05-24,CUST-0043,Customer 0842,West,Maharashtra,Mumbai,Office Supplies,Paper,A4 Paper,4,4278.36,0.1,1109.76,Credit Card,Small Business
ORD-02242,2025-01-30,CUST-0319,Customer 0389,West,Rajasthan,Ahmedabad,Technology,Smartphones,Premium Phone,3,42351.74,0.15,4901.58,Debit Card,Consumer
ORD-02243,2026-04-19,CUST-0890,Customer 0561,West,Karnataka,Pune,Furniture,Storage,Filing Cabinet,3,14677.47,0.1,1935.98,UPI,Consumer
ORD-02244,2026-07-01,CUST-0306,Customer 0824,South,West Bengal,Bengaluru,Office Supplies,Writing,Notebook,1,210.36,0.05,37.44,Credit Card,Consumer
ORD-02245,2025-06-19,CUST-0382,Customer 0642,West,Telangana,Pune,Furniture,Storage,Bookshelf,3,26990.03,0.05,7347.19,Cash,Corporate
ORD-02246,2026-10-07,CUST-0880,Customer 1111,East,Rajasthan,Guwahati,Furniture,Storage,Storage Box,8,31346.53,0.2,8962.7,Cash,Consumer
ORD-02247,2025-01-26,CUST-0657,Customer 1151,North,West Bengal,Delhi,Furniture,Chairs,Office Chair,2,6650.97,0.1,1645.16,Net Banking,Consumer
ORD-02248,2026-02-02,CUST-0342,Customer 0987,East,Uttar Pradesh,Guwahati,Office Supplies,Binders,Presentation Folder,5,3199.26,0.0,973.17,Net Banking,Small Business
ORD-02249,2026-02-04,CUST-0483,Customer 0959,North,Telangana,Jaipur,Furniture,Storage,Filing Cabinet,1,9038.34,0.15,1518.08,Credit Card,Corporate
ORD-02250,2026-07-03,CUST-0014,Customer 0359,South,Kerala,Kochi,Furniture,Storage,Filing Cabinet,1,3626.19,0.1,628.97,Debit Card,Corporate
ORD-02251,2026-01-03,CUST-1002,Customer 1186,West,Delhi,Surat,Technology,Accessories,Keyboard,5,23842.28,0.02,4202.51,Debit Card,Consumer
ORD-02252,2026-02-05,CUST-0934,Customer 0025,South,Maharashtra,Hyderabad,Office Supplies,Binders,Lever Arch Binder,1,594.09,0.08,169.36,Cash,Corporate
ORD-02253,2026-07-23,CUST-0598,Customer 0329,South,Maharashtra,Hyderabad,Furniture,Storage,Bookshelf,1,12818.24,0.02,2379.81,UPI,Consumer
ORD-02254,2025-06-20,CUST-0518,Customer 1145,North,Telangana,Delhi,Furniture,Tables,Work Desk,8,39452.47,0.15,5772.19,Cash,Corporate
ORD-02255,2026-10-14,CUST-0904,Customer 0471,South,Rajasthan,Chennai,Technology,Laptops,Gaming Laptop,3,282890.9,0.02,26398.23,Debit Card,Corporate
ORD-02256,2026-07-18,CUST-0605,Customer 0283,East,Uttar Pradesh,Bhubaneswar,Technology,Laptops,Gaming Laptop,1,50627.67,0.08,10894.7,Net Banking,Corporate
ORD-02257,2026-10-07,CUST-0811,Customer 0669,North,Tamil Nadu,Lucknow,Office Supplies,Writing,Pen Set,4,1228.27,0.2,402.39,UPI,Small Business
ORD-02258,2025-02-03,CUST-1052,Customer 0236,East,Kerala,Guwahati,Furniture,Chairs,Visitor Chair,1,12958.59,0.05,3619.34,Debit Card,Small Business
ORD-02259,2026-04-08,CUST-0276,Customer 0265,East,Maharashtra,Bhubaneswar,Technology,Smartphones,Android Phone,1,26639.69,0.02,3914.29,Debit Card,Consumer
ORD-02260,2025-07-22,CUST-0936,Customer 0678,South,Maharashtra,Chennai,Technology,Accessories,Wireless Mouse,4,11243.18,0.2,2050.3,Cash,Consumer
ORD-02261,2026-03-09,CUST-0874,Customer 0790,West,Uttar Pradesh,Pune,Office Supplies,Paper,Recycled Paper,2,655.53,0.08,127.32,Net Banking,Small Business
ORD-02262,2025-01-20,CUST-0798,Customer 0204,East,Rajasthan,Kolkata,Technology,Laptops,Business Laptop,2,121729.08,0.05,10990.24,Net Banking,Corporate
ORD-02263,2025-04-13,CUST-0675,Customer 0195,West,West Bengal,Mumbai,Technology,Accessories,USB Hub,5,8518.05,0.05,1434.19,Net Banking,Corporate
ORD-02264,2025-01-07,CUST-0651,Customer 0038,South,Kerala,Kochi,Office Supplies,Paper,Recycled Paper,1,253.41,0.0,44.04,Net Banking,Small Business
ORD-02265,2025-06-13,CUST-0501,Customer 0334,West,Telangana,Mumbai,Office Supplies,Writing,Pen Set,5,661.92,0.15,143.16,Cash,Consumer
ORD-02266,2026-12-18,CUST-0627,Customer 1018,East,Rajasthan,Bhubaneswar,Furniture,Storage,Bookshelf,2,18816.56,0.05,4764.93,UPI,Corporate
ORD-02267,2025-11-24,CUST-1038,Customer 0892,South,Telangana,Hyderabad,Technology,Laptops,Business Laptop,2,105224.29,0.02,22174.06,Net Banking,Corporate
ORD-02268,2025-09-01,CUST-0041,Customer 0522,South,Delhi,Kochi,Technology,Laptops,Business Laptop,2,213728.5,0.1,17737.11,Cash,Small Business
ORD-02269,2025-05-15,CUST-0365,Customer 0451,North,Delhi,Lucknow,Technology,Accessories,Keyboard,6,3855.99,0.2,499.43,Debit Card,Small Business
ORD-02270,2025-11-25,CUST-0912,Customer 1016,East,Kerala,Guwahati,Office Supplies,Paper,A4 Paper,5,2518.59,0.1,582.68,Cash,Consumer
ORD-02271,2026-02-26,CUST-0293,Customer 0906,North,Gujarat,Jaipur,Furniture,Storage,Storage Box,4,13212.79,0.2,2373.6,Debit Card,Small Business
ORD-02272,2026-08-08,CUST-0952,Customer 0080,North,Tamil Nadu,Delhi,Furniture,Chairs,Visitor Chair,6,65833.9,0.05,19370.73,Debit Card,Small Business
ORD-02273,2025-01-08,CUST-1053,Customer 0401,South,Gujarat,Chennai,Technology,Laptops,Business Laptop,3,176204.82,0.2,24695.77,Net Banking,Corporate
ORD-02274,2025-01-08,CUST-1016,Customer 0576,North,Rajasthan,Jaipur,Office Supplies,Writing,Notebook,3,1183.18,0.1,348.21,Credit Card,Small Business
ORD-02275,2025-05-10,CUST-0956,Customer 0216,North,Delhi,Jaipur,Office Supplies,Writing,Notebook,3,1315.59,0.2,419.84,Net Banking,Consumer
ORD-02276,2025-05-30,CUST-1052,Customer 0749,South,Uttar Pradesh,Chennai,Office Supplies,Writing,Markers,6,2773.71,0.15,611.75,Cash,Small Business
ORD-02277,2026-12-30,CUST-1165,Customer 0018,West,Karnataka,Mumbai,Office Supplies,Binders,Ring Binder,3,2232.08,0.15,443.16,Net Banking,Consumer
ORD-02278,2025-10-11,CUST-0641,Customer 0948,West,Gujarat,Ahmedabad,Office Supplies,Writing,Notebook,8,4126.14,0.15,1298.8,Debit Card,Corporate
ORD-02279,2026-10-18,CUST-0704,Customer 0584,North,Maharashtra,Delhi,Furniture,Tables,Side Table,1,25429.41,0.08,3671.47,Debit Card,Corporate
ORD-02280,2026-10-30,CUST-1056,Customer 0429,East,Kerala,Kolkata,Office Supplies,Binders,Ring Binder,4,3329.44,0.02,726.41,Cash,Corporate
ORD-02281,2026-06-04,CUST-0457,Customer 1018,North,Delhi,Lucknow,Office Supplies,Writing,Notebook,2,1086.4,0.2,231.23,Net Banking,Small Business
ORD-02282,2026-05-16,CUST-0432,Customer 0117,North,West Bengal,Lucknow,Furniture,Storage,Bookshelf,1,14196.77,0.05,3434.12,Credit Card,Small Business
ORD-02283,2026-10-04,CUST-0006,Customer 1008,West,Uttar Pradesh,Surat,Furniture,Chairs,Visitor Chair,1,10669.47,0.15,1329.39,Cash,Consumer
ORD-02284,2025-07-13,CUST-0838,Customer 1192,West,Kerala,Pune,Technology,Laptops,Business Laptop,3,281187.39,0.05,23109.29,Cash,Corporate
ORD-02285,2026-12-01,CUST-0805,Customer 0646,South,Maharashtra,Hyderabad,Office Supplies,Paper,Recycled Paper,1,419.36,0.02,140.88,UPI,Corporate
ORD-02286,2025-09-26,CUST-0110,Customer 0386,South,Telangana,Hyderabad,Office Supplies,Writing,Notebook,1,256.71,0.1,61.64,UPI,Consumer
ORD-02287,2026-12-29,CUST-0732,Customer 0643,East,Delhi,Patna,Furniture,Chairs,Ergonomic Chair,3,28074.64,0.0,6326.03,Debit Card,Small Business
ORD-02288,2025-11-13,CUST-0544,Customer 0739,West,Kerala,Mumbai,Technology,Laptops,Business Laptop,3,227491.49,0.0,25281.1,Debit Card,Corporate
ORD-02289,2026-10-13,CUST-0303,Customer 0979,West,Karnataka,Mumbai,Technology,Laptops,Ultrabook,6,471305.97,0.1,44735.89,Net Banking,Corporate
ORD-02290,2026-07-09,CUST-0486,Customer 0055,North,Delhi,Lucknow,Office Supplies,Binders,Ring Binder,1,808.4,0.02,267.8,Net Banking,Corporate
ORD-02291,2025-11-28,CUST-0697,Customer 1190,East,Delhi,Patna,Office Supplies,Writing,Markers,1,222.27,0.05,49.83,Credit Card,Consumer
ORD-02292,2026-11-20,CUST-0639,Customer 0444,West,Maharashtra,Pune,Office Supplies,Binders,Lever Arch Binder,3,252.7,0.2,65.14,UPI,Corporate
ORD-02293,2026-06-17,CUST-0365,Customer 0501,West,Rajasthan,Pune,Office Supplies,Writing,Notebook,4,435.21,0.08,68.36,Cash,Corporate
ORD-02294,2026-01-19,CUST-0691,Customer 0048,South,Rajasthan,Kochi,Office Supplies,Paper,A4 Paper,1,1149.6,0.0,302.17,Credit Card,Corporate
ORD-02295,2025-06-26,CUST-0080,Customer 0115,North,Maharashtra,Lucknow,Office Supplies,Binders,Ring Binder,1,792.44,0.05,226.35,Cash,Consumer
ORD-02296,2026-01-27,CUST-0374,Customer 0152,East,Uttar Pradesh,Guwahati,Office Supplies,Paper,Premium Paper,3,1953.93,0.02,649.63,UPI,Small Business
ORD-02297,2026-01-22,CUST-0301,Customer 0231,South,Karnataka,Chennai,Office Supplies,Writing,Notebook,1,549.18,0.1,99.68,Debit Card,Consumer
ORD-02298,2025-05-09,CUST-0298,Customer 1047,North,Maharashtra,Lucknow,Technology,Laptops,Business Laptop,1,113973.32,0.0,25488.36,Net Banking,Corporate
ORD-02299,2026-07-03,CUST-0912,Customer 0342,East,Uttar Pradesh,Bhubaneswar,Furniture,Chairs,Ergonomic Chair,3,20123.38,0.08,5078.35,UPI,Consumer
ORD-02300,2025-03-23,CUST-0343,Customer 0864,West,Kerala,Pune,Technology,Laptops,Ultrabook,5,401699.52,0.15,79858.02,Cash,Consumer
ORD-02301,2025-10-05,CUST-1006,Customer 0837,East,Karnataka,Guwahati,Furniture,Storage,Bookshelf,3,17991.18,0.02,4557.48,Cash,Corporate
ORD-02302,2025-07-01,CUST-0741,Customer 0945,North,Maharashtra,Lucknow,Furniture,Tables,Work Desk,2,35790.98,0.2,10732.94,Net Banking,Small Business
ORD-02303,2026-12-15,CUST-0559,Customer 0854,West,Delhi,Ahmedabad,Furniture,Tables,Side Table,2,50882.45,0.08,6138.9,Net Banking,Corporate
ORD-02304,2025-06-06,CUST-1118,Customer 0628,West,Telangana,Mumbai,Furniture,Chairs,Office Chair,3,44747.72,0.1,9024.58,Net Banking,Small Business
ORD-02305,2025-09-21,CUST-0245,Customer 0897,North,Karnataka,Jaipur,Office Supplies,Paper,Premium Paper,1,767.27,0.15,231.08,Credit Card,Corporate
ORD-02306,2026-02-12,CUST-1112,Customer 1056,South,Karnataka,Kochi,Technology,Accessories,USB Hub,1,4357.84,0.08,856.67,UPI,Consumer
ORD-02307,2026-06-21,CUST-0391,Customer 0253,West,Telangana,Surat,Furniture,Tables,Side Table,4,101735.14,0.02,20745.64,Debit Card,Consumer
ORD-02308,2026-08-14,CUST-0176,Customer 1140,East,Gujarat,Bhubaneswar,Furniture,Storage,Storage Box,5,19123.19,0.2,2356.76,Cash,Consumer
ORD-02309,2026-05-13,CUST-0211,Customer 0752,West,Telangana,Mumbai,Office Supplies,Paper,Premium Paper,3,640.35,0.15,183.8,Credit Card,Corporate
ORD-02310,2026-07-16,CUST-1186,Customer 0764,West,West Bengal,Mumbai,Office Supplies,Paper,Premium Paper,1,1014.95,0.02,197.9,Cash,Corporate
ORD-02311,2026-08-08,CUST-0002,Customer 0105,West,West Bengal,Pune,Office Supplies,Binders,Lever Arch Binder,1,166.59,0.0,28.04,Credit Card,Consumer
ORD-02312,2026-08-02,CUST-0970,Customer 0335,West,Maharashtra,Ahmedabad,Technology,Accessories,Wireless Mouse,1,525.53,0.05,97.97,Cash,Consumer
ORD-02313,2026-09-10,CUST-0970,Customer 0551,North,West Bengal,Delhi,Technology,Accessories,Wireless Mouse,6,18755.67,0.05,4214.68,Debit Card,Small Business
ORD-02314,2025-06-21,CUST-0710,Customer 0310,South,Rajasthan,Kochi,Furniture,Storage,Storage Box,4,56349.05,0.05,15194.8,Cash,Small Business
ORD-02315,2026-03-28,CUST-0598,Customer 0081,East,Delhi,Bhubaneswar,Technology,Smartphones,Android Phone,1,33220.67,0.2,6478.29,Credit Card,Consumer
ORD-02316,2026-12-05,CUST-0917,Customer 0777,South,Uttar Pradesh,Kochi,Office Supplies,Paper,Premium Paper,5,4599.74,0.08,1372.16,Credit Card,Small Business
ORD-02317,2026-09-06,CUST-0096,Customer 0744,West,Uttar Pradesh,Mumbai,Office Supplies,Binders,Lever Arch Binder,1,397.7,0.2,96.07,Debit Card,Small Business
ORD-02318,2025-12-12,CUST-1031,Customer 0821,West,Telangana,Mumbai,Furniture,Tables,Side Table,3,59702.17,0.02,17437.84,Debit Card,Small Business
ORD-02319,2025-08-03,CUST-0375,Customer 0530,North,Delhi,Chandigarh,Furniture,Tables,Conference Table,3,35822.32,0.1,7895.65,UPI,Corporate
ORD-02320,2026-12-19,CUST-1062,Customer 0762,South,Tamil Nadu,Kochi,Office Supplies,Writing,Pen Set,1,119.21,0.15,40.84,Cash,Corporate
ORD-02321,2025-06-19,CUST-0157,Customer 0498,West,Delhi,Surat,Office Supplies,Writing,Notebook,4,1779.67,0.1,346.1,Cash,Corporate
ORD-02322,2026-06-29,CUST-0018,Customer 0082,North,Telangana,Jaipur,Technology,Accessories,Keyboard,1,3566.74,0.05,680.92,UPI,Small Business
ORD-02323,2025-12-06,CUST-0608,Customer 1120,West,Telangana,Ahmedabad,Technology,Smartphones,Budget Phone,3,242990.45,0.02,19775.61,Cash,Small Business
ORD-02324,2026-12-01,CUST-0524,Customer 1106,West,Gujarat,Mumbai,Office Supplies,Writing,Pen Set,5,2721.6,0.2,561.69,Net Banking,Corporate
ORD-02325,2026-07-15,CUST-0517,Customer 0972,West,Telangana,Mumbai,Furniture,Chairs,Visitor Chair,3,20155.8,0.0,4166.61,Credit Card,Corporate
ORD-02326,2025-05-28,CUST-0371,Customer 0868,West,West Bengal,Mumbai,Furniture,Chairs,Ergonomic Chair,1,7637.27,0.05,1389.56,Net Banking,Small Business
ORD-02327,2025-03-12,CUST-0483,Customer 0569,West,Karnataka,Surat,Furniture,Tables,Conference Table,3,33035.87,0.08,8474.64,Credit Card,Small Business
ORD-02328,2025-12-07,CUST-0132,Customer 1191,South,Maharashtra,Chennai,Furniture,Chairs,Visitor Chair,3,23297.73,0.02,5711.87,Debit Card,Corporate
ORD-02329,2026-09-11,CUST-0497,Customer 0865,South,Delhi,Bengaluru,Technology,Laptops,Gaming Laptop,3,259468.04,0.2,32987.98,Net Banking,Consumer
ORD-02330,2025-03-05,CUST-0954,Customer 0058,North,Rajasthan,Chandigarh,Furniture,Storage,Bookshelf,1,2847.34,0.02,786.45,Debit Card,Small Business
ORD-02331,2025-11-03,CUST-0495,Customer 0509,East,Karnataka,Kolkata,Furniture,Chairs,Office Chair,1,8507.88,0.02,1709.33,UPI,Corporate
ORD-02332,2025-12-27,CUST-0857,Customer 0386,South,Tamil Nadu,Kochi,Technology,Accessories,Keyboard,1,3192.79,0.05,488.66,Credit Card,Consumer
ORD-02333,2026-07-07,CUST-0098,Customer 0810,North,Rajasthan,Jaipur,Office Supplies,Writing,Pen Set,5,1731.4,0.1,572.77,Credit Card,Corporate
ORD-02334,2026-12-27,CUST-0608,Customer 0164,East,Uttar Pradesh,Guwahati,Office Supplies,Writing,Markers,2,757.02,0.05,179.11,Credit Card,Consumer
ORD-02335,2026-08-22,CUST-0085,Customer 0648,South,Kerala,Hyderabad,Technology,Laptops,Business Laptop,3,306761.22,0.1,43252.14,Debit Card,Corporate
ORD-02336,2025-02-06,CUST-0673,Customer 0316,East,Karnataka,Bhubaneswar,Office Supplies,Writing,Pen Set,5,3305.96,0.05,792.77,UPI,Consumer
ORD-02337,2025-06-21,CUST-0430,Customer 0327,South,Karnataka,Chennai,Office Supplies,Writing,Notebook,3,1482.17,0.2,439.79,UPI,Corporate
ORD-02338,2026-03-14,CUST-1110,Customer 0693,West,Telangana,Surat,Furniture,Chairs,Ergonomic Chair,4,60991.24,0.1,11591.74,Net Banking,Consumer
ORD-02339,2025-08-20,CUST-0551,Customer 0897,West,Tamil Nadu,Surat,Technology,Accessories,Wireless Mouse,3,3237.33,0.08,491.47,Credit Card,Corporate
ORD-02340,2026-10-14,CUST-0755,Customer 0984,South,Maharashtra,Chennai,Technology,Smartphones,Budget Phone,5,232922.24,0.2,46835.84,Debit Card,Corporate
ORD-02341,2025-12-05,CUST-0437,Customer 0696,South,Uttar Pradesh,Chennai,Office Supplies,Paper,Premium Paper,4,2898.88,0.0,467.26,Debit Card,Small Business
ORD-02342,2026-07-18,CUST-0706,Customer 0918,West,Karnataka,Pune,Technology,Laptops,Gaming Laptop,4,196950.33,0.2,19744.31,Debit Card,Small Business
ORD-02343,2026-12-19,CUST-0457,Customer 1186,South,West Bengal,Hyderabad,Technology,Accessories,Wireless Mouse,2,3661.24,0.08,598.22,Net Banking,Small Business
ORD-02344,2026-01-04,CUST-1196,Customer 0863,North,Gujarat,Chandigarh,Technology,Laptops,Gaming Laptop,3,193801.7,0.2,45096.58,Net Banking,Small Business
ORD-02345,2025-09-28,CUST-0884,Customer 1023,West,Maharashtra,Pune,Office Supplies,Binders,Lever Arch Binder,1,383.89,0.05,97.12,UPI,Consumer
ORD-02346,2026-12-08,CUST-0897,Customer 0060,South,Karnataka,Bengaluru,Office Supplies,Paper,Premium Paper,2,1380.86,0.1,335.62,Net Banking,Consumer
ORD-02347,2025-02-02,CUST-1000,Customer 0845,South,Karnataka,Hyderabad,Furniture,Storage,Storage Box,2,20550.3,0.02,4026.1,Cash,Small Business
ORD-02348,2026-08-13,CUST-1048,Customer 0060,East,Tamil Nadu,Bhubaneswar,Technology,Laptops,Business Laptop,1,92643.28,0.2,21570.55,UPI,Small Business
ORD-02349,2025-11-25,CUST-1123,Customer 0156,West,Karnataka,Mumbai,Furniture,Chairs,Visitor Chair,2,11443.83,0.1,2659.77,Cash,Small Business
ORD-02350,2026-04-15,CUST-0044,Customer 0265,North,West Bengal,Delhi,Furniture,Chairs,Office Chair,5,48292.02,0.02,8629.49,Net Banking,Consumer
ORD-02351,2026-08-19,CUST-0606,Customer 0724,West,West Bengal,Mumbai,Furniture,Tables,Conference Table,4,76774.53,0.05,15606.91,Debit Card,Small Business
ORD-02352,2025-05-18,CUST-1154,Customer 0170,East,West Bengal,Guwahati,Furniture,Chairs,Ergonomic Chair,4,26734.72,0.15,6236.0,Credit Card,Corporate
ORD-02353,2026-11-10,CUST-0752,Customer 0294,East,Karnataka,Guwahati,Technology,Accessories,Wireless Mouse,8,22502.53,0.15,2926.92,Net Banking,Small Business
ORD-02354,2025-04-05,CUST-0614,Customer 0767,South,West Bengal,Bengaluru,Furniture,Storage,Bookshelf,1,1995.74,0.15,494.46,Debit Card,Small Business
ORD-02355,2026-01-30,CUST-0537,Customer 0949,East,Maharashtra,Guwahati,Technology,Laptops,Business Laptop,5,235332.37,0.02,36658.54,Credit Card,Small Business
ORD-02356,2025-04-04,CUST-0346,Customer 0583,South,Gujarat,Hyderabad,Technology,Laptops,Ultrabook,5,353673.21,0.02,69234.81,Credit Card,Small Business
ORD-02357,2025-04-03,CUST-0361,Customer 0182,South,Uttar Pradesh,Chennai,Furniture,Chairs,Ergonomic Chair,5,63298.93,0.0,14157.27,Credit Card,Corporate
ORD-02358,2026-05-05,CUST-0518,Customer 0182,South,Telangana,Hyderabad,Furniture,Storage,Bookshelf,1,9161.92,0.0,1565.01,UPI,Consumer
ORD-02359,2025-11-06,CUST-0478,Customer 0537,East,Uttar Pradesh,Guwahati,Furniture,Chairs,Office Chair,3,27132.77,0.2,3811.98,Debit Card,Corporate
ORD-02360,2026-03-02,CUST-0179,Customer 0381,North,West Bengal,Jaipur,Technology,Accessories,USB Hub,4,12163.72,0.08,1805.13,UPI,Corporate
ORD-02361,2026-05-30,CUST-0172,Customer 0459,South,Karnataka,Bengaluru,Technology,Laptops,Business Laptop,3,262638.29,0.15,50752.2,Credit Card,Corporate
ORD-02362,2026-12-30,CUST-0144,Customer 1185,East,Rajasthan,Kolkata,Technology,Accessories,USB Hub,1,4300.69,0.1,787.7,Net Banking,Corporate
ORD-02363,2025-06-07,CUST-0144,Customer 0445,East,Maharashtra,Bhubaneswar,Technology,Laptops,Ultrabook,3,143307.71,0.1,12292.37,Debit Card,Corporate
ORD-02364,2025-02-25,CUST-0616,Customer 0142,South,West Bengal,Bengaluru,Furniture,Chairs,Office Chair,6,73468.71,0.15,14088.7,Credit Card,Consumer
ORD-02365,2025-01-31,CUST-0230,Customer 0490,South,Maharashtra,Bengaluru,Office Supplies,Paper,Recycled Paper,3,3010.57,0.0,644.9,UPI,Consumer
ORD-02366,2026-06-16,CUST-0973,Customer 0801,South,Delhi,Hyderabad,Furniture,Storage,Bookshelf,8,56144.02,0.0,9325.43,Credit Card,Small Business
ORD-02367,2025-03-19,CUST-0773,Customer 0428,West,Tamil Nadu,Surat,Furniture,Storage,Filing Cabinet,5,27662.02,0.08,4076.39,Net Banking,Consumer
ORD-02368,2025-02-26,CUST-0647,Customer 0901,South,Karnataka,Kochi,Office Supplies,Writing,Notebook,4,408.43,0.2,116.14,UPI,Small Business
ORD-02369,2025-10-15,CUST-0825,Customer 0813,West,Rajasthan,Pune,Technology,Smartphones,Premium Phone,1,71709.97,0.05,12549.91,Cash,Consumer
ORD-02370,2026-06-20,CUST-0019,Customer 0055,South,Kerala,Chennai,Technology,Accessories,Keyboard,3,1955.07,0.15,369.49,Net Banking,Consumer
ORD-02371,2026-02-20,CUST-0692,Customer 1095,East,West Bengal,Kolkata,Office Supplies,Binders,Ring Binder,1,293.72,0.02,93.66,Debit Card,Corporate
ORD-02372,2025-05-26,CUST-1075,Customer 0666,South,Uttar Pradesh,Chennai,Technology,Smartphones,Premium Phone,1,50205.46,0.1,7975.74,UPI,Small Business
ORD-02373,2025-04-28,CUST-1180,Customer 0862,East,Karnataka,Guwahati,Office Supplies,Binders,Lever Arch Binder,5,1730.15,0.02,474.13,UPI,Corporate
ORD-02374,2026-02-10,CUST-1153,Customer 0395,South,Telangana,Chennai,Furniture,Tables,Side Table,1,16166.87,0.15,3363.15,UPI,Small Business
ORD-02375,2026-03-08,CUST-0561,Customer 1060,North,Rajasthan,Delhi,Furniture,Storage,Filing Cabinet,2,12162.1,0.1,2140.73,Net Banking,Small Business
ORD-02376,2026-04-14,CUST-0682,Customer 0707,East,Telangana,Kolkata,Furniture,Chairs,Ergonomic Chair,1,13340.79,0.08,2148.36,Cash,Corporate
ORD-02377,2025-10-03,CUST-0519,Customer 0163,West,Delhi,Surat,Technology,Laptops,Gaming Laptop,2,129377.28,0.1,12491.4,Net Banking,Consumer
ORD-02378,2025-05-02,CUST-0209,Customer 0629,North,Rajasthan,Chandigarh,Office Supplies,Paper,Recycled Paper,1,561.46,0.08,144.75,Credit Card,Consumer
ORD-02379,2025-12-16,CUST-0696,Customer 0553,West,Rajasthan,Mumbai,Technology,Accessories,USB Hub,4,4994.95,0.0,1025.12,Debit Card,Corporate
ORD-02380,2025-08-26,CUST-1024,Customer 0926,South,Tamil Nadu,Kochi,Office Supplies,Paper,Premium Paper,2,1169.97,0.2,396.17,Debit Card,Consumer
ORD-02381,2025-12-29,CUST-0841,Customer 0869,South,Karnataka,Hyderabad,Office Supplies,Binders,Presentation Folder,2,1232.7,0.05,393.87,Credit Card,Consumer
ORD-02382,2025-08-14,CUST-1071,Customer 0771,North,Kerala,Delhi,Technology,Accessories,Keyboard,1,3124.21,0.08,637.56,Net Banking,Corporate
ORD-02383,2025-08-26,CUST-1096,Customer 0753,South,Karnataka,Bengaluru,Office Supplies,Writing,Markers,5,2489.16,0.08,770.57,Cash,Corporate
ORD-02384,2026-12-01,CUST-0739,Customer 0068,West,Uttar Pradesh,Mumbai,Office Supplies,Paper,Premium Paper,4,1000.47,0.1,167.09,Credit Card,Consumer
ORD-02385,2025-10-06,CUST-0387,Customer 0971,South,West Bengal,Kochi,Office Supplies,Binders,Ring Binder,5,1242.86,0.15,249.04,Credit Card,Consumer
ORD-02386,2025-07-05,CUST-0728,Customer 0523,West,Gujarat,Pune,Furniture,Storage,Bookshelf,3,27987.26,0.15,3983.72,Cash,Small Business
ORD-02387,2026-05-03,CUST-0725,Customer 0892,West,Telangana,Surat,Office Supplies,Binders,Lever Arch Binder,1,178.97,0.15,53.75,Net Banking,Corporate
ORD-02388,2026-10-26,CUST-0916,Customer 0420,South,Gujarat,Bengaluru,Technology,Laptops,Gaming Laptop,4,399545.11,0.15,87218.7,Debit Card,Corporate
ORD-02389,2026-07-19,CUST-0467,Customer 0333,East,Rajasthan,Guwahati,Office Supplies,Paper,A4 Paper,1,503.6,0.08,147.21,Debit Card,Small Business
ORD-02390,2025-04-16,CUST-0257,Customer 0582,West,Delhi,Mumbai,Office Supplies,Writing,Pen Set,2,207.69,0.08,54.26,Net Banking,Corporate
ORD-02391,2025-10-23,CUST-0356,Customer 0503,North,Delhi,Jaipur,Technology,Smartphones,Budget Phone,2,57845.39,0.15,13151.74,Debit Card,Consumer
ORD-02392,2026-11-06,CUST-1008,Customer 1176,South,Uttar Pradesh,Chennai,Furniture,Chairs,Visitor Chair,3,31415.91,0.05,8629.96,Credit Card,Small Business
ORD-02393,2025-03-26,CUST-0700,Customer 1061,South,Uttar Pradesh,Bengaluru,Technology,Smartphones,Premium Phone,4,134708.24,0.15,20957.44,UPI,Small Business
ORD-02394,2026-05-15,CUST-1182,Customer 0248,North,Tamil Nadu,Lucknow,Technology,Accessories,USB Hub,2,6896.53,0.15,1584.56,Net Banking,Consumer
ORD-02395,2026-06-01,CUST-0494,Customer 0124,North,Kerala,Chandigarh,Furniture,Tables,Conference Table,4,58182.47,0.0,17448.02,Net Banking,Corporate
ORD-02396,2026-07-14,CUST-0690,Customer 0379,East,Maharashtra,Bhubaneswar,Office Supplies,Binders,Lever Arch Binder,4,864.99,0.2,245.75,Net Banking,Small Business
ORD-02397,2025-05-04,CUST-0302,Customer 0698,West,Maharashtra,Ahmedabad,Office Supplies,Writing,Notebook,1,356.28,0.08,93.37,UPI,Corporate
ORD-02398,2025-06-19,CUST-0832,Customer 0990,North,Kerala,Jaipur,Technology,Accessories,USB Hub,5,17860.61,0.1,4197.71,Cash,Consumer
ORD-02399,2026-07-17,CUST-0441,Customer 1170,West,Delhi,Surat,Furniture,Storage,Filing Cabinet,2,5231.98,0.15,1422.29,Net Banking,Consumer
ORD-02400,2025-01-15,CUST-0387,Customer 0968,West,Karnataka,Ahmedabad,Furniture,Storage,Storage Box,1,2439.81,0.15,293.29,Cash,Consumer
ORD-02401,2026-03-03,CUST-0891,Customer 1188,West,Maharashtra,Mumbai,Technology,Smartphones,Budget Phone,3,185489.95,0.1,37151.83,UPI,Consumer
ORD-02402,2026-12-10,CUST-0892,Customer 1008,West,Gujarat,Mumbai,Office Supplies,Writing,Pen Set,2,488.5,0.02,138.97,Cash,Corporate
ORD-02403,2025-10-03,CUST-0697,Customer 0809,West,Delhi,Pune,Office Supplies,Binders,Lever Arch Binder,3,420.12,0.05,119.58,Net Banking,Consumer
ORD-02404,2025-04-16,CUST-0915,Customer 0556,West,West Bengal,Surat,Furniture,Tables,Side Table,4,42855.9,0.1,6378.19,Net Banking,Small Business
ORD-02405,2026-03-24,CUST-0368,Customer 0814,East,Kerala,Kolkata,Technology,Laptops,Gaming Laptop,1,68637.56,0.02,6161.02,UPI,Consumer
ORD-02406,2026-01-16,CUST-0908,Customer 0457,South,Maharashtra,Chennai,Office Supplies,Binders,Presentation Folder,2,1688.79,0.02,575.21,Credit Card,Small Business
ORD-02407,2025-05-31,CUST-0305,Customer 0557,North,West Bengal,Lucknow,Furniture,Chairs,Visitor Chair,2,16038.29,0.08,3411.17,Net Banking,Small Business
ORD-02408,2026-08-31,CUST-0051,Customer 0127,West,Delhi,Ahmedabad,Technology,Laptops,Gaming Laptop,1,78485.41,0.2,14226.29,UPI,Corporate
ORD-02409,2026-06-30,CUST-0727,Customer 0820,West,Telangana,Pune,Technology,Laptops,Gaming Laptop,1,73706.38,0.05,7423.92,Cash,Consumer
ORD-02410,2025-02-06,CUST-0478,Customer 0470,West,West Bengal,Pune,Technology,Smartphones,Budget Phone,2,44820.2,0.1,5076.5,Credit Card,Consumer
ORD-02411,2025-10-01,CUST-0405,Customer 0392,East,Maharashtra,Bhubaneswar,Office Supplies,Paper,Premium Paper,1,968.0,0.15,231.5,UPI,Small Business
ORD-02412,2026-10-24,CUST-0998,Customer 1122,North,Karnataka,Jaipur,Office Supplies,Binders,Lever Arch Binder,4,1675.6,0.0,294.2,Debit Card,Corporate
ORD-02413,2026-12-05,CUST-0233,Customer 0978,South,Rajasthan,Kochi,Technology,Accessories,USB Hub,4,15596.19,0.05,3126.08,Cash,Small Business
ORD-02414,2026-12-09,CUST-0296,Customer 0197,West,Delhi,Mumbai,Office Supplies,Writing,Markers,5,1251.11,0.05,264.53,Net Banking,Small Business
ORD-02415,2026-10-07,CUST-0923,Customer 0406,South,Kerala,Kochi,Office Supplies,Writing,Pen Set,1,342.75,0.02,100.31,Net Banking,Small Business
ORD-02416,2025-02-08,CUST-0453,Customer 0936,East,Kerala,Bhubaneswar,Furniture,Storage,Filing Cabinet,3,21334.38,0.15,5642.99,Cash,Corporate
ORD-02417,2026-08-19,CUST-0862,Customer 0708,South,Delhi,Chennai,Technology,Accessories,Keyboard,1,542.57,0.1,87.66,Credit Card,Small Business
ORD-02418,2026-02-19,CUST-0076,Customer 0826,North,West Bengal,Jaipur,Furniture,Chairs,Ergonomic Chair,5,40539.38,0.15,9603.09,UPI,Corporate
ORD-02419,2025-05-26,CUST-1146,Customer 1196,West,Delhi,Surat,Furniture,Chairs,Ergonomic Chair,3,41667.95,0.1,8214.47,Cash,Consumer
ORD-02420,2025-04-16,CUST-0667,Customer 0722,North,Kerala,Jaipur,Office Supplies,Binders,Ring Binder,5,1602.34,0.08,294.48,Net Banking,Consumer
ORD-02421,2025-12-11,CUST-0592,Customer 0015,West,Maharashtra,Ahmedabad,Technology,Accessories,USB Hub,2,8884.88,0.1,1076.38,Cash,Small Business
ORD-02422,2025-03-18,CUST-0963,Customer 0120,East,Uttar Pradesh,Guwahati,Office Supplies,Binders,Lever Arch Binder,5,1656.8,0.15,370.46,Net Banking,Consumer
ORD-02423,2025-07-28,CUST-0779,Customer 0771,North,Maharashtra,Delhi,Technology,Accessories,Wireless Mouse,1,456.52,0.2,105.54,UPI,Corporate
ORD-02424,2026-06-02,CUST-0926,Customer 0549,West,Kerala,Surat,Technology,Accessories,USB Hub,1,3587.62,0.15,404.4,UPI,Small Business
ORD-02425,2025-11-06,CUST-1124,Customer 1064,North,Rajasthan,Lucknow,Office Supplies,Binders,Ring Binder,3,2212.68,0.0,598.84,Net Banking,Small Business
ORD-02426,2026-07-26,CUST-1170,Customer 0405,North,West Bengal,Lucknow,Technology,Accessories,Wireless Mouse,2,3776.12,0.2,572.32,Cash,Corporate
ORD-02427,2026-09-06,CUST-0406,Customer 1016,East,Tamil Nadu,Guwahati,Technology,Smartphones,Premium Phone,5,315144.17,0.1,59040.13,Net Banking,Corporate
ORD-02428,2026-03-22,CUST-1177,Customer 0615,East,Gujarat,Kolkata,Technology,Smartphones,Premium Phone,5,284068.22,0.15,35083.57,Net Banking,Consumer
ORD-02429,2026-05-29,CUST-1173,Customer 0062,South,Delhi,Kochi,Office Supplies,Paper,Recycled Paper,6,5010.46,0.15,1077.83,Net Banking,Corporate
ORD-02430,2025-04-03,CUST-1083,Customer 1106,East,Uttar Pradesh,Kolkata,Office Supplies,Paper,Premium Paper,6,3902.54,0.15,936.11,UPI,Corporate
ORD-02431,2026-05-31,CUST-0084,Customer 0810,East,Telangana,Bhubaneswar,Furniture,Tables,Work Desk,2,38295.93,0.05,8862.23,Debit Card,Consumer
ORD-02432,2026-09-15,CUST-0339,Customer 0544,South,Maharashtra,Chennai,Technology,Accessories,USB Hub,5,15649.94,0.08,1954.16,Debit Card,Consumer
ORD-02433,2026-12-04,CUST-0729,Customer 0797,East,Karnataka,Guwahati,Office Supplies,Binders,Presentation Folder,10,3567.02,0.02,1120.22,UPI,Small Business
ORD-02434,2025-10-25,CUST-0782,Customer 0875,West,Karnataka,Mumbai,Technology,Accessories,USB Hub,2,1334.81,0.05,196.4,Debit Card,Small Business
ORD-02435,2025-05-06,CUST-0168,Customer 0873,North,Tamil Nadu,Jaipur,Furniture,Tables,Conference Table,3,40882.63,0.15,11631.97,UPI,Consumer
ORD-02436,2025-12-26,CUST-1129,Customer 0838,North,Uttar Pradesh,Chandigarh,Technology,Laptops,Ultrabook,4,299510.99,0.15,38960.85,Credit Card,Small Business
ORD-02437,2026-07-11,CUST-0852,Customer 0822,North,Karnataka,Delhi,Furniture,Chairs,Ergonomic Chair,1,10600.67,0.02,1983.44,Credit Card,Consumer
ORD-02438,2026-06-16,CUST-0024,Customer 0217,East,Karnataka,Guwahati,Office Supplies,Paper,A4 Paper,2,654.37,0.2,161.23,Credit Card,Consumer
ORD-02439,2026-11-01,CUST-0186,Customer 0605,East,Kerala,Guwahati,Furniture,Chairs,Visitor Chair,2,8779.28,0.0,1661.55,Cash,Small Business
ORD-02440,2025-04-08,CUST-0456,Customer 1181,North,Rajasthan,Jaipur,Furniture,Storage,Storage Box,5,29599.54,0.05,4195.63,Cash,Corporate
ORD-02441,2025-06-01,CUST-0418,Customer 0334,North,Uttar Pradesh,Lucknow,Office Supplies,Binders,Ring Binder,3,1240.38,0.15,263.26,Debit Card,Consumer
ORD-02442,2025-03-18,CUST-0399,Customer 0573,West,Kerala,Mumbai,Office Supplies,Binders,Ring Binder,3,655.5,0.02,204.88,Debit Card,Consumer
ORD-02443,2026-11-24,CUST-0150,Customer 0965,South,West Bengal,Bengaluru,Office Supplies,Binders,Ring Binder,8,4048.51,0.2,779.9,Debit Card,Small Business
ORD-02444,2026-12-09,CUST-0372,Customer 0849,East,Telangana,Patna,Technology,Accessories,Keyboard,1,1515.23,0.08,146.97,Credit Card,Small Business
ORD-02445,2025-06-22,CUST-0226,Customer 0242,South,Uttar Pradesh,Bengaluru,Furniture,Storage,Bookshelf,2,26136.64,0.08,6306.23,Net Banking,Consumer
ORD-02446,2026-11-27,CUST-0454,Customer 0401,North,Karnataka,Delhi,Technology,Accessories,USB Hub,4,3715.92,0.15,760.97,UPI,Corporate
ORD-02447,2025-10-19,CUST-0699,Customer 0882,East,Uttar Pradesh,Patna,Office Supplies,Writing,Pen Set,5,572.97,0.02,99.13,Cash,Small Business
ORD-02448,2025-02-19,CUST-0591,Customer 0736,North,Karnataka,Delhi,Office Supplies,Writing,Markers,3,1304.44,0.08,420.08,Debit Card,Consumer
ORD-02449,2025-10-08,CUST-0212,Customer 1141,North,Karnataka,Delhi,Technology,Laptops,Business Laptop,1,104445.49,0.0,15122.84,Debit Card,Corporate
ORD-02450,2026-07-20,CUST-0484,Customer 0560,West,Rajasthan,Mumbai,Office Supplies,Writing,Pen Set,3,1526.73,0.0,307.38,Cash,Corporate
ORD-02451,2025-12-07,CUST-1028,Customer 0072,East,Rajasthan,Guwahati,Office Supplies,Binders,Ring Binder,1,642.75,0.15,200.74,UPI,Small Business
ORD-02452,2025-12-23,CUST-1171,Customer 0084,West,West Bengal,Ahmedabad,Furniture,Tables,Conference Table,1,17867.72,0.1,4195.02,Debit Card,Consumer
ORD-02453,2026-10-29,CUST-0908,Customer 0883,East,Telangana,Kolkata,Furniture,Chairs,Visitor Chair,1,11051.95,0.1,2040.58,Debit Card,Consumer
ORD-02454,2025-04-09,CUST-0801,Customer 0586,East,West Bengal,Patna,Furniture,Tables,Side Table,3,20347.24,0.05,3156.78,UPI,Small Business
ORD-02455,2025-01-15,CUST-0276,Customer 0794,West,Telangana,Mumbai,Furniture,Tables,Side Table,6,129988.47,0.05,29226.74,Cash,Corporate
ORD-02456,2025-07-14,CUST-0632,Customer 1070,West,Telangana,Mumbai,Technology,Smartphones,Premium Phone,4,80992.03,0.08,12121.41,Debit Card,Corporate
ORD-02457,2026-05-18,CUST-0605,Customer 0092,West,Telangana,Surat,Office Supplies,Paper,A4 Paper,2,1001.67,0.2,249.94,Credit Card,Corporate
ORD-02458,2025-07-27,CUST-0697,Customer 0311,West,Delhi,Pune,Technology,Laptops,Ultrabook,2,219138.15,0.05,23818.09,Net Banking,Consumer
ORD-02459,2025-04-21,CUST-0742,Customer 0116,North,Delhi,Chandigarh,Office Supplies,Writing,Notebook,2,543.04,0.0,130.61,UPI,Consumer
ORD-02460,2026-02-28,CUST-0035,Customer 0675,East,Kerala,Bhubaneswar,Furniture,Chairs,Office Chair,1,5534.95,0.05,1034.28,Cash,Consumer
ORD-02461,2025-05-31,CUST-1186,Customer 0555,East,Gujarat,Bhubaneswar,Technology,Laptops,Business Laptop,4,397680.42,0.0,70280.09,UPI,Small Business
ORD-02462,2026-05-13,CUST-1049,Customer 0456,North,Gujarat,Chandigarh,Office Supplies,Writing,Pen Set,1,228.82,0.1,76.71,UPI,Small Business
ORD-02463,2025-04-28,CUST-0875,Customer 1088,West,Telangana,Surat,Office Supplies,Writing,Pen Set,2,811.66,0.2,145.87,UPI,Consumer
ORD-02464,2025-01-16,CUST-0088,Customer 1161,South,Rajasthan,Kochi,Office Supplies,Writing,Notebook,3,1724.61,0.1,296.3,UPI,Corporate
ORD-02465,2026-11-27,CUST-0681,Customer 0741,South,Uttar Pradesh,Kochi,Furniture,Tables,Side Table,4,89456.84,0.08,23790.0,Net Banking,Corporate
ORD-02466,2025-05-28,CUST-0401,Customer 1012,East,Telangana,Guwahati,Technology,Smartphones,Android Phone,2,122415.94,0.1,28407.36,Debit Card,Corporate
ORD-02467,2026-11-27,CUST-1141,Customer 0383,East,Uttar Pradesh,Bhubaneswar,Technology,Accessories,Keyboard,1,1298.76,0.08,305.47,Credit Card,Corporate
ORD-02468,2026-04-29,CUST-0326,Customer 0015,North,Gujarat,Jaipur,Furniture,Tables,Conference Table,4,42179.33,0.02,8939.54,Net Banking,Corporate
ORD-02469,2025-11-03,CUST-0658,Customer 1026,West,West Bengal,Surat,Furniture,Tables,Side Table,1,5495.87,0.1,1618.95,Credit Card,Small Business
ORD-02470,2026-02-04,CUST-1138,Customer 0738,South,Kerala,Bengaluru,Office Supplies,Binders,Lever Arch Binder,4,851.47,0.2,164.36,UPI,Consumer
ORD-02471,2025-03-26,CUST-0527,Customer 0540,East,Maharashtra,Bhubaneswar,Furniture,Chairs,Office Chair,1,10280.0,0.2,1780.46,Credit Card,Small Business
ORD-02472,2026-09-04,CUST-0783,Customer 0627,North,Delhi,Delhi,Furniture,Chairs,Ergonomic Chair,2,30293.34,0.1,7934.48,Net Banking,Corporate
ORD-02473,2026-12-01,CUST-0743,Customer 0465,East,Maharashtra,Bhubaneswar,Technology,Laptops,Ultrabook,5,523386.24,0.0,109766.58,UPI,Corporate
ORD-02474,2025-07-30,CUST-0620,Customer 0464,West,Gujarat,Pune,Office Supplies,Binders,Presentation Folder,1,379.14,0.2,60.34,Debit Card,Small Business
ORD-02475,2025-03-12,CUST-1087,Customer 1073,West,Uttar Pradesh,Ahmedabad,Office Supplies,Writing,Notebook,5,2187.18,0.15,508.89,Credit Card,Corporate
ORD-02476,2025-08-11,CUST-0935,Customer 0896,West,Maharashtra,Mumbai,Office Supplies,Paper,A4 Paper,3,1650.59,0.08,447.97,Cash,Consumer
ORD-02477,2026-09-09,CUST-0659,Customer 0541,West,Uttar Pradesh,Ahmedabad,Office Supplies,Paper,A4 Paper,1,444.59,0.02,87.06,Credit Card,Corporate
ORD-02478,2026-06-22,CUST-0448,Customer 0812,North,Uttar Pradesh,Chandigarh,Furniture,Chairs,Visitor Chair,2,8100.31,0.15,2252.05,Net Banking,Corporate
ORD-02479,2025-12-28,CUST-0824,Customer 0026,West,Karnataka,Surat,Office Supplies,Binders,Lever Arch Binder,1,96.69,0.08,21.95,Net Banking,Corporate
ORD-02480,2025-05-11,CUST-0248,Customer 1190,South,Maharashtra,Chennai,Office Supplies,Paper,A4 Paper,1,911.36,0.15,254.27,Cash,Corporate
ORD-02481,2025-07-30,CUST-0405,Customer 0023,South,Gujarat,Kochi,Office Supplies,Binders,Lever Arch Binder,2,331.09,0.2,63.93,Debit Card,Small Business
ORD-02482,2026-07-11,CUST-0722,Customer 0475,West,Tamil Nadu,Pune,Office Supplies,Paper,Premium Paper,8,5046.74,0.0,1652.75,UPI,Consumer
ORD-02483,2026-06-18,CUST-0634,Customer 0887,East,Delhi,Guwahati,Technology,Smartphones,Budget Phone,2,128214.34,0.1,12135.69,Credit Card,Consumer
ORD-02484,2026-12-26,CUST-0039,Customer 0629,East,Uttar Pradesh,Bhubaneswar,Technology,Laptops,Gaming Laptop,3,258065.38,0.15,24293.17,UPI,Corporate
ORD-02485,2026-07-20,CUST-0763,Customer 1173,East,Gujarat,Kolkata,Technology,Accessories,Keyboard,3,10743.79,0.05,2128.32,UPI,Consumer
ORD-02486,2026-02-08,CUST-0690,Customer 1181,South,West Bengal,Kochi,Office Supplies,Paper,A4 Paper,5,2195.91,0.02,728.86,UPI,Corporate
ORD-02487,2026-07-27,CUST-0871,Customer 0148,West,Maharashtra,Surat,Furniture,Storage,Bookshelf,2,15028.05,0.02,2779.56,Debit Card,Consumer
ORD-02488,2026-07-15,CUST-1115,Customer 0610,West,Telangana,Ahmedabad,Office Supplies,Paper,Recycled Paper,4,2083.48,0.1,322.31,Net Banking,Corporate
ORD-02489,2026-01-08,CUST-0057,Customer 0068,South,Tamil Nadu,Chennai,Technology,Accessories,USB Hub,5,2233.75,0.2,323.82,Credit Card,Consumer
ORD-02490,2026-02-27,CUST-0515,Customer 1023,South,Kerala,Bengaluru,Furniture,Tables,Side Table,2,57183.85,0.02,14575.54,UPI,Consumer
ORD-02491,2025-09-14,CUST-0943,Customer 0038,East,Gujarat,Kolkata,Technology,Laptops,Ultrabook,2,134948.94,0.2,30957.7,Cash,Small Business
ORD-02492,2026-08-10,CUST-0781,Customer 0946,North,Maharashtra,Chandigarh,Furniture,Chairs,Visitor Chair,1,11888.43,0.08,2738.59,Net Banking,Corporate
ORD-02493,2025-07-05,CUST-0886,Customer 0626,South,Maharashtra,Bengaluru,Office Supplies,Writing,Markers,5,613.07,0.2,115.71,UPI,Consumer
ORD-02494,2026-04-26,CUST-0213,Customer 0746,East,Delhi,Patna,Office Supplies,Writing,Markers,6,3922.56,0.05,1075.13,Net Banking,Small Business
ORD-02495,2025-04-09,CUST-0956,Customer 1023,South,Maharashtra,Chennai,Furniture,Tables,Work Desk,4,30261.77,0.05,7323.63,UPI,Small Business
ORD-02496,2026-10-19,CUST-1128,Customer 0861,West,Tamil Nadu,Mumbai,Office Supplies,Binders,Presentation Folder,3,949.28,0.15,244.16,Credit Card,Small Business
ORD-02497,2026-08-29,CUST-0601,Customer 0436,East,Maharashtra,Patna,Technology,Smartphones,Budget Phone,8,253636.24,0.2,53971.9,Net Banking,Corporate
ORD-02498,2026-03-11,CUST-0719,Customer 0807,East,Gujarat,Patna,Technology,Laptops,Gaming Laptop,3,144137.62,0.2,22895.85,Debit Card,Small Business
ORD-02499,2025-12-24,CUST-0725,Customer 0489,West,Gujarat,Surat,Furniture,Storage,Bookshelf,4,45888.52,0.08,11656.82,Net Banking,Corporate
ORD-02500,2025-06-23,CUST-0012,Customer 1146,East,Gujarat,Kolkata,Office Supplies,Writing,Pen Set,4,928.95,0.02,221.59,Cash,Small Business
ORD-02501,2025-12-24,CUST-0573,Customer 1135,West,Karnataka,Ahmedabad,Technology,Accessories,USB Hub,5,8154.3,0.02,1227.62,Net Banking,Small Business
ORD-02502,2025-07-11,CUST-0248,Customer 0508,North,Rajasthan,Chandigarh,Technology,Accessories,Wireless Mouse,3,3848.12,0.08,665.17,Cash,Corporate
ORD-02503,2025-10-09,CUST-0179,Customer 0721,East,Karnataka,Kolkata,Office Supplies,Binders,Ring Binder,3,1439.32,0.0,494.43,Net Banking,Consumer
ORD-02504,2026-06-13,CUST-0472,Customer 1092,South,West Bengal,Hyderabad,Technology,Smartphones,Android Phone,4,60171.76,0.02,8738.01,Cash,Corporate
ORD-02505,2026-02-08,CUST-0885,Customer 0077,South,Maharashtra,Chennai,Furniture,Tables,Conference Table,2,20448.14,0.15,6073.53,UPI,Consumer
ORD-02506,2026-12-27,CUST-1179,Customer 0581,West,Tamil Nadu,Pune,Office Supplies,Writing,Markers,2,478.17,0.02,146.56,Credit Card,Consumer
ORD-02507,2026-09-03,CUST-0672,Customer 0236,North,Rajasthan,Jaipur,Office Supplies,Binders,Lever Arch Binder,5,679.68,0.0,194.67,Debit Card,Small Business
ORD-02508,2025-01-23,CUST-0875,Customer 0179,East,Gujarat,Patna,Furniture,Storage,Storage Box,3,22257.73,0.02,6128.61,Debit Card,Consumer
ORD-02509,2025-12-16,CUST-0047,Customer 0705,East,Telangana,Patna,Office Supplies,Binders,Lever Arch Binder,3,1794.56,0.1,344.69,Net Banking,Consumer
ORD-02510,2025-03-03,CUST-0985,Customer 0175,South,Uttar Pradesh,Kochi,Technology,Accessories,Keyboard,3,12070.11,0.08,2426.03,Credit Card,Consumer
ORD-02511,2026-04-18,CUST-0520,Customer 0746,South,Kerala,Chennai,Office Supplies,Binders,Ring Binder,3,2323.06,0.02,435.62,Cash,Small Business
ORD-02512,2026-04-02,CUST-0019,Customer 0685,East,Uttar Pradesh,Kolkata,Office Supplies,Writing,Pen Set,2,1184.45,0.08,399.2,Credit Card,Corporate
ORD-02513,2025-02-11,CUST-1016,Customer 0074,North,West Bengal,Delhi,Office Supplies,Binders,Presentation Folder,6,1875.32,0.2,441.57,Cash,Consumer
ORD-02514,2026-06-14,CUST-0720,Customer 0948,East,Maharashtra,Patna,Office Supplies,Writing,Markers,1,397.62,0.0,77.77,Net Banking,Corporate
ORD-02515,2025-07-13,CUST-0242,Customer 0926,East,Uttar Pradesh,Kolkata,Furniture,Tables,Side Table,1,8232.41,0.0,1898.24,Cash,Consumer
ORD-02516,2026-05-30,CUST-0547,Customer 0535,West,Gujarat,Ahmedabad,Technology,Accessories,Wireless Mouse,4,9219.19,0.05,1838.1,Credit Card,Small Business
ORD-02517,2026-03-23,CUST-0011,Customer 0701,East,Telangana,Bhubaneswar,Technology,Laptops,Business Laptop,1,100197.01,0.15,22243.17,Net Banking,Small Business
ORD-02518,2026-09-14,CUST-0824,Customer 0781,North,Maharashtra,Delhi,Office Supplies,Binders,Ring Binder,6,1592.27,0.0,525.11,UPI,Consumer
ORD-02519,2026-09-04,CUST-0241,Customer 0724,South,Gujarat,Chennai,Furniture,Tables,Conference Table,1,11386.06,0.02,1426.48,Credit Card,Consumer
ORD-02520,2025-04-06,CUST-1144,Customer 0669,West,Karnataka,Pune,Technology,Laptops,Business Laptop,8,402823.53,0.1,55253.38,Credit Card,Corporate
ORD-02521,2026-06-14,CUST-0259,Customer 0114,South,Gujarat,Chennai,Technology,Accessories,USB Hub,1,960.62,0.15,208.16,Cash,Consumer
ORD-02522,2026-01-03,CUST-0909,Customer 0995,North,Kerala,Jaipur,Technology,Smartphones,Premium Phone,4,198901.3,0.02,45038.28,Net Banking,Consumer
ORD-02523,2025-03-28,CUST-1098,Customer 0322,South,West Bengal,Hyderabad,Office Supplies,Binders,Presentation Folder,2,1030.28,0.2,176.17,UPI,Small Business
ORD-02524,2025-07-09,CUST-0743,Customer 0748,South,West Bengal,Chennai,Furniture,Tables,Work Desk,5,98360.19,0.0,20734.31,Net Banking,Small Business
ORD-02525,2026-09-28,CUST-0673,Customer 0622,North,Gujarat,Chandigarh,Furniture,Storage,Filing Cabinet,6,26468.98,0.0,5916.71,Cash,Corporate
ORD-02526,2026-08-23,CUST-0236,Customer 0667,West,Karnataka,Mumbai,Office Supplies,Binders,Ring Binder,4,2734.72,0.1,713.44,Cash,Small Business
ORD-02527,2026-02-27,CUST-0740,Customer 0710,South,Delhi,Hyderabad,Furniture,Tables,Side Table,2,23297.84,0.05,2907.97,Cash,Small Business
ORD-02528,2026-11-11,CUST-0313,Customer 0915,South,West Bengal,Hyderabad,Furniture,Storage,Storage Box,1,1671.39,0.2,414.71,Debit Card,Corporate
ORD-02529,2026-12-27,CUST-0241,Customer 0259,West,Maharashtra,Surat,Office Supplies,Binders,Lever Arch Binder,3,932.59,0.02,208.89,Cash,Corporate
ORD-02530,2025-03-05,CUST-0584,Customer 0678,South,Delhi,Hyderabad,Office Supplies,Writing,Pen Set,3,1137.5,0.0,174.5,Cash,Corporate
ORD-02531,2026-11-26,CUST-1155,Customer 0699,East,Rajasthan,Patna,Furniture,Tables,Side Table,1,24045.39,0.08,3459.24,Net Banking,Consumer
ORD-02532,2026-03-18,CUST-0915,Customer 0540,South,Kerala,Hyderabad,Furniture,Storage,Filing Cabinet,1,5692.9,0.02,1478.87,Credit Card,Corporate
ORD-02533,2025-03-06,CUST-0580,Customer 0754,East,Tamil Nadu,Kolkata,Technology,Laptops,Gaming Laptop,3,159783.53,0.05,17827.86,UPI,Corporate
ORD-02534,2025-10-24,CUST-0724,Customer 0729,North,Kerala,Lucknow,Office Supplies,Paper,A4 Paper,8,4347.47,0.05,1135.28,Debit Card,Corporate
ORD-02535,2026-11-05,CUST-0991,Customer 0850,West,Rajasthan,Pune,Technology,Smartphones,Budget Phone,4,320698.08,0.02,44795.71,Cash,Consumer
ORD-02536,2025-10-28,CUST-0412,Customer 0163,East,West Bengal,Kolkata,Furniture,Storage,Storage Box,3,5479.7,0.2,1365.31,Credit Card,Corporate
ORD-02537,2025-08-17,CUST-0801,Customer 1139,East,Rajasthan,Patna,Office Supplies,Binders,Ring Binder,4,643.23,0.08,171.49,Credit Card,Small Business
ORD-02538,2026-07-14,CUST-0718,Customer 0051,South,Tamil Nadu,Bengaluru,Office Supplies,Writing,Markers,3,276.34,0.1,95.8,Credit Card,Corporate
ORD-02539,2026-02-20,CUST-0584,Customer 0100,East,Karnataka,Bhubaneswar,Office Supplies,Paper,A4 Paper,5,1727.87,0.02,274.29,Cash,Small Business
ORD-02540,2025-01-03,CUST-0484,Customer 1113,South,Uttar Pradesh,Chennai,Office Supplies,Paper,Recycled Paper,3,1985.27,0.0,371.22,Net Banking,Small Business
ORD-02541,2026-02-27,CUST-0928,Customer 0886,South,Rajasthan,Bengaluru,Office Supplies,Writing,Notebook,2,388.2,0.08,98.58,UPI,Small Business
ORD-02542,2025-07-10,CUST-0829,Customer 0891,East,Gujarat,Bhubaneswar,Office Supplies,Paper,Recycled Paper,3,1412.87,0.0,264.37,Net Banking,Corporate
ORD-02543,2025-06-20,CUST-1014,Customer 0890,South,Rajasthan,Kochi,Furniture,Tables,Work Desk,4,44850.4,0.02,11570.02,UPI,Corporate
ORD-02544,2026-08-04,CUST-0346,Customer 0638,East,Rajasthan,Kolkata,Office Supplies,Writing,Notebook,5,1777.02,0.05,363.45,Cash,Corporate
ORD-02545,2025-09-13,CUST-0189,Customer 0670,North,Delhi,Chandigarh,Furniture,Tables,Side Table,5,46938.0,0.1,11573.26,Net Banking,Corporate
ORD-02546,2026-08-21,CUST-0023,Customer 1138,East,Kerala,Bhubaneswar,Technology,Accessories,Keyboard,1,502.38,0.08,103.87,Net Banking,Corporate
ORD-02547,2025-07-06,CUST-0285,Customer 1181,West,Telangana,Surat,Furniture,Storage,Storage Box,6,9660.78,0.15,2874.5,UPI,Small Business
ORD-02548,2025-08-24,CUST-0996,Customer 1143,South,Gujarat,Hyderabad,Furniture,Storage,Bookshelf,6,17188.37,0.02,3509.66,Credit Card,Corporate
ORD-02549,2026-05-23,CUST-1027,Customer 0501,North,Karnataka,Jaipur,Office Supplies,Binders,Lever Arch Binder,4,3009.36,0.1,1031.4,Debit Card,Corporate
ORD-02550,2026-01-16,CUST-0943,Customer 1029,East,Rajasthan,Patna,Office Supplies,Binders,Presentation Folder,4,2449.52,0.15,768.88,Cash,Small Business
ORD-02551,2026-05-06,CUST-0870,Customer 0535,North,Gujarat,Delhi,Furniture,Tables,Work Desk,1,24143.78,0.08,5666.45,Cash,Corporate
ORD-02552,2025-12-30,CUST-0396,Customer 0515,South,Gujarat,Kochi,Technology,Laptops,Gaming Laptop,2,90689.99,0.05,21216.07,UPI,Consumer
ORD-02553,2026-01-13,CUST-0282,Customer 0104,North,Maharashtra,Chandigarh,Technology,Laptops,Ultrabook,2,153194.02,0.08,29789.71,Debit Card,Consumer
ORD-02554,2025-08-18,CUST-0649,Customer 1121,North,Delhi,Chandigarh,Office Supplies,Writing,Pen Set,2,983.91,0.15,167.52,Credit Card,Small Business
ORD-02555,2026-02-25,CUST-0420,Customer 0382,North,West Bengal,Chandigarh,Technology,Laptops,Business Laptop,3,271081.5,0.08,60680.74,Cash,Small Business
ORD-02556,2026-06-02,CUST-0159,Customer 1006,North,Karnataka,Chandigarh,Technology,Laptops,Business Laptop,1,86097.55,0.0,19562.64,Credit Card,Corporate
ORD-02557,2025-10-30,CUST-1189,Customer 0833,South,Delhi,Chennai,Office Supplies,Paper,Recycled Paper,3,1209.38,0.2,339.67,Cash,Small Business
ORD-02558,2025-04-26,CUST-0594,Customer 0442,North,Delhi,Chandigarh,Technology,Smartphones,Android Phone,2,114012.37,0.1,16950.71,Cash,Consumer
ORD-02559,2025-08-15,CUST-0083,Customer 0877,North,Tamil Nadu,Chandigarh,Technology,Accessories,Keyboard,6,13546.15,0.15,1877.56,Credit Card,Small Business
ORD-02560,2026-04-16,CUST-0226,Customer 0579,South,West Bengal,Chennai,Technology,Smartphones,Budget Phone,2,87840.32,0.2,20180.26,UPI,Consumer
ORD-02561,2026-02-28,CUST-0871,Customer 0843,North,Delhi,Chandigarh,Technology,Laptops,Ultrabook,2,87151.07,0.2,8185.07,Net Banking,Consumer
ORD-02562,2026-03-05,CUST-0299,Customer 0514,South,West Bengal,Chennai,Technology,Smartphones,Android Phone,8,592921.27,0.05,95834.34,Debit Card,Corporate
ORD-02563,2026-04-30,CUST-0118,Customer 0295,East,West Bengal,Bhubaneswar,Furniture,Tables,Work Desk,4,100670.76,0.08,23479.46,Debit Card,Consumer
ORD-02564,2025-01-03,CUST-0654,Customer 0947,North,Tamil Nadu,Delhi,Furniture,Storage,Storage Box,3,41778.74,0.0,8219.04,Credit Card,Consumer
ORD-02565,2025-07-12,CUST-1177,Customer 0471,North,Maharashtra,Delhi,Furniture,Tables,Side Table,5,97856.47,0.02,18171.51,Credit Card,Small Business
ORD-02566,2026-03-05,CUST-0678,Customer 0969,East,Karnataka,Guwahati,Office Supplies,Binders,Presentation Folder,2,1132.42,0.0,367.1,Net Banking,Small Business
ORD-02567,2026-12-01,CUST-0543,Customer 0845,East,Uttar Pradesh,Bhubaneswar,Technology,Laptops,Ultrabook,1,80370.93,0.05,8701.12,Debit Card,Small Business
ORD-02568,2025-03-08,CUST-0662,Customer 0625,East,Uttar Pradesh,Kolkata,Office Supplies,Paper,A4 Paper,2,1495.53,0.2,456.08,Cash,Consumer
ORD-02569,2025-08-18,CUST-0854,Customer 0416,East,Maharashtra,Kolkata,Technology,Accessories,Wireless Mouse,2,2577.59,0.05,504.55,Credit Card,Corporate
ORD-02570,2026-07-08,CUST-0578,Customer 0245,West,Rajasthan,Ahmedabad,Office Supplies,Binders,Ring Binder,5,2361.85,0.0,627.14,Debit Card,Consumer
ORD-02571,2025-10-04,CUST-0903,Customer 0126,West,Tamil Nadu,Surat,Technology,Accessories,USB Hub,5,5801.25,0.0,1233.07,UPI,Corporate
ORD-02572,2026-07-07,CUST-0767,Customer 0780,South,Uttar Pradesh,Chennai,Technology,Accessories,USB Hub,1,3274.05,0.15,702.25,Credit Card,Corporate
ORD-02573,2026-12-07,CUST-1153,Customer 0490,West,Karnataka,Surat,Furniture,Chairs,Ergonomic Chair,3,30764.72,0.15,5002.83,Credit Card,Consumer
ORD-02574,2025-03-17,CUST-1000,Customer 0434,East,Rajasthan,Guwahati,Office Supplies,Paper,Premium Paper,3,2429.17,0.02,712.95,Debit Card,Small Business
ORD-02575,2026-12-23,CUST-0607,Customer 0727,West,Telangana,Mumbai,Office Supplies,Writing,Notebook,4,2345.22,0.0,532.7,Debit Card,Small Business
ORD-02576,2025-01-07,CUST-1181,Customer 0535,South,Rajasthan,Hyderabad,Furniture,Chairs,Visitor Chair,8,76999.91,0.08,21228.94,UPI,Consumer
ORD-02577,2025-06-13,CUST-0842,Customer 0054,West,Telangana,Ahmedabad,Furniture,Chairs,Visitor Chair,1,17126.88,0.0,3846.25,Net Banking,Small Business
ORD-02578,2026-09-13,CUST-0452,Customer 0893,North,Karnataka,Delhi,Office Supplies,Binders,Presentation Folder,1,788.59,0.0,122.45,Cash,Small Business
ORD-02579,2025-05-20,CUST-1024,Customer 0832,North,Telangana,Chandigarh,Office Supplies,Paper,Recycled Paper,3,941.64,0.0,305.54,Cash,Consumer
ORD-02580,2025-05-18,CUST-0790,Customer 1038,East,Telangana,Patna,Furniture,Tables,Conference Table,1,20929.01,0.15,4729.13,Credit Card,Consumer
ORD-02581,2026-05-18,CUST-0921,Customer 0415,East,Delhi,Patna,Office Supplies,Writing,Notebook,2,831.56,0.08,129.42,Cash,Corporate
ORD-02582,2025-07-29,CUST-0755,Customer 0822,West,Maharashtra,Mumbai,Office Supplies,Paper,A4 Paper,5,1140.29,0.2,198.44,Cash,Small Business
ORD-02583,2025-04-19,CUST-0870,Customer 0957,West,Gujarat,Ahmedabad,Office Supplies,Writing,Notebook,2,916.17,0.0,228.31,Cash,Corporate
ORD-02584,2025-09-26,CUST-1044,Customer 0921,West,Gujarat,Pune,Furniture,Storage,Filing Cabinet,4,32067.35,0.08,8044.06,Net Banking,Corporate
ORD-02585,2026-07-04,CUST-0482,Customer 0764,South,Rajasthan,Hyderabad,Office Supplies,Writing,Notebook,2,900.75,0.1,190.4,Cash,Small Business
ORD-02586,2026-12-15,CUST-0779,Customer 0521,West,Rajasthan,Mumbai,Technology,Smartphones,Android Phone,5,307937.49,0.1,34496.24,Cash,Consumer
ORD-02587,2025-08-04,CUST-0757,Customer 0490,South,Karnataka,Kochi,Furniture,Chairs,Visitor Chair,2,7804.26,0.1,1744.53,UPI,Small Business
ORD-02588,2026-06-12,CUST-0978,Customer 0766,North,Maharashtra,Jaipur,Office Supplies,Binders,Presentation Folder,2,503.06,0.08,128.82,UPI,Corporate
ORD-02589,2026-05-18,CUST-0520,Customer 0984,East,Uttar Pradesh,Bhubaneswar,Furniture,Storage,Filing Cabinet,3,4975.21,0.05,1291.56,Credit Card,Consumer
ORD-02590,2025-08-25,CUST-1169,Customer 0339,South,Telangana,Chennai,Furniture,Storage,Storage Box,2,17573.62,0.05,2495.45,UPI,Small Business
ORD-02591,2026-08-05,CUST-0568,Customer 0900,South,Delhi,Bengaluru,Furniture,Storage,Bookshelf,2,16299.13,0.0,4283.07,Credit Card,Corporate
ORD-02592,2025-11-04,CUST-0418,Customer 0152,East,Telangana,Patna,Office Supplies,Writing,Markers,5,2382.11,0.1,394.9,Debit Card,Consumer
ORD-02593,2026-05-22,CUST-0721,Customer 0065,East,Kerala,Guwahati,Technology,Smartphones,Android Phone,4,194848.06,0.0,37097.02,UPI,Corporate
ORD-02594,2026-01-18,CUST-0924,Customer 0722,South,Rajasthan,Bengaluru,Office Supplies,Binders,Presentation Folder,5,587.47,0.08,157.62,UPI,Small Business
ORD-02595,2025-01-05,CUST-1067,Customer 1100,East,Delhi,Bhubaneswar,Technology,Accessories,Wireless Mouse,2,3729.94,0.2,770.45,Debit Card,Consumer
ORD-02596,2025-03-11,CUST-0033,Customer 0615,West,Telangana,Ahmedabad,Technology,Accessories,USB Hub,2,9242.83,0.0,828.81,Net Banking,Small Business
ORD-02597,2025-01-02,CUST-0219,Customer 1075,West,Tamil Nadu,Ahmedabad,Office Supplies,Paper,Premium Paper,3,1543.45,0.0,515.77,Cash,Small Business
ORD-02598,2025-11-11,CUST-1030,Customer 0159,West,Tamil Nadu,Mumbai,Technology,Laptops,Ultrabook,2,169036.87,0.05,19206.3,Credit Card,Corporate
ORD-02599,2026-02-26,CUST-0587,Customer 0331,West,Rajasthan,Mumbai,Technology,Smartphones,Premium Phone,1,38968.48,0.0,8545.94,UPI,Corporate
ORD-02600,2025-12-16,CUST-0514,Customer 0798,East,Kerala,Guwahati,Furniture,Tables,Work Desk,1,5081.16,0.0,1369.35,UPI,Consumer
ORD-02601,2026-01-30,CUST-0785,Customer 0128,South,Kerala,Hyderabad,Technology,Smartphones,Android Phone,2,126928.92,0.05,14806.49,Debit Card,Corporate
ORD-02602,2026-06-23,CUST-0158,Customer 0106,West,West Bengal,Mumbai,Office Supplies,Writing,Pen Set,5,1659.21,0.02,556.28,Cash,Corporate
ORD-02603,2025-07-01,CUST-0001,Customer 0350,North,Telangana,Lucknow,Technology,Smartphones,Android Phone,3,44479.09,0.15,4166.14,Debit Card,Small Business
ORD-02604,2025-09-17,CUST-0176,Customer 1083,North,Delhi,Lucknow,Furniture,Tables,Work Desk,1,13116.82,0.1,2370.71,Debit Card,Consumer
ORD-02605,2025-12-15,CUST-0138,Customer 0674,South,Rajasthan,Chennai,Office Supplies,Paper,Premium Paper,4,2489.85,0.0,443.43,Debit Card,Small Business
ORD-02606,2025-03-02,CUST-0675,Customer 0364,North,Gujarat,Lucknow,Office Supplies,Writing,Pen Set,4,1776.71,0.1,327.07,Cash,Consumer
ORD-02607,2026-09-15,CUST-0554,Customer 1032,South,Tamil Nadu,Bengaluru,Office Supplies,Paper,Recycled Paper,4,3533.08,0.02,933.04,Debit Card,Consumer
ORD-02608,2026-08-19,CUST-0389,Customer 1189,East,Tamil Nadu,Kolkata,Technology,Laptops,Ultrabook,4,430967.8,0.08,96625.08,Debit Card,Consumer
ORD-02609,2025-11-06,CUST-0088,Customer 0312,West,Karnataka,Ahmedabad,Technology,Laptops,Business Laptop,5,535818.22,0.0,52130.62,Cash,Small Business
ORD-02610,2025-11-01,CUST-1114,Customer 0152,East,Uttar Pradesh,Guwahati,Furniture,Storage,Storage Box,3,22601.24,0.08,4192.93,UPI,Corporate
ORD-02611,2026-03-03,CUST-0640,Customer 0560,South,Kerala,Bengaluru,Technology,Accessories,Keyboard,4,9204.41,0.1,2137.85,Credit Card,Corporate
ORD-02612,2026-06-14,CUST-0645,Customer 0282,South,Maharashtra,Chennai,Office Supplies,Paper,Recycled Paper,6,5231.4,0.0,984.22,Credit Card,Corporate
ORD-02613,2025-06-01,CUST-0516,Customer 0809,West,Telangana,Pune,Technology,Smartphones,Android Phone,6,309897.21,0.0,60852.21,Net Banking,Corporate
ORD-02614,2025-06-12,CUST-0496,Customer 1100,North,Rajasthan,Jaipur,Technology,Laptops,Business Laptop,6,328728.5,0.2,72643.69,Net Banking,Consumer
ORD-02615,2026-10-12,CUST-1097,Customer 1011,West,Rajasthan,Surat,Furniture,Chairs,Ergonomic Chair,3,37207.99,0.15,5790.4,Net Banking,Corporate
ORD-02616,2025-12-13,CUST-0366,Customer 0599,East,Karnataka,Kolkata,Office Supplies,Writing,Markers,1,381.81,0.0,91.54,Credit Card,Consumer
ORD-02617,2026-05-20,CUST-0297,Customer 0581,South,West Bengal,Bengaluru,Furniture,Chairs,Office Chair,5,53275.35,0.2,12130.92,UPI,Corporate
ORD-02618,2026-06-29,CUST-0425,Customer 0365,East,West Bengal,Bhubaneswar,Furniture,Tables,Conference Table,2,43414.51,0.2,10417.61,Net Banking,Small Business
ORD-02619,2026-06-08,CUST-1181,Customer 0391,South,Rajasthan,Hyderabad,Office Supplies,Paper,A4 Paper,1,700.0,0.1,128.7,UPI,Small Business
ORD-02620,2025-10-08,CUST-0370,Customer 0476,South,Delhi,Kochi,Office Supplies,Writing,Markers,3,1019.75,0.15,340.31,Net Banking,Small Business
ORD-02621,2026-03-13,CUST-1185,Customer 0384,South,Tamil Nadu,Bengaluru,Office Supplies,Writing,Notebook,2,492.28,0.2,81.78,UPI,Corporate
ORD-02622,2026-11-03,CUST-0007,Customer 1016,South,West Bengal,Hyderabad,Office Supplies,Binders,Presentation Folder,1,133.97,0.08,46.44,Debit Card,Consumer
ORD-02623,2026-04-13,CUST-0774,Customer 1034,East,Rajasthan,Guwahati,Office Supplies,Writing,Notebook,6,2701.35,0.02,827.82,Net Banking,Consumer
ORD-02624,2025-09-21,CUST-1132,Customer 0573,North,Delhi,Jaipur,Office Supplies,Paper,Premium Paper,2,2009.44,0.1,615.35,Debit Card,Small Business
ORD-02625,2026-12-26,CUST-0071,Customer 0671,South,Kerala,Chennai,Furniture,Storage,Bookshelf,1,4570.45,0.2,1226.73,Credit Card,Corporate
ORD-02626,2025-04-12,CUST-0054,Customer 0842,East,West Bengal,Kolkata,Office Supplies,Binders,Ring Binder,2,1066.85,0.15,310.24,Debit Card,Corporate
ORD-02627,2025-12-10,CUST-0063,Customer 0516,North,Tamil Nadu,Jaipur,Furniture,Chairs,Ergonomic Chair,4,57378.59,0.0,16622.62,Net Banking,Consumer
ORD-02628,2026-04-23,CUST-0081,Customer 0407,West,Telangana,Pune,Technology,Laptops,Gaming Laptop,5,253336.33,0.08,54448.18,UPI,Small Business
ORD-02629,2026-11-01,CUST-1168,Customer 0472,North,Delhi,Jaipur,Office Supplies,Paper,Premium Paper,5,1394.87,0.1,436.88,Debit Card,Small Business
ORD-02630,2026-03-10,CUST-0501,Customer 1020,West,Maharashtra,Ahmedabad,Technology,Laptops,Business Laptop,2,214200.01,0.05,49625.54,Credit Card,Consumer
ORD-02631,2025-02-25,CUST-0885,Customer 0685,East,Kerala,Bhubaneswar,Technology,Laptops,Business Laptop,3,351986.71,0.02,83011.93,Debit Card,Small Business
ORD-02632,2026-07-15,CUST-0763,Customer 0190,North,Karnataka,Delhi,Technology,Accessories,Wireless Mouse,1,2373.57,0.15,348.43,Credit Card,Consumer
ORD-02633,2026-06-15,CUST-0537,Customer 0866,North,Tamil Nadu,Jaipur,Furniture,Chairs,Visitor Chair,3,18747.04,0.08,2403.32,Net Banking,Small Business
ORD-02634,2026-05-05,CUST-0023,Customer 0430,West,Telangana,Surat,Office Supplies,Writing,Pen Set,1,174.51,0.1,47.35,Credit Card,Corporate
ORD-02635,2025-02-14,CUST-0843,Customer 0740,South,Tamil Nadu,Hyderabad,Office Supplies,Binders,Lever Arch Binder,1,256.91,0.05,45.2,Credit Card,Consumer
ORD-02636,2026-01-11,CUST-0684,Customer 0933,East,Kerala,Patna,Technology,Laptops,Business Laptop,1,92175.46,0.0,10831.18,Debit Card,Consumer
ORD-02637,2026-12-11,CUST-0951,Customer 0268,North,Tamil Nadu,Lucknow,Technology,Accessories,USB Hub,2,2043.57,0.05,301.88,Net Banking,Corporate
ORD-02638,2025-03-07,CUST-0446,Customer 1025,North,West Bengal,Lucknow,Office Supplies,Writing,Markers,3,1061.18,0.08,353.97,Net Banking,Small Business
ORD-02639,2026-10-21,CUST-0330,Customer 0086,North,Gujarat,Jaipur,Technology,Accessories,USB Hub,8,6884.39,0.02,1227.87,Cash,Corporate
ORD-02640,2026-06-07,CUST-0174,Customer 0935,South,Maharashtra,Bengaluru,Furniture,Tables,Work Desk,2,33444.47,0.15,7031.11,Debit Card,Consumer
ORD-02641,2026-10-11,CUST-0220,Customer 0713,North,West Bengal,Lucknow,Office Supplies,Writing,Markers,4,2251.57,0.0,449.4,Debit Card,Small Business
ORD-02642,2025-02-03,CUST-0741,Customer 0572,East,Gujarat,Bhubaneswar,Office Supplies,Paper,Recycled Paper,2,1574.45,0.08,462.98,Cash,Consumer
ORD-02643,2025-11-18,CUST-0862,Customer 0935,South,Karnataka,Chennai,Furniture,Chairs,Visitor Chair,2,21073.73,0.08,3393.35,UPI,Consumer
ORD-02644,2025-12-21,CUST-0736,Customer 0714,West,Delhi,Mumbai,Furniture,Chairs,Ergonomic Chair,2,22767.66,0.0,5546.68,UPI,Small Business
ORD-02645,2026-02-28,CUST-0934,Customer 0959,East,Uttar Pradesh,Guwahati,Furniture,Chairs,Ergonomic Chair,6,73351.62,0.15,16638.1,Cash,Small Business
ORD-02646,2025-10-11,CUST-0045,Customer 0636,South,West Bengal,Chennai,Technology,Laptops,Ultrabook,5,203585.36,0.15,37983.63,Credit Card,Consumer
ORD-02647,2025-10-14,CUST-0195,Customer 0048,South,Gujarat,Hyderabad,Furniture,Chairs,Visitor Chair,4,34754.03,0.1,8504.77,Cash,Corporate
ORD-02648,2025-10-27,CUST-0616,Customer 1020,West,Karnataka,Surat,Technology,Accessories,Keyboard,2,3048.89,0.08,305.42,Debit Card,Small Business
ORD-02649,2025-08-25,CUST-0497,Customer 0322,West,Delhi,Surat,Technology,Laptops,Business Laptop,3,326990.05,0.08,66893.7,Net Banking,Consumer
ORD-02650,2026-06-27,CUST-1160,Customer 0989,East,Gujarat,Guwahati,Technology,Laptops,Gaming Laptop,2,116509.8,0.08,21613.16,Cash,Small Business
ORD-02651,2026-03-29,CUST-1025,Customer 1175,North,Telangana,Jaipur,Office Supplies,Paper,Premium Paper,2,2016.38,0.0,626.21,Debit Card,Corporate
ORD-02652,2025-04-06,CUST-1048,Customer 0873,South,Gujarat,Hyderabad,Furniture,Chairs,Ergonomic Chair,1,13452.18,0.15,2078.32,UPI,Consumer
ORD-02653,2025-06-20,CUST-0950,Customer 0753,South,Kerala,Bengaluru,Furniture,Tables,Side Table,2,26053.0,0.1,6817.69,Credit Card,Corporate
ORD-02654,2025-06-08,CUST-0726,Customer 0781,North,West Bengal,Delhi,Technology,Smartphones,Android Phone,3,229195.27,0.02,45062.99,Debit Card,Consumer
ORD-02655,2025-03-16,CUST-0690,Customer 0529,East,Tamil Nadu,Bhubaneswar,Furniture,Chairs,Ergonomic Chair,4,17134.88,0.02,2690.02,Credit Card,Consumer
ORD-02656,2025-07-28,CUST-0109,Customer 0068,North,Delhi,Jaipur,Technology,Smartphones,Android Phone,2,87735.64,0.08,16137.96,UPI,Consumer
ORD-02657,2025-09-08,CUST-0749,Customer 0410,North,Uttar Pradesh,Chandigarh,Furniture,Chairs,Visitor Chair,5,73458.04,0.08,17462.26,Debit Card,Small Business
ORD-02658,2026-09-29,CUST-1170,Customer 0638,South,Gujarat,Hyderabad,Furniture,Chairs,Office Chair,1,13164.62,0.15,2320.67,UPI,Corporate
ORD-02659,2025-06-07,CUST-0823,Customer 1086,North,Telangana,Chandigarh,Furniture,Tables,Work Desk,4,60665.89,0.05,13125.47,Cash,Corporate
ORD-02660,2025-07-16,CUST-0274,Customer 0400,North,Delhi,Delhi,Furniture,Storage,Storage Box,4,49753.54,0.0,7609.06,Cash,Corporate
ORD-02661,2026-10-23,CUST-0352,Customer 1041,South,Uttar Pradesh,Hyderabad,Office Supplies,Paper,Recycled Paper,4,1516.2,0.15,328.49,Credit Card,Corporate
ORD-02662,2026-10-08,CUST-0924,Customer 0434,North,Delhi,Lucknow,Furniture,Chairs,Ergonomic Chair,3,37100.89,0.1,9034.16,Debit Card,Corporate
ORD-02663,2025-10-08,CUST-1159,Customer 0800,South,Gujarat,Hyderabad,Technology,Smartphones,Budget Phone,3,174404.2,0.08,21015.34,Cash,Consumer
ORD-02664,2026-06-08,CUST-0278,Customer 0800,North,Gujarat,Chandigarh,Furniture,Tables,Work Desk,1,5598.2,0.1,1207.94,Cash,Corporate
ORD-02665,2026-07-30,CUST-0721,Customer 0595,South,Rajasthan,Kochi,Furniture,Tables,Work Desk,3,41810.35,0.2,11684.91,Credit Card,Small Business
ORD-02666,2025-12-29,CUST-0406,Customer 0892,North,Karnataka,Jaipur,Technology,Laptops,Gaming Laptop,1,44485.46,0.05,5361.61,Credit Card,Corporate
ORD-02667,2025-05-20,CUST-0739,Customer 0214,North,West Bengal,Jaipur,Technology,Accessories,USB Hub,1,1474.13,0.1,151.73,Debit Card,Consumer
ORD-02668,2026-12-11,CUST-1198,Customer 0609,North,Maharashtra,Lucknow,Technology,Laptops,Business Laptop,4,285689.49,0.02,57115.93,Cash,Small Business
ORD-02669,2026-05-27,CUST-0542,Customer 1168,East,Rajasthan,Guwahati,Technology,Smartphones,Budget Phone,1,52767.25,0.02,7829.64,Debit Card,Corporate
ORD-02670,2025-07-17,CUST-0224,Customer 1010,East,Gujarat,Guwahati,Office Supplies,Writing,Markers,4,2409.95,0.0,445.02,UPI,Corporate
ORD-02671,2025-08-02,CUST-0808,Customer 0265,North,West Bengal,Jaipur,Technology,Laptops,Ultrabook,1,64669.68,0.02,11378.77,Net Banking,Consumer
ORD-02672,2026-02-03,CUST-0689,Customer 0751,West,Tamil Nadu,Surat,Furniture,Storage,Filing Cabinet,2,23460.48,0.0,3989.92,Credit Card,Consumer
ORD-02673,2025-05-15,CUST-1090,Customer 0332,West,Karnataka,Pune,Office Supplies,Paper,A4 Paper,2,2286.5,0.02,666.45,Net Banking,Small Business
ORD-02674,2026-03-29,CUST-0861,Customer 1005,East,West Bengal,Guwahati,Office Supplies,Binders,Ring Binder,6,3746.02,0.15,1271.68,Debit Card,Consumer
ORD-02675,2026-04-13,CUST-0397,Customer 0273,South,West Bengal,Chennai,Furniture,Storage,Bookshelf,4,12922.63,0.2,3036.5,Cash,Consumer
ORD-02676,2025-06-19,CUST-0139,Customer 0528,West,Maharashtra,Pune,Technology,Smartphones,Android Phone,1,14997.7,0.0,2374.96,Debit Card,Small Business
ORD-02677,2025-01-27,CUST-0730,Customer 0372,West,Karnataka,Surat,Furniture,Chairs,Ergonomic Chair,6,22213.85,0.08,3659.79,Cash,Small Business
ORD-02678,2026-09-30,CUST-0430,Customer 0478,South,West Bengal,Bengaluru,Office Supplies,Binders,Ring Binder,5,590.22,0.05,94.64,Net Banking,Consumer
ORD-02679,2026-06-14,CUST-0697,Customer 0106,North,Telangana,Jaipur,Office Supplies,Binders,Ring Binder,2,1622.54,0.0,484.19,Net Banking,Small Business
ORD-02680,2025-06-04,CUST-0354,Customer 0057,East,Uttar Pradesh,Kolkata,Office Supplies,Paper,Premium Paper,1,690.21,0.1,111.65,Net Banking,Consumer
ORD-02681,2026-08-07,CUST-0847,Customer 0078,South,Telangana,Bengaluru,Office Supplies,Writing,Markers,2,501.92,0.15,145.52,UPI,Consumer
ORD-02682,2026-04-02,CUST-0061,Customer 0405,North,Telangana,Chandigarh,Office Supplies,Writing,Notebook,8,4219.04,0.0,1021.21,UPI,Consumer
ORD-02683,2025-10-14,CUST-0250,Customer 0453,North,Karnataka,Lucknow,Technology,Accessories,Keyboard,3,14175.95,0.0,1518.07,Credit Card,Corporate
ORD-02684,2025-12-13,CUST-0011,Customer 0694,West,Kerala,Surat,Office Supplies,Binders,Presentation Folder,3,1882.52,0.05,539.44,Credit Card,Corporate
ORD-02685,2026-11-25,CUST-0806,Customer 0263,East,West Bengal,Kolkata,Furniture,Storage,Bookshelf,2,6373.13,0.08,1478.34,UPI,Small Business
ORD-02686,2025-08-20,CUST-1134,Customer 0554,West,Delhi,Ahmedabad,Technology,Accessories,Wireless Mouse,4,7184.59,0.0,929.36,Credit Card,Small Business
ORD-02687,2026-09-12,CUST-0413,Customer 1176,East,Gujarat,Patna,Technology,Laptops,Gaming Laptop,2,217081.04,0.02,49635.73,Credit Card,Corporate
ORD-02688,2026-03-06,CUST-1155,Customer 1047,West,Delhi,Surat,Furniture,Chairs,Ergonomic Chair,4,38551.55,0.15,10712.02,Cash,Corporate
ORD-02689,2025-06-04,CUST-0879,Customer 0594,West,Tamil Nadu,Ahmedabad,Office Supplies,Paper,A4 Paper,4,1110.89,0.08,268.33,Cash,Corporate
ORD-02690,2025-10-13,CUST-1178,Customer 0436,South,Tamil Nadu,Kochi,Office Supplies,Writing,Markers,3,642.92,0.0,220.78,Net Banking,Small Business
ORD-02691,2026-03-26,CUST-1120,Customer 0030,East,Gujarat,Guwahati,Office Supplies,Writing,Notebook,1,383.19,0.05,132.75,Net Banking,Consumer
ORD-02692,2026-04-03,CUST-0765,Customer 0807,East,Kerala,Kolkata,Furniture,Storage,Storage Box,2,6100.3,0.2,1290.9,UPI,Corporate
ORD-02693,2025-05-01,CUST-0289,Customer 0746,South,Rajasthan,Bengaluru,Technology,Accessories,USB Hub,8,9239.01,0.05,1886.7,Net Banking,Consumer
ORD-02694,2026-08-13,CUST-0715,Customer 0236,North,Delhi,Jaipur,Technology,Laptops,Business Laptop,2,146952.24,0.15,23652.2,UPI,Consumer
ORD-02695,2025-01-01,CUST-0684,Customer 1006,East,Uttar Pradesh,Bhubaneswar,Furniture,Tables,Conference Table,3,13183.26,0.2,3299.98,UPI,Corporate
ORD-02696,2026-02-20,CUST-0693,Customer 0388,North,Telangana,Jaipur,Technology,Laptops,Gaming Laptop,6,296870.08,0.02,62785.14,Cash,Small Business
ORD-02697,2026-03-28,CUST-0057,Customer 1021,East,Karnataka,Patna,Office Supplies,Writing,Markers,4,1479.2,0.2,353.18,Net Banking,Consumer
ORD-02698,2025-02-02,CUST-0105,Customer 0569,North,Kerala,Lucknow,Furniture,Tables,Work Desk,5,126366.75,0.02,34995.79,Credit Card,Small Business
ORD-02699,2026-01-26,CUST-0489,Customer 1032,West,West Bengal,Ahmedabad,Furniture,Chairs,Ergonomic Chair,1,9687.7,0.15,2273.19,Net Banking,Consumer
ORD-02700,2026-01-19,CUST-1028,Customer 0896,North,Rajasthan,Chandigarh,Furniture,Storage,Bookshelf,5,51849.45,0.15,9255.45,Credit Card,Small Business
ORD-02701,2025-08-28,CUST-0131,Customer 0514,South,Tamil Nadu,Hyderabad,Office Supplies,Writing,Markers,2,498.12,0.08,125.12,Cash,Small Business
ORD-02702,2025-05-20,CUST-0420,Customer 0449,West,Kerala,Pune,Furniture,Chairs,Visitor Chair,3,20620.75,0.0,4823.99,Cash,Small Business
ORD-02703,2025-05-22,CUST-0014,Customer 0593,South,Gujarat,Bengaluru,Furniture,Storage,Filing Cabinet,4,4800.72,0.0,758.96,Cash,Corporate
ORD-02704,2026-04-21,CUST-0778,Customer 0800,East,Karnataka,Patna,Furniture,Tables,Work Desk,5,66901.2,0.05,9358.36,Debit Card,Corporate
ORD-02705,2026-10-31,CUST-0821,Customer 1007,West,West Bengal,Pune,Office Supplies,Paper,A4 Paper,5,3000.94,0.05,672.56,Net Banking,Corporate
ORD-02706,2025-01-09,CUST-1025,Customer 0701,West,Telangana,Surat,Furniture,Tables,Conference Table,2,30629.61,0.1,5620.59,Cash,Corporate
ORD-02707,2026-06-16,CUST-1014,Customer 1084,East,Telangana,Guwahati,Furniture,Chairs,Office Chair,1,9328.65,0.1,2165.9,Cash,Small Business
ORD-02708,2026-12-05,CUST-1135,Customer 0741,West,Karnataka,Pune,Furniture,Tables,Conference Table,1,23510.02,0.0,4645.64,Net Banking,Small Business
ORD-02709,2026-01-25,CUST-0981,Customer 0287,South,Gujarat,Kochi,Office Supplies,Paper,Recycled Paper,5,3561.92,0.05,559.01,Net Banking,Corporate
ORD-02710,2025-07-14,CUST-1161,Customer 0490,South,Maharashtra,Bengaluru,Technology,Laptops,Business Laptop,1,64270.73,0.0,10735.64,Credit Card,Consumer
ORD-02711,2025-12-18,CUST-1072,Customer 1021,North,Delhi,Delhi,Office Supplies,Binders,Presentation Folder,2,210.89,0.1,54.06,Debit Card,Consumer
ORD-02712,2026-04-14,CUST-0519,Customer 0710,East,West Bengal,Guwahati,Technology,Accessories,Keyboard,1,950.15,0.02,138.66,Cash,Consumer
ORD-02713,2026-11-04,CUST-0495,Customer 0673,East,Delhi,Kolkata,Furniture,Storage,Storage Box,3,9679.96,0.15,2774.05,Net Banking,Corporate
ORD-02714,2026-07-05,CUST-0896,Customer 0513,West,Tamil Nadu,Pune,Office Supplies,Paper,Recycled Paper,3,2362.44,0.15,772.62,Net Banking,Small Business
ORD-02715,2025-04-24,CUST-0886,Customer 0265,South,Gujarat,Hyderabad,Office Supplies,Binders,Ring Binder,3,1667.7,0.15,444.66,Net Banking,Small Business
ORD-02716,2025-10-18,CUST-0282,Customer 0884,East,Uttar Pradesh,Patna,Furniture,Storage,Filing Cabinet,2,15787.49,0.15,4553.97,Debit Card,Consumer
ORD-02717,2025-01-05,CUST-0269,Customer 1013,West,Tamil Nadu,Surat,Technology,Smartphones,Premium Phone,5,266075.13,0.0,25136.9,Cash,Consumer
ORD-02718,2025-05-08,CUST-0749,Customer 0155,East,Kerala,Bhubaneswar,Technology,Laptops,Ultrabook,3,349899.19,0.0,79223.17,Credit Card,Small Business
ORD-02719,2026-12-07,CUST-0375,Customer 0309,East,Karnataka,Guwahati,Office Supplies,Binders,Ring Binder,5,3234.28,0.15,660.22,Credit Card,Corporate
ORD-02720,2026-06-19,CUST-0319,Customer 0590,East,Maharashtra,Patna,Furniture,Chairs,Visitor Chair,3,37943.64,0.15,6962.86,UPI,Corporate
ORD-02721,2026-05-22,CUST-0643,Customer 0642,South,Kerala,Hyderabad,Technology,Accessories,USB Hub,2,1785.65,0.02,158.18,Cash,Corporate
ORD-02722,2025-12-21,CUST-0101,Customer 1000,North,Gujarat,Chandigarh,Technology,Laptops,Business Laptop,3,327254.08,0.02,65609.13,Debit Card,Consumer
ORD-02723,2026-04-22,CUST-0051,Customer 0287,South,Gujarat,Chennai,Technology,Accessories,Wireless Mouse,4,15650.49,0.1,2774.77,Debit Card,Consumer
ORD-02724,2025-08-30,CUST-0673,Customer 0495,East,Telangana,Bhubaneswar,Technology,Laptops,Ultrabook,3,117049.71,0.15,19800.36,Net Banking,Corporate
ORD-02725,2026-01-01,CUST-0975,Customer 0462,South,Delhi,Kochi,Furniture,Tables,Conference Table,2,21033.73,0.08,3005.92,Debit Card,Corporate
ORD-02726,2026-12-01,CUST-0506,Customer 1189,North,Maharashtra,Chandigarh,Furniture,Chairs,Office Chair,2,33274.12,0.0,6026.79,Cash,Small Business
ORD-02727,2026-10-20,CUST-0202,Customer 0426,South,Gujarat,Hyderabad,Technology,Smartphones,Budget Phone,1,15723.31,0.0,2127.67,UPI,Small Business
ORD-02728,2025-12-05,CUST-1033,Customer 0371,South,Gujarat,Bengaluru,Furniture,Chairs,Ergonomic Chair,4,44211.43,0.1,10430.63,Net Banking,Corporate
ORD-02729,2025-08-15,CUST-0922,Customer 0230,South,Kerala,Chennai,Office Supplies,Writing,Pen Set,3,1607.67,0.1,519.13,Credit Card,Consumer
ORD-02730,2025-03-31,CUST-0590,Customer 0371,West,Tamil Nadu,Ahmedabad,Office Supplies,Paper,Recycled Paper,2,1678.04,0.08,475.88,Credit Card,Corporate
ORD-02731,2025-02-16,CUST-0008,Customer 0566,South,Gujarat,Chennai,Technology,Accessories,Keyboard,4,16544.01,0.05,2906.56,UPI,Corporate
ORD-02732,2026-03-05,CUST-0191,Customer 0518,East,Telangana,Bhubaneswar,Furniture,Tables,Conference Table,5,47916.63,0.15,12461.42,UPI,Small Business
ORD-02733,2026-05-28,CUST-0490,Customer 0654,North,Telangana,Delhi,Furniture,Storage,Filing Cabinet,6,18282.79,0.08,3503.63,Net Banking,Small Business
ORD-02734,2026-01-17,CUST-0447,Customer 0081,North,Karnataka,Lucknow,Office Supplies,Binders,Presentation Folder,1,476.2,0.02,89.37,Credit Card,Small Business
ORD-02735,2026-03-11,CUST-0975,Customer 0914,North,Delhi,Delhi,Office Supplies,Binders,Ring Binder,1,546.58,0.1,161.88,Debit Card,Corporate
ORD-02736,2025-09-05,CUST-0593,Customer 0562,East,Rajasthan,Patna,Technology,Smartphones,Android Phone,2,96324.03,0.08,17788.7,UPI,Consumer
ORD-02737,2026-06-26,CUST-0584,Customer 0134,South,Delhi,Hyderabad,Furniture,Tables,Side Table,4,90983.63,0.08,24931.4,Debit Card,Small Business
ORD-02738,2026-06-12,CUST-0751,Customer 0222,West,West Bengal,Pune,Furniture,Chairs,Ergonomic Chair,1,6151.3,0.2,813.43,Net Banking,Small Business
ORD-02739,2025-02-12,CUST-0469,Customer 0449,West,West Bengal,Ahmedabad,Office Supplies,Writing,Markers,2,1033.81,0.2,240.22,Debit Card,Consumer
ORD-02740,2025-07-08,CUST-0262,Customer 0668,South,Tamil Nadu,Kochi,Office Supplies,Binders,Presentation Folder,1,305.03,0.0,80.16,Debit Card,Corporate
ORD-02741,2026-05-12,CUST-0813,Customer 0847,East,Karnataka,Patna,Office Supplies,Writing,Markers,1,510.25,0.15,89.85,Debit Card,Consumer
ORD-02742,2025-03-21,CUST-0452,Customer 0997,East,Telangana,Bhubaneswar,Furniture,Tables,Work Desk,3,17761.82,0.08,2279.25,UPI,Small Business
ORD-02743,2026-11-19,CUST-0390,Customer 0313,South,Telangana,Bengaluru,Technology,Accessories,Wireless Mouse,4,8085.13,0.05,1801.36,Cash,Small Business
ORD-02744,2025-05-17,CUST-1141,Customer 0534,East,Karnataka,Kolkata,Technology,Accessories,USB Hub,6,18909.27,0.1,2705.15,Net Banking,Corporate
ORD-02745,2025-10-29,CUST-1022,Customer 0826,East,West Bengal,Bhubaneswar,Office Supplies,Paper,Recycled Paper,6,3541.67,0.15,1238.68,Cash,Consumer
ORD-02746,2025-11-13,CUST-1151,Customer 0455,North,Rajasthan,Lucknow,Office Supplies,Paper,Premium Paper,2,990.43,0.08,223.3,Credit Card,Small Business
ORD-02747,2025-01-17,CUST-1085,Customer 0670,East,Delhi,Bhubaneswar,Office Supplies,Binders,Presentation Folder,4,862.66,0.05,285.61,Cash,Consumer
ORD-02748,2025-05-30,CUST-0432,Customer 0293,East,Delhi,Patna,Technology,Accessories,Keyboard,2,7321.33,0.1,1465.18,Net Banking,Small Business
ORD-02749,2026-09-13,CUST-0340,Customer 0970,South,Karnataka,Kochi,Technology,Accessories,Keyboard,6,20143.51,0.1,4254.43,Debit Card,Corporate
ORD-02750,2025-04-18,CUST-0095,Customer 0724,South,Tamil Nadu,Chennai,Office Supplies,Writing,Pen Set,2,436.18,0.08,101.73,Debit Card,Small Business
ORD-02751,2026-01-31,CUST-1065,Customer 1069,West,West Bengal,Mumbai,Office Supplies,Paper,Premium Paper,2,1937.85,0.1,606.06,Cash,Consumer
ORD-02752,2026-11-24,CUST-0738,Customer 0171,East,Uttar Pradesh,Guwahati,Office Supplies,Binders,Ring Binder,4,2250.01,0.2,679.16,Net Banking,Small Business
ORD-02753,2025-08-22,CUST-0482,Customer 0208,East,Uttar Pradesh,Patna,Technology,Laptops,Ultrabook,1,60729.46,0.1,14332.32,UPI,Small Business
ORD-02754,2025-05-19,CUST-0417,Customer 1012,North,West Bengal,Delhi,Furniture,Storage,Storage Box,3,9905.21,0.1,1310.07,Cash,Consumer
ORD-02755,2026-05-29,CUST-0752,Customer 0370,North,Karnataka,Delhi,Office Supplies,Paper,A4 Paper,1,1043.15,0.08,201.34,Credit Card,Small Business
ORD-02756,2026-02-09,CUST-0445,Customer 0137,South,Gujarat,Chennai,Office Supplies,Paper,Premium Paper,1,386.42,0.02,76.69,Credit Card,Small Business
ORD-02757,2026-05-11,CUST-0384,Customer 0072,South,Tamil Nadu,Bengaluru,Technology,Smartphones,Android Phone,1,22861.93,0.1,5176.45,UPI,Small Business
ORD-02758,2026-08-13,CUST-0029,Customer 0016,East,Karnataka,Kolkata,Technology,Laptops,Ultrabook,3,293539.3,0.05,42215.79,Credit Card,Small Business
ORD-02759,2026-06-27,CUST-0489,Customer 0527,North,Maharashtra,Lucknow,Furniture,Tables,Work Desk,1,24244.68,0.05,6618.52,Cash,Corporate
ORD-02760,2026-04-22,CUST-0120,Customer 1132,North,West Bengal,Chandigarh,Technology,Smartphones,Premium Phone,2,116048.04,0.1,11424.12,Credit Card,Consumer
ORD-02761,2026-06-17,CUST-0020,Customer 1117,West,Maharashtra,Pune,Office Supplies,Paper,A4 Paper,1,946.42,0.1,186.9,Debit Card,Small Business
ORD-02762,2026-09-07,CUST-0440,Customer 0365,North,Gujarat,Jaipur,Technology,Laptops,Business Laptop,4,294131.86,0.0,41162.36,Credit Card,Small Business
ORD-02763,2026-11-03,CUST-0088,Customer 0336,South,Tamil Nadu,Chennai,Office Supplies,Writing,Markers,3,575.89,0.02,127.96,UPI,Consumer
ORD-02764,2026-01-31,CUST-1012,Customer 0055,North,Tamil Nadu,Lucknow,Furniture,Storage,Bookshelf,1,9484.01,0.15,1505.29,Credit Card,Corporate
ORD-02765,2026-09-05,CUST-0015,Customer 0368,West,Delhi,Mumbai,Technology,Smartphones,Premium Phone,4,257638.94,0.08,50985.92,Credit Card,Corporate
ORD-02766,2026-09-22,CUST-1175,Customer 0613,South,Tamil Nadu,Kochi,Furniture,Chairs,Ergonomic Chair,5,47218.13,0.02,7120.54,Net Banking,Small Business
ORD-02767,2026-09-15,CUST-1069,Customer 0576,East,Tamil Nadu,Bhubaneswar,Office Supplies,Paper,Premium Paper,1,918.52,0.2,174.04,Credit Card,Small Business
ORD-02768,2025-10-26,CUST-0846,Customer 1003,East,West Bengal,Kolkata,Furniture,Tables,Conference Table,2,9624.87,0.05,1438.79,Credit Card,Consumer
ORD-02769,2025-08-21,CUST-0049,Customer 0921,West,Rajasthan,Ahmedabad,Furniture,Tables,Side Table,4,62292.37,0.1,14819.93,Debit Card,Small Business
ORD-02770,2025-06-17,CUST-0905,Customer 0343,East,West Bengal,Kolkata,Furniture,Storage,Filing Cabinet,4,22028.12,0.0,2977.28,Cash,Corporate
ORD-02771,2025-05-14,CUST-0023,Customer 0740,South,Tamil Nadu,Chennai,Office Supplies,Paper,Recycled Paper,5,1235.29,0.1,409.57,Credit Card,Consumer
ORD-02772,2026-09-25,CUST-0081,Customer 0746,North,Karnataka,Jaipur,Furniture,Chairs,Ergonomic Chair,5,73938.9,0.1,9285.7,UPI,Corporate
ORD-02773,2026-05-02,CUST-0160,Customer 0182,North,West Bengal,Lucknow,Furniture,Chairs,Office Chair,4,41971.59,0.2,7100.32,Credit Card,Small Business
ORD-02774,2025-07-19,CUST-0184,Customer 0335,West,Gujarat,Ahmedabad,Office Supplies,Binders,Lever Arch Binder,6,2988.32,0.1,690.62,Credit Card,Corporate
ORD-02775,2026-06-18,CUST-0247,Customer 1183,North,Karnataka,Chandigarh,Office Supplies,Binders,Presentation Folder,8,4664.1,0.1,1616.26,Credit Card,Consumer
ORD-02776,2025-03-14,CUST-1197,Customer 0693,East,Telangana,Guwahati,Office Supplies,Binders,Lever Arch Binder,2,1355.31,0.08,316.08,Debit Card,Small Business
ORD-02777,2025-12-06,CUST-0154,Customer 0990,West,West Bengal,Mumbai,Technology,Smartphones,Android Phone,5,246016.43,0.08,36298.86,Credit Card,Consumer
ORD-02778,2026-06-01,CUST-0333,Customer 0902,South,West Bengal,Chennai,Office Supplies,Paper,Premium Paper,2,1800.79,0.02,380.09,UPI,Corporate
ORD-02779,2026-06-21,CUST-1156,Customer 1138,South,West Bengal,Chennai,Technology,Accessories,Keyboard,4,13181.0,0.02,2176.69,UPI,Corporate
ORD-02780,2025-12-14,CUST-0968,Customer 0033,West,Telangana,Pune,Furniture,Chairs,Visitor Chair,8,94983.63,0.02,22145.6,Debit Card,Consumer
ORD-02781,2025-10-21,CUST-1094,Customer 0586,South,Gujarat,Kochi,Office Supplies,Binders,Ring Binder,5,3187.7,0.05,966.38,UPI,Small Business
ORD-02782,2025-05-15,CUST-0492,Customer 0159,West,Uttar Pradesh,Pune,Office Supplies,Writing,Pen Set,4,889.08,0.2,253.75,Cash,Corporate
ORD-02783,2025-08-29,CUST-0639,Customer 0007,West,Rajasthan,Surat,Technology,Laptops,Gaming Laptop,8,407485.62,0.2,47317.08,UPI,Consumer
ORD-02784,2025-05-17,CUST-0189,Customer 0767,North,Rajasthan,Lucknow,Furniture,Chairs,Office Chair,1,6699.92,0.05,1637.52,UPI,Corporate
ORD-02785,2025-08-11,CUST-0400,Customer 0747,East,West Bengal,Bhubaneswar,Furniture,Chairs,Ergonomic Chair,5,25064.59,0.1,4900.78,Credit Card,Corporate
ORD-02786,2025-07-28,CUST-0555,Customer 0595,East,Telangana,Guwahati,Furniture,Tables,Side Table,6,40442.15,0.15,11719.86,Credit Card,Consumer
ORD-02787,2025-10-23,CUST-0342,Customer 0166,North,Uttar Pradesh,Lucknow,Furniture,Tables,Side Table,10,110431.96,0.05,22754.42,Cash,Small Business
ORD-02788,2026-10-02,CUST-0228,Customer 0252,East,Rajasthan,Bhubaneswar,Office Supplies,Binders,Lever Arch Binder,1,275.6,0.05,45.45,Debit Card,Corporate
ORD-02789,2025-06-27,CUST-0519,Customer 0904,South,Maharashtra,Hyderabad,Office Supplies,Binders,Lever Arch Binder,3,654.55,0.1,227.87,Debit Card,Consumer
ORD-02790,2025-05-03,CUST-0535,Customer 0755,West,Tamil Nadu,Ahmedabad,Office Supplies,Writing,Pen Set,5,1516.41,0.0,368.4,Cash,Consumer
ORD-02791,2026-07-26,CUST-0352,Customer 0533,East,Delhi,Patna,Office Supplies,Paper,Recycled Paper,1,1014.58,0.08,317.11,UPI,Consumer
ORD-02792,2026-07-02,CUST-0787,Customer 0345,North,Gujarat,Delhi,Technology,Smartphones,Premium Phone,6,491083.11,0.02,97649.83,UPI,Small Business
ORD-02793,2025-04-27,CUST-0055,Customer 0774,North,Kerala,Delhi,Furniture,Storage,Bookshelf,2,2015.26,0.15,455.97,Net Banking,Consumer
ORD-02794,2026-09-05,CUST-0076,Customer 0791,West,Delhi,Ahmedabad,Office Supplies,Paper,A4 Paper,5,4540.64,0.1,1510.09,Credit Card,Corporate
ORD-02795,2025-05-23,CUST-0392,Customer 0167,North,Rajasthan,Chandigarh,Furniture,Chairs,Ergonomic Chair,1,11485.23,0.02,2036.51,Credit Card,Consumer
ORD-02796,2026-06-08,CUST-0465,Customer 0274,East,Tamil Nadu,Kolkata,Technology,Smartphones,Android Phone,5,237277.32,0.1,34761.09,UPI,Consumer
ORD-02797,2026-04-19,CUST-0810,Customer 0780,West,Kerala,Mumbai,Furniture,Storage,Storage Box,2,18314.84,0.05,2318.72,Cash,Small Business
ORD-02798,2025-05-20,CUST-0528,Customer 0804,West,Karnataka,Ahmedabad,Technology,Laptops,Business Laptop,2,177744.71,0.05,38055.79,Net Banking,Consumer
ORD-02799,2025-06-23,CUST-1063,Customer 0660,West,Kerala,Pune,Technology,Accessories,USB Hub,1,4396.7,0.05,758.92,Cash,Corporate
ORD-02800,2026-09-16,CUST-1032,Customer 0350,West,Kerala,Ahmedabad,Office Supplies,Binders,Presentation Folder,6,2480.98,0.08,720.64,UPI,Consumer
ORD-02801,2025-08-02,CUST-0799,Customer 0909,East,Rajasthan,Guwahati,Furniture,Tables,Side Table,5,71105.57,0.15,15375.55,Credit Card,Corporate
ORD-02802,2025-11-21,CUST-0010,Customer 0575,East,Maharashtra,Kolkata,Technology,Smartphones,Budget Phone,2,47505.69,0.15,7870.63,Cash,Consumer
ORD-02803,2026-02-24,CUST-0785,Customer 0872,South,Karnataka,Hyderabad,Furniture,Storage,Filing Cabinet,3,31785.64,0.2,6969.86,Cash,Corporate
ORD-02804,2025-03-25,CUST-0352,Customer 0179,South,Karnataka,Hyderabad,Furniture,Storage,Bookshelf,2,25209.52,0.08,4507.4,Credit Card,Small Business
ORD-02805,2025-04-17,CUST-1079,Customer 0048,East,Telangana,Bhubaneswar,Furniture,Chairs,Visitor Chair,2,8587.84,0.15,1472.2,Debit Card,Corporate
ORD-02806,2025-06-11,CUST-0567,Customer 0501,East,West Bengal,Kolkata,Office Supplies,Binders,Presentation Folder,2,1152.47,0.05,228.28,Net Banking,Small Business
ORD-02807,2026-04-15,CUST-0458,Customer 0996,East,Gujarat,Kolkata,Furniture,Storage,Bookshelf,6,66701.15,0.2,17297.76,Cash,Small Business
ORD-02808,2025-10-25,CUST-0859,Customer 0938,East,Kerala,Bhubaneswar,Furniture,Chairs,Office Chair,2,8892.78,0.2,2258.81,Credit Card,Consumer
ORD-02809,2026-07-31,CUST-0877,Customer 0672,West,Telangana,Ahmedabad,Technology,Laptops,Gaming Laptop,4,349562.62,0.02,62706.81,UPI,Small Business
ORD-02810,2025-08-18,CUST-1059,Customer 0696,West,Gujarat,Surat,Furniture,Storage,Storage Box,3,42908.77,0.0,6247.42,Credit Card,Corporate
ORD-02811,2026-03-01,CUST-1156,Customer 0656,North,West Bengal,Delhi,Office Supplies,Binders,Ring Binder,4,1466.04,0.02,302.85,Debit Card,Consumer
ORD-02812,2025-12-08,CUST-0330,Customer 0583,East,Rajasthan,Kolkata,Office Supplies,Paper,Recycled Paper,5,5264.74,0.08,1532.5,Credit Card,Corporate
ORD-02813,2025-09-09,CUST-0419,Customer 0540,South,Rajasthan,Kochi,Office Supplies,Paper,A4 Paper,3,1492.24,0.02,230.53,Credit Card,Consumer
ORD-02814,2025-07-13,CUST-0448,Customer 1040,West,Karnataka,Surat,Technology,Smartphones,Android Phone,4,190202.91,0.05,45545.23,Debit Card,Consumer
ORD-02815,2026-11-25,CUST-0474,Customer 0126,North,Uttar Pradesh,Lucknow,Technology,Smartphones,Android Phone,1,67555.17,0.2,13381.17,Debit Card,Corporate
ORD-02816,2026-11-12,CUST-0371,Customer 0033,East,Kerala,Kolkata,Office Supplies,Writing,Markers,4,751.61,0.2,177.36,UPI,Consumer
ORD-02817,2025-09-04,CUST-0851,Customer 0995,South,Rajasthan,Kochi,Office Supplies,Writing,Pen Set,4,2133.28,0.0,333.4,Net Banking,Corporate
ORD-02818,2025-11-02,CUST-0678,Customer 0120,West,Maharashtra,Surat,Technology,Smartphones,Premium Phone,3,193409.16,0.05,26522.76,Debit Card,Small Business
ORD-02819,2025-02-21,CUST-0287,Customer 0782,North,Kerala,Chandigarh,Office Supplies,Binders,Ring Binder,4,1546.33,0.0,265.31,UPI,Small Business
ORD-02820,2025-09-13,CUST-0387,Customer 0169,East,Maharashtra,Guwahati,Technology,Laptops,Business Laptop,4,334382.73,0.02,37030.38,Debit Card,Small Business
ORD-02821,2026-01-21,CUST-0513,Customer 0036,North,Rajasthan,Chandigarh,Office Supplies,Writing,Markers,5,1327.3,0.08,205.16,UPI,Corporate
ORD-02822,2025-11-01,CUST-0627,Customer 1039,North,West Bengal,Lucknow,Furniture,Tables,Side Table,3,22959.27,0.0,5839.53,Net Banking,Consumer
ORD-02823,2026-08-16,CUST-0929,Customer 0511,North,Karnataka,Lucknow,Furniture,Storage,Filing Cabinet,2,22121.83,0.02,4459.09,UPI,Small Business
ORD-02824,2025-02-04,CUST-0323,Customer 0469,East,Delhi,Kolkata,Furniture,Storage,Bookshelf,6,71539.22,0.05,10744.56,Cash,Small Business
ORD-02825,2026-07-27,CUST-0174,Customer 0615,South,Kerala,Kochi,Furniture,Chairs,Office Chair,1,8182.91,0.05,1763.66,Debit Card,Consumer
ORD-02826,2026-02-08,CUST-0601,Customer 0612,West,Rajasthan,Ahmedabad,Office Supplies,Writing,Pen Set,4,2068.97,0.05,440.1,Debit Card,Corporate
ORD-02827,2025-06-09,CUST-1078,Customer 0770,South,West Bengal,Chennai,Office Supplies,Paper,A4 Paper,8,3880.3,0.02,817.31,Cash,Corporate
ORD-02828,2025-12-21,CUST-0093,Customer 0256,East,Gujarat,Guwahati,Furniture,Chairs,Office Chair,3,29067.21,0.08,6622.7,Net Banking,Corporate
ORD-02829,2026-05-31,CUST-0058,Customer 0118,North,Gujarat,Jaipur,Furniture,Tables,Work Desk,8,191754.08,0.0,48652.36,Credit Card,Corporate
ORD-02830,2025-04-19,CUST-0848,Customer 0201,West,Maharashtra,Mumbai,Office Supplies,Binders,Ring Binder,5,1579.4,0.0,449.47,Debit Card,Consumer
ORD-02831,2025-07-01,CUST-1000,Customer 0708,West,Gujarat,Pune,Office Supplies,Writing,Pen Set,2,586.8,0.08,126.0,UPI,Small Business
ORD-02832,2026-11-28,CUST-0107,Customer 0867,South,Rajasthan,Chennai,Office Supplies,Binders,Lever Arch Binder,3,1949.44,0.0,666.5,Cash,Small Business
ORD-02833,2026-03-03,CUST-0166,Customer 0863,North,Rajasthan,Chandigarh,Furniture,Storage,Bookshelf,2,4059.78,0.2,791.08,Cash,Small Business
ORD-02834,2025-01-15,CUST-0700,Customer 1165,East,Delhi,Kolkata,Office Supplies,Paper,Premium Paper,2,2161.27,0.05,500.26,Debit Card,Consumer
ORD-02835,2025-09-25,CUST-0761,Customer 0153,West,Uttar Pradesh,Mumbai,Technology,Laptops,Business Laptop,2,174490.82,0.02,19190.24,UPI,Corporate
ORD-02836,2026-08-05,CUST-0924,Customer 0639,West,Uttar Pradesh,Surat,Technology,Accessories,Wireless Mouse,1,736.83,0.15,109.6,Net Banking,Small Business
ORD-02837,2025-07-22,CUST-0175,Customer 1171,West,Rajasthan,Ahmedabad,Office Supplies,Binders,Presentation Folder,3,1897.91,0.1,660.63,UPI,Consumer
ORD-02838,2025-07-07,CUST-0370,Customer 0712,East,Kerala,Bhubaneswar,Furniture,Storage,Filing Cabinet,1,4174.37,0.1,1158.43,Credit Card,Corporate
ORD-02839,2025-01-11,CUST-0227,Customer 1000,East,Rajasthan,Bhubaneswar,Technology,Laptops,Business Laptop,2,99109.32,0.1,22465.54,UPI,Consumer
ORD-02840,2025-08-20,CUST-0796,Customer 0010,North,Rajasthan,Lucknow,Technology,Smartphones,Budget Phone,5,282937.3,0.05,52846.21,UPI,Consumer
ORD-02841,2026-04-11,CUST-0766,Customer 0802,South,Kerala,Bengaluru,Furniture,Chairs,Ergonomic Chair,1,7869.03,0.15,1443.98,Debit Card,Consumer
ORD-02842,2025-06-13,CUST-0961,Customer 0417,East,Karnataka,Kolkata,Technology,Smartphones,Android Phone,4,286869.53,0.02,62199.97,UPI,Consumer
ORD-02843,2025-11-29,CUST-0261,Customer 0470,East,Delhi,Bhubaneswar,Office Supplies,Binders,Lever Arch Binder,10,7760.61,0.02,2325.31,Net Banking,Consumer
ORD-02844,2026-12-22,CUST-1194,Customer 0675,North,Uttar Pradesh,Jaipur,Technology,Laptops,Ultrabook,5,180991.76,0.2,38349.34,Net Banking,Consumer
ORD-02845,2025-06-17,CUST-1030,Customer 0161,North,West Bengal,Chandigarh,Technology,Accessories,USB Hub,4,17743.18,0.0,3281.38,Net Banking,Small Business
ORD-02846,2026-09-24,CUST-0623,Customer 0984,North,Telangana,Jaipur,Office Supplies,Binders,Lever Arch Binder,2,693.52,0.15,203.9,Cash,Consumer
ORD-02847,2026-12-02,CUST-1007,Customer 0101,South,Telangana,Chennai,Furniture,Tables,Side Table,2,35055.66,0.02,5475.32,Cash,Corporate
ORD-02848,2026-11-07,CUST-0412,Customer 0319,North,Gujarat,Jaipur,Furniture,Tables,Work Desk,4,46328.07,0.15,11749.16,Debit Card,Consumer
ORD-02849,2025-09-13,CUST-0112,Customer 0757,West,Rajasthan,Ahmedabad,Furniture,Tables,Work Desk,2,31281.9,0.2,8293.55,Cash,Corporate
ORD-02850,2026-09-30,CUST-0599,Customer 1110,North,Kerala,Lucknow,Technology,Laptops,Ultrabook,2,214344.16,0.02,26888.66,Credit Card,Small Business
ORD-02851,2025-03-17,CUST-0672,Customer 0248,East,Gujarat,Bhubaneswar,Office Supplies,Writing,Notebook,3,668.95,0.02,222.0,Cash,Corporate
ORD-02852,2025-12-27,CUST-0903,Customer 0848,West,Delhi,Surat,Furniture,Tables,Side Table,2,14462.68,0.0,2798.21,UPI,Small Business
ORD-02853,2026-08-01,CUST-0049,Customer 0269,South,Kerala,Chennai,Office Supplies,Binders,Ring Binder,4,2623.93,0.15,534.7,Debit Card,Small Business
ORD-02854,2026-02-24,CUST-0810,Customer 0158,East,Maharashtra,Guwahati,Technology,Accessories,USB Hub,4,15826.2,0.05,2425.89,Cash,Small Business
ORD-02855,2026-08-20,CUST-0186,Customer 0753,West,Kerala,Ahmedabad,Office Supplies,Binders,Ring Binder,8,5772.44,0.0,1682.13,Debit Card,Small Business
ORD-02856,2026-01-09,CUST-0386,Customer 0786,West,Karnataka,Surat,Office Supplies,Paper,A4 Paper,3,2929.4,0.15,1009.46,Credit Card,Small Business
ORD-02857,2026-11-19,CUST-0471,Customer 0840,East,Karnataka,Kolkata,Technology,Accessories,Keyboard,2,1148.6,0.1,234.31,Cash,Corporate
ORD-02858,2026-12-31,CUST-0440,Customer 1128,North,Uttar Pradesh,Lucknow,Technology,Laptops,Ultrabook,6,326275.9,0.02,74464.84,Credit Card,Consumer
ORD-02859,2025-01-18,CUST-0409,Customer 0909,South,Maharashtra,Bengaluru,Office Supplies,Writing,Markers,3,957.06,0.02,228.33,Debit Card,Corporate
ORD-02860,2025-01-03,CUST-0712,Customer 0831,South,Delhi,Kochi,Furniture,Tables,Conference Table,4,18086.52,0.1,4217.9,Net Banking,Corporate
ORD-02861,2025-09-07,CUST-0156,Customer 0804,South,Gujarat,Kochi,Furniture,Tables,Work Desk,2,23811.75,0.08,3719.89,Cash,Consumer
ORD-02862,2025-02-21,CUST-0725,Customer 1060,East,Uttar Pradesh,Guwahati,Furniture,Storage,Storage Box,4,33153.48,0.02,8267.24,Net Banking,Small Business
ORD-02863,2026-03-09,CUST-0860,Customer 0262,North,Delhi,Delhi,Technology,Smartphones,Android Phone,1,75253.04,0.1,15662.31,Debit Card,Corporate
ORD-02864,2026-01-31,CUST-0251,Customer 0647,North,Kerala,Delhi,Office Supplies,Binders,Presentation Folder,1,141.4,0.0,43.26,Net Banking,Small Business
ORD-02865,2026-06-16,CUST-1038,Customer 0656,North,Gujarat,Delhi,Technology,Laptops,Ultrabook,8,762913.58,0.0,116053.77,Net Banking,Corporate
ORD-02866,2026-08-11,CUST-0067,Customer 1136,South,Kerala,Hyderabad,Office Supplies,Binders,Lever Arch Binder,2,531.38,0.1,104.36,Debit Card,Consumer
ORD-02867,2025-05-27,CUST-0224,Customer 0412,South,Karnataka,Bengaluru,Office Supplies,Writing,Markers,2,1333.43,0.0,339.67,Debit Card,Corporate
ORD-02868,2026-08-20,CUST-0086,Customer 0403,South,Delhi,Hyderabad,Office Supplies,Writing,Pen Set,1,302.25,0.0,103.76,Cash,Corporate
ORD-02869,2026-09-29,CUST-0075,Customer 0468,North,Telangana,Chandigarh,Technology,Accessories,USB Hub,5,8417.44,0.05,1433.95,UPI,Small Business
ORD-02870,2026-06-21,CUST-1183,Customer 0656,West,Tamil Nadu,Surat,Furniture,Tables,Conference Table,4,18901.9,0.2,2830.7,UPI,Corporate
ORD-02871,2026-12-18,CUST-0399,Customer 0044,North,Uttar Pradesh,Jaipur,Office Supplies,Writing,Markers,3,1200.05,0.05,249.66,Credit Card,Small Business
ORD-02872,2026-12-02,CUST-0917,Customer 0018,South,Telangana,Kochi,Technology,Laptops,Ultrabook,4,345837.99,0.15,62166.98,Net Banking,Corporate
ORD-02873,2025-05-01,CUST-0456,Customer 0458,South,Tamil Nadu,Chennai,Technology,Smartphones,Android Phone,2,74844.64,0.0,12585.05,Credit Card,Corporate
ORD-02874,2026-12-23,CUST-1145,Customer 1132,West,Kerala,Mumbai,Furniture,Tables,Conference Table,3,45449.38,0.0,10304.5,UPI,Consumer
ORD-02875,2026-10-02,CUST-0381,Customer 0488,South,Karnataka,Bengaluru,Technology,Accessories,Keyboard,2,3876.31,0.0,531.84,UPI,Corporate
ORD-02876,2026-09-04,CUST-0967,Customer 0359,North,Rajasthan,Lucknow,Furniture,Tables,Side Table,3,43488.62,0.15,6547.41,Debit Card,Corporate
ORD-02877,2025-04-08,CUST-0634,Customer 0648,West,Maharashtra,Mumbai,Technology,Smartphones,Premium Phone,2,102717.22,0.05,19689.06,Net Banking,Corporate
ORD-02878,2026-06-15,CUST-1090,Customer 0300,South,Delhi,Hyderabad,Furniture,Storage,Bookshelf,2,23385.39,0.2,6801.51,UPI,Small Business
ORD-02879,2025-11-19,CUST-0887,Customer 0976,West,Maharashtra,Mumbai,Office Supplies,Paper,Recycled Paper,1,597.04,0.0,187.34,UPI,Small Business
ORD-02880,2025-03-03,CUST-0848,Customer 1090,East,Karnataka,Kolkata,Furniture,Tables,Conference Table,2,24342.46,0.0,5764.82,Cash,Small Business
ORD-02881,2026-05-12,CUST-0656,Customer 1043,South,Rajasthan,Chennai,Technology,Accessories,Wireless Mouse,2,3332.59,0.0,361.24,Credit Card,Consumer
ORD-02882,2025-09-08,CUST-0616,Customer 0737,East,Telangana,Guwahati,Furniture,Chairs,Visitor Chair,1,5954.11,0.1,1334.05,Debit Card,Corporate
ORD-02883,2026-06-28,CUST-0274,Customer 0825,West,Maharashtra,Mumbai,Furniture,Chairs,Ergonomic Chair,5,67802.93,0.15,13878.69,Cash,Small Business
ORD-02884,2025-04-23,CUST-1076,Customer 0799,North,Telangana,Jaipur,Technology,Smartphones,Budget Phone,6,364021.64,0.08,34286.37,Cash,Small Business
ORD-02885,2025-01-26,CUST-0429,Customer 1140,West,Delhi,Surat,Office Supplies,Binders,Lever Arch Binder,5,2128.43,0.02,588.55,Debit Card,Corporate
ORD-02886,2025-06-08,CUST-0367,Customer 1172,West,Gujarat,Pune,Furniture,Storage,Filing Cabinet,5,44955.83,0.0,11840.22,Credit Card,Small Business
ORD-02887,2025-12-23,CUST-0493,Customer 1188,South,Gujarat,Chennai,Technology,Accessories,USB Hub,8,3228.12,0.2,460.59,Credit Card,Small Business
ORD-02888,2026-06-27,CUST-0490,Customer 0176,East,Gujarat,Guwahati,Furniture,Tables,Conference Table,3,19435.18,0.02,3445.73,Credit Card,Consumer
ORD-02889,2026-05-02,CUST-0391,Customer 0669,South,Gujarat,Hyderabad,Furniture,Chairs,Office Chair,6,32645.05,0.1,4802.72,Cash,Consumer
ORD-02890,2026-08-22,CUST-0895,Customer 0286,East,Tamil Nadu,Patna,Office Supplies,Writing,Markers,1,242.7,0.2,74.91,UPI,Consumer
ORD-02891,2025-10-27,CUST-0431,Customer 0611,East,West Bengal,Kolkata,Office Supplies,Binders,Ring Binder,2,1404.62,0.1,298.83,Net Banking,Consumer
ORD-02892,2026-10-29,CUST-0593,Customer 0810,South,West Bengal,Chennai,Technology,Accessories,Wireless Mouse,3,12729.24,0.02,2078.77,UPI,Corporate
ORD-02893,2026-04-26,CUST-0323,Customer 0808,South,Telangana,Bengaluru,Furniture,Chairs,Office Chair,3,8960.87,0.08,1142.86,Cash,Consumer
ORD-02894,2026-11-15,CUST-1024,Customer 0577,South,Kerala,Chennai,Office Supplies,Binders,Lever Arch Binder,3,1408.64,0.2,291.3,Credit Card,Small Business
ORD-02895,2025-04-08,CUST-0126,Customer 0201,North,Rajasthan,Lucknow,Technology,Smartphones,Budget Phone,5,270459.81,0.15,23132.73,Net Banking,Consumer
ORD-02896,2025-01-03,CUST-1093,Customer 0679,West,West Bengal,Surat,Technology,Laptops,Ultrabook,5,311405.8,0.05,28518.32,Cash,Corporate
ORD-02897,2026-06-24,CUST-0875,Customer 0164,South,Karnataka,Chennai,Office Supplies,Binders,Ring Binder,1,711.05,0.0,179.39,Net Banking,Small Business
ORD-02898,2026-08-29,CUST-0037,Customer 0213,West,West Bengal,Mumbai,Office Supplies,Writing,Pen Set,2,386.49,0.0,80.87,Debit Card,Small Business
ORD-02899,2025-05-18,CUST-0640,Customer 0569,East,Tamil Nadu,Bhubaneswar,Office Supplies,Writing,Notebook,5,670.18,0.08,219.98,Credit Card,Corporate
ORD-02900,2025-06-01,CUST-0156,Customer 0882,West,Delhi,Surat,Office Supplies,Writing,Markers,3,817.49,0.02,261.33,Credit Card,Consumer
ORD-02901,2025-01-15,CUST-0944,Customer 0157,East,Tamil Nadu,Bhubaneswar,Technology,Accessories,USB Hub,2,2617.61,0.05,564.2,Credit Card,Small Business
ORD-02902,2025-12-21,CUST-0063,Customer 0872,West,Rajasthan,Pune,Office Supplies,Writing,Markers,2,161.27,0.15,25.01,Net Banking,Consumer
ORD-02903,2026-04-12,CUST-1178,Customer 0649,East,Delhi,Guwahati,Technology,Laptops,Ultrabook,1,47952.03,0.2,4454.39,Debit Card,Small Business
ORD-02904,2025-01-06,CUST-0369,Customer 1040,North,Uttar Pradesh,Jaipur,Office Supplies,Writing,Notebook,4,658.14,0.1,122.12,Credit Card,Corporate
ORD-02905,2026-07-15,CUST-0008,Customer 0247,South,Telangana,Bengaluru,Office Supplies,Writing,Notebook,1,275.64,0.08,89.47,Net Banking,Small Business
ORD-02906,2025-05-20,CUST-0571,Customer 0130,West,Maharashtra,Pune,Furniture,Chairs,Ergonomic Chair,3,42302.64,0.02,12590.68,Cash,Corporate
ORD-02907,2026-09-07,CUST-0814,Customer 0312,South,Maharashtra,Bengaluru,Technology,Accessories,Wireless Mouse,4,8405.21,0.02,1326.47,Cash,Consumer
ORD-02908,2026-08-22,CUST-0545,Customer 0317,East,Uttar Pradesh,Guwahati,Technology,Accessories,Wireless Mouse,2,5069.66,0.05,576.31,Debit Card,Small Business
ORD-02909,2026-02-26,CUST-0504,Customer 0263,North,Kerala,Jaipur,Technology,Laptops,Ultrabook,2,151633.03,0.0,19105.33,Credit Card,Small Business
ORD-02910,2025-12-09,CUST-1198,Customer 0057,East,Delhi,Kolkata,Furniture,Chairs,Ergonomic Chair,3,47086.45,0.08,11250.95,Credit Card,Small Business
ORD-02911,2025-09-21,CUST-0964,Customer 1173,South,Maharashtra,Chennai,Furniture,Tables,Work Desk,3,21029.31,0.08,3481.7,Cash,Consumer
ORD-02912,2026-01-01,CUST-0808,Customer 1082,North,Uttar Pradesh,Lucknow,Technology,Smartphones,Premium Phone,1,72863.03,0.02,14106.58,Debit Card,Small Business
ORD-02913,2026-01-22,CUST-0011,Customer 0907,West,Telangana,Ahmedabad,Office Supplies,Binders,Ring Binder,5,2173.91,0.1,490.59,UPI,Corporate
ORD-02914,2025-07-17,CUST-0894,Customer 1059,West,Kerala,Mumbai,Furniture,Tables,Conference Table,1,7588.42,0.0,1652.62,UPI,Small Business
ORD-02915,2026-08-18,CUST-0506,Customer 0748,South,Tamil Nadu,Hyderabad,Technology,Accessories,USB Hub,3,14245.58,0.0,1837.42,Net Banking,Consumer
ORD-02916,2026-03-17,CUST-0858,Customer 1149,South,Gujarat,Kochi,Office Supplies,Writing,Markers,2,743.93,0.02,214.24,Cash,Consumer
ORD-02917,2026-10-26,CUST-1134,Customer 0138,South,Maharashtra,Bengaluru,Furniture,Chairs,Ergonomic Chair,1,9545.8,0.05,1402.32,Debit Card,Consumer
ORD-02918,2025-08-14,CUST-0024,Customer 0429,West,Kerala,Surat,Furniture,Chairs,Visitor Chair,8,121123.78,0.02,31014.45,Debit Card,Consumer
ORD-02919,2026-09-07,CUST-1145,Customer 0959,East,Maharashtra,Bhubaneswar,Office Supplies,Writing,Markers,4,402.4,0.05,75.51,Debit Card,Small Business
ORD-02920,2025-12-03,CUST-0558,Customer 1003,North,Maharashtra,Delhi,Technology,Smartphones,Budget Phone,3,181321.93,0.15,23342.09,Net Banking,Corporate
ORD-02921,2025-11-14,CUST-0747,Customer 0798,North,Delhi,Chandigarh,Office Supplies,Writing,Pen Set,2,786.73,0.1,128.69,Cash,Corporate
ORD-02922,2025-09-14,CUST-0044,Customer 0703,West,West Bengal,Pune,Office Supplies,Binders,Ring Binder,1,709.36,0.02,216.12,UPI,Corporate
ORD-02923,2025-11-18,CUST-0880,Customer 0570,North,Maharashtra,Delhi,Office Supplies,Writing,Pen Set,1,222.59,0.15,55.51,Credit Card,Corporate
ORD-02924,2026-11-25,CUST-0870,Customer 1181,South,Kerala,Bengaluru,Office Supplies,Writing,Notebook,3,1577.77,0.08,489.7,Credit Card,Corporate
ORD-02925,2026-07-05,CUST-0680,Customer 0901,East,Uttar Pradesh,Patna,Technology,Laptops,Gaming Laptop,4,254174.11,0.0,21637.32,Net Banking,Corporate
ORD-02926,2025-05-28,CUST-0241,Customer 0341,North,West Bengal,Jaipur,Furniture,Tables,Conference Table,3,67067.92,0.0,14726.83,Cash,Small Business
ORD-02927,2026-06-27,CUST-0599,Customer 0205,East,Delhi,Bhubaneswar,Furniture,Storage,Storage Box,3,25267.8,0.08,3149.63,Cash,Corporate
ORD-02928,2026-03-03,CUST-0417,Customer 0254,East,Uttar Pradesh,Bhubaneswar,Furniture,Storage,Filing Cabinet,5,9133.42,0.02,1845.24,Debit Card,Corporate
ORD-02929,2026-12-29,CUST-0196,Customer 0555,West,Gujarat,Surat,Technology,Smartphones,Android Phone,3,124744.85,0.05,15074.55,Credit Card,Consumer
ORD-02930,2025-05-06,CUST-0105,Customer 0866,North,Gujarat,Chandigarh,Technology,Smartphones,Premium Phone,1,33561.37,0.2,7310.75,Credit Card,Corporate
ORD-02931,2025-12-05,CUST-0626,Customer 0316,West,West Bengal,Pune,Office Supplies,Binders,Presentation Folder,1,623.22,0.1,156.22,UPI,Small Business
ORD-02932,2026-01-19,CUST-0236,Customer 0984,East,Maharashtra,Guwahati,Office Supplies,Writing,Markers,4,1712.84,0.02,563.91,Net Banking,Corporate
ORD-02933,2026-11-15,CUST-0499,Customer 0992,East,Tamil Nadu,Guwahati,Furniture,Storage,Bookshelf,5,32488.83,0.2,7175.24,Credit Card,Small Business
ORD-02934,2026-03-17,CUST-1015,Customer 0942,East,Tamil Nadu,Bhubaneswar,Office Supplies,Writing,Notebook,4,606.9,0.1,97.73,Cash,Corporate
ORD-02935,2025-03-04,CUST-0324,Customer 0718,South,Rajasthan,Kochi,Technology,Accessories,Wireless Mouse,6,13461.9,0.15,1120.07,Credit Card,Consumer
ORD-02936,2026-05-07,CUST-0002,Customer 0897,East,Tamil Nadu,Kolkata,Technology,Laptops,Gaming Laptop,5,442316.69,0.08,60305.29,UPI,Corporate
ORD-02937,2025-10-30,CUST-0366,Customer 0940,West,Telangana,Mumbai,Furniture,Tables,Work Desk,2,43299.3,0.08,12002.66,Cash,Small Business
ORD-02938,2026-02-12,CUST-0278,Customer 0344,North,West Bengal,Chandigarh,Technology,Accessories,USB Hub,3,8493.63,0.15,1232.87,Credit Card,Consumer
ORD-02939,2026-06-07,CUST-0633,Customer 0863,East,Gujarat,Guwahati,Technology,Laptops,Gaming Laptop,10,837235.99,0.1,75919.95,Net Banking,Consumer
ORD-02940,2026-11-01,CUST-0092,Customer 0419,East,Rajasthan,Patna,Technology,Smartphones,Premium Phone,10,638132.56,0.1,67139.22,Cash,Consumer
ORD-02941,2025-03-08,CUST-0487,Customer 0528,West,Karnataka,Mumbai,Furniture,Storage,Storage Box,4,23178.55,0.02,4420.54,Cash,Corporate
ORD-02942,2026-03-22,CUST-0832,Customer 0662,South,Gujarat,Bengaluru,Technology,Laptops,Ultrabook,5,226120.88,0.08,31978.12,Credit Card,Corporate
ORD-02943,2026-08-02,CUST-0569,Customer 0454,South,Delhi,Chennai,Furniture,Chairs,Visitor Chair,1,14059.62,0.2,2729.5,UPI,Small Business
ORD-02944,2026-06-16,CUST-0066,Customer 0682,South,West Bengal,Kochi,Technology,Smartphones,Budget Phone,2,121167.3,0.0,14341.56,UPI,Consumer
ORD-02945,2026-01-01,CUST-0681,Customer 0763,North,Telangana,Jaipur,Furniture,Tables,Side Table,6,129223.08,0.1,24458.43,Net Banking,Consumer
ORD-02946,2025-01-09,CUST-0746,Customer 0321,East,Kerala,Kolkata,Technology,Smartphones,Android Phone,2,160515.69,0.05,38055.76,Debit Card,Consumer
ORD-02947,2026-12-17,CUST-1119,Customer 0889,West,Telangana,Surat,Furniture,Tables,Work Desk,1,6942.53,0.15,1566.25,Debit Card,Small Business
ORD-02948,2026-11-13,CUST-0709,Customer 0129,West,Delhi,Pune,Furniture,Chairs,Ergonomic Chair,1,8043.79,0.15,1236.13,Credit Card,Corporate
ORD-02949,2025-03-10,CUST-0354,Customer 0931,West,Maharashtra,Ahmedabad,Technology,Accessories,Wireless Mouse,3,7116.66,0.1,950.3,Debit Card,Corporate
ORD-02950,2025-10-03,CUST-0854,Customer 0183,East,Rajasthan,Kolkata,Office Supplies,Paper,Recycled Paper,2,2340.05,0.02,403.42,Debit Card,Small Business
ORD-02951,2025-05-25,CUST-0262,Customer 0536,West,West Bengal,Mumbai,Furniture,Chairs,Visitor Chair,2,28629.17,0.05,4714.85,Credit Card,Small Business
ORD-02952,2026-09-23,CUST-1144,Customer 1097,North,Gujarat,Delhi,Technology,Smartphones,Budget Phone,1,53075.81,0.15,8005.77,Credit Card,Small Business
ORD-02953,2025-05-03,CUST-0279,Customer 0823,East,Uttar Pradesh,Bhubaneswar,Furniture,Tables,Side Table,6,110418.35,0.15,27707.64,Credit Card,Corporate
ORD-02954,2026-09-15,CUST-0025,Customer 0676,South,Uttar Pradesh,Bengaluru,Office Supplies,Paper,Recycled Paper,2,1906.37,0.1,593.43,Credit Card,Small Business
ORD-02955,2026-07-21,CUST-0231,Customer 0099,North,Delhi,Chandigarh,Technology,Laptops,Business Laptop,5,314433.25,0.05,75160.57,Net Banking,Small Business
ORD-02956,2025-02-08,CUST-0378,Customer 0217,South,Maharashtra,Hyderabad,Office Supplies,Writing,Notebook,2,945.01,0.2,253.51,Credit Card,Consumer
ORD-02957,2025-10-25,CUST-0881,Customer 0918,West,Rajasthan,Surat,Office Supplies,Binders,Lever Arch Binder,1,99.99,0.15,16.5,Debit Card,Consumer
ORD-02958,2025-06-12,CUST-0106,Customer 0937,North,Gujarat,Jaipur,Office Supplies,Writing,Notebook,3,1274.12,0.2,239.57,Cash,Small Business
ORD-02959,2025-08-18,CUST-0162,Customer 0532,East,Rajasthan,Guwahati,Office Supplies,Paper,A4 Paper,5,3034.83,0.02,455.52,Debit Card,Corporate
ORD-02960,2026-10-09,CUST-0198,Customer 0433,East,Karnataka,Patna,Office Supplies,Paper,Premium Paper,3,1490.89,0.2,497.66,Debit Card,Small Business
ORD-02961,2026-02-12,CUST-0555,Customer 0721,East,Karnataka,Kolkata,Furniture,Chairs,Visitor Chair,4,43879.15,0.05,10393.4,Cash,Corporate
ORD-02962,2026-07-20,CUST-1002,Customer 0790,South,Gujarat,Hyderabad,Technology,Laptops,Business Laptop,1,106355.96,0.02,25410.01,Credit Card,Consumer
ORD-02963,2025-09-15,CUST-0657,Customer 1115,West,Rajasthan,Mumbai,Technology,Accessories,USB Hub,5,8553.34,0.2,1181.1,Credit Card,Small Business
ORD-02964,2026-01-13,CUST-0556,Customer 0572,North,Telangana,Chandigarh,Office Supplies,Paper,Recycled Paper,6,2898.78,0.0,735.18,Net Banking,Small Business
ORD-02965,2025-07-02,CUST-0759,Customer 0850,East,Telangana,Kolkata,Office Supplies,Paper,A4 Paper,2,1217.53,0.08,331.95,Net Banking,Corporate
ORD-02966,2025-09-18,CUST-0252,Customer 1091,South,Maharashtra,Chennai,Technology,Smartphones,Budget Phone,5,134434.14,0.08,18077.76,Cash,Small Business
ORD-02967,2025-05-18,CUST-1053,Customer 0037,East,Tamil Nadu,Guwahati,Office Supplies,Binders,Presentation Folder,5,3784.76,0.0,689.58,Net Banking,Corporate
ORD-02968,2026-01-31,CUST-1171,Customer 0587,North,Gujarat,Delhi,Furniture,Chairs,Visitor Chair,5,37215.04,0.0,5360.21,Net Banking,Consumer
ORD-02969,2025-08-11,CUST-0382,Customer 0489,East,Tamil Nadu,Bhubaneswar,Furniture,Chairs,Visitor Chair,2,14456.23,0.0,1814.5,Cash,Corporate
ORD-02970,2025-09-21,CUST-0964,Customer 0988,West,Telangana,Surat,Office Supplies,Writing,Pen Set,2,1160.73,0.08,396.9,Credit Card,Small Business
ORD-02971,2026-04-25,CUST-1143,Customer 0356,North,Rajasthan,Delhi,Office Supplies,Paper,Premium Paper,2,477.77,0.05,95.26,Credit Card,Consumer
ORD-02972,2025-10-17,CUST-0292,Customer 0273,West,Delhi,Surat,Office Supplies,Binders,Presentation Folder,4,2753.2,0.02,890.1,UPI,Small Business
ORD-02973,2025-07-05,CUST-0934,Customer 0935,South,Gujarat,Chennai,Technology,Smartphones,Android Phone,4,140892.81,0.08,21438.52,Debit Card,Corporate
ORD-02974,2025-04-13,CUST-0578,Customer 1078,East,Gujarat,Kolkata,Technology,Laptops,Ultrabook,3,300217.3,0.05,32985.54,Net Banking,Consumer
ORD-02975,2026-07-10,CUST-1036,Customer 0610,South,Telangana,Kochi,Technology,Accessories,Wireless Mouse,2,4993.54,0.2,826.32,Credit Card,Small Business
ORD-02976,2026-11-11,CUST-1031,Customer 0638,East,West Bengal,Patna,Furniture,Storage,Storage Box,3,28855.5,0.1,4743.42,Net Banking,Consumer
ORD-02977,2025-06-03,CUST-0650,Customer 0636,West,Rajasthan,Pune,Office Supplies,Writing,Pen Set,2,690.64,0.15,191.86,Credit Card,Corporate
ORD-02978,2026-08-07,CUST-1059,Customer 0890,West,Maharashtra,Ahmedabad,Furniture,Storage,Bookshelf,3,24066.78,0.2,3183.67,Net Banking,Small Business
ORD-02979,2026-08-23,CUST-0277,Customer 0133,North,Tamil Nadu,Jaipur,Office Supplies,Binders,Presentation Folder,5,3205.86,0.05,1108.04,Cash,Corporate
ORD-02980,2025-08-07,CUST-1013,Customer 0999,West,Kerala,Pune,Technology,Accessories,Keyboard,1,4342.99,0.1,542.55,Net Banking,Consumer
ORD-02981,2026-09-30,CUST-1011,Customer 0952,West,Kerala,Pune,Office Supplies,Writing,Markers,2,1004.27,0.2,343.45,Credit Card,Small Business
ORD-02982,2025-04-10,CUST-0524,Customer 0365,West,Uttar Pradesh,Pune,Technology,Laptops,Business Laptop,4,345042.19,0.0,71161.19,Net Banking,Small Business
ORD-02983,2025-09-17,CUST-1194,Customer 0088,West,Kerala,Mumbai,Furniture,Chairs,Ergonomic Chair,3,11575.17,0.1,2097.83,Net Banking,Corporate
ORD-02984,2026-05-11,CUST-0376,Customer 0559,North,Telangana,Delhi,Office Supplies,Writing,Pen Set,2,153.84,0.05,38.92,UPI,Corporate
ORD-02985,2025-02-15,CUST-0708,Customer 0236,East,West Bengal,Patna,Furniture,Tables,Side Table,3,51553.8,0.2,10977.32,Credit Card,Small Business
ORD-02986,2025-08-29,CUST-0671,Customer 0476,West,Rajasthan,Pune,Office Supplies,Binders,Ring Binder,1,231.83,0.05,44.31,Net Banking,Corporate
ORD-02987,2025-12-09,CUST-1090,Customer 0988,West,Delhi,Surat,Furniture,Tables,Work Desk,4,36055.26,0.2,5170.85,Credit Card,Consumer
ORD-02988,2026-05-04,CUST-0154,Customer 0374,North,Uttar Pradesh,Delhi,Furniture,Storage,Storage Box,3,26402.53,0.05,3173.1,Credit Card,Corporate
ORD-02989,2026-05-25,CUST-0560,Customer 0972,North,Telangana,Delhi,Furniture,Tables,Conference Table,4,54559.36,0.08,12481.25,Credit Card,Corporate
ORD-02990,2025-02-21,CUST-0447,Customer 0315,North,Delhi,Jaipur,Furniture,Chairs,Ergonomic Chair,3,21241.74,0.2,3485.69,UPI,Corporate
ORD-02991,2025-11-24,CUST-0022,Customer 0972,East,Uttar Pradesh,Bhubaneswar,Furniture,Tables,Side Table,4,59385.01,0.08,12359.9,Credit Card,Small Business
ORD-02992,2026-01-31,CUST-0549,Customer 0851,North,Tamil Nadu,Lucknow,Technology,Accessories,USB Hub,3,3619.17,0.2,556.63,UPI,Small Business
ORD-02993,2025-08-31,CUST-0220,Customer 1174,West,Rajasthan,Mumbai,Furniture,Storage,Storage Box,3,25362.69,0.15,4891.93,UPI,Corporate
ORD-02994,2025-03-07,CUST-0690,Customer 0806,East,Rajasthan,Patna,Office Supplies,Binders,Lever Arch Binder,5,1391.86,0.0,371.09,UPI,Consumer
ORD-02995,2025-03-21,CUST-0797,Customer 0531,North,Karnataka,Lucknow,Technology,Smartphones,Android Phone,1,63903.47,0.0,8779.86,Net Banking,Small Business
ORD-02996,2025-07-20,CUST-0976,Customer 0505,West,Kerala,Mumbai,Furniture,Storage,Filing Cabinet,4,8609.6,0.05,2218.92,Net Banking,Corporate
ORD-02997,2026-04-26,CUST-0126,Customer 0686,South,Delhi,Kochi,Office Supplies,Paper,Recycled Paper,4,2027.89,0.08,482.91,Debit Card,Small Business
ORD-02998,2025-04-09,CUST-0667,Customer 0599,North,Uttar Pradesh,Lucknow,Technology,Laptops,Ultrabook,3,240532.62,0.1,48706.07,UPI,Corporate
ORD-02999,2025-05-12,CUST-0801,Customer 1044,North,Kerala,Delhi,Office Supplies,Paper,Recycled Paper,5,1939.69,0.2,331.64,UPI,Corporate
ORD-03000,2025-03-19,CUST-0737,Customer 1024,East,West Bengal,Patna,Technology,Laptops,Business Laptop,4,203931.3,0.2,33795.31,Credit Card,Small Business
ORD-03001,2025-12-28,CUST-0848,Customer 0175,South,West Bengal,Bengaluru,Office Supplies,Binders,Ring Binder,4,2641.23,0.0,777.81,Net Banking,Small Business
ORD-03002,2026-12-09,CUST-1120,Customer 0662,East,Uttar Pradesh,Guwahati,Office Supplies,Writing,Pen Set,4,669.51,0.05,218.65,Net Banking,Small Business
ORD-03003,2025-07-01,CUST-0457,Customer 0483,North,Delhi,Lucknow,Technology,Laptops,Ultrabook,1,45081.68,0.2,9880.24,UPI,Small Business
ORD-03004,2025-11-04,CUST-0993,Customer 0321,West,Rajasthan,Surat,Technology,Smartphones,Budget Phone,2,139041.74,0.1,25559.62,Cash,Small Business
ORD-03005,2026-06-17,CUST-0503,Customer 0211,East,Karnataka,Patna,Furniture,Tables,Conference Table,2,40290.86,0.08,9798.77,Credit Card,Small Business
ORD-03006,2025-12-26,CUST-0053,Customer 0694,East,Uttar Pradesh,Kolkata,Office Supplies,Writing,Pen Set,3,1820.14,0.08,542.41,Credit Card,Small Business
ORD-03007,2026-03-07,CUST-0997,Customer 1008,North,Gujarat,Chandigarh,Office Supplies,Paper,A4 Paper,6,1357.74,0.1,445.24,Debit Card,Corporate
ORD-03008,2026-01-21,CUST-0398,Customer 0787,West,Gujarat,Mumbai,Office Supplies,Paper,Premium Paper,4,2717.36,0.1,926.5,Net Banking,Corporate
ORD-03009,2025-07-23,CUST-0983,Customer 1183,South,Telangana,Chennai,Technology,Smartphones,Premium Phone,4,163083.12,0.08,38463.27,UPI,Small Business
ORD-03010,2025-10-25,CUST-0424,Customer 1126,West,West Bengal,Pune,Office Supplies,Paper,Recycled Paper,2,2212.11,0.02,428.52,UPI,Corporate
ORD-03011,2026-04-30,CUST-0268,Customer 0854,East,Karnataka,Kolkata,Furniture,Chairs,Office Chair,1,10203.65,0.15,1231.61,Cash,Corporate
ORD-03012,2026-02-24,CUST-0774,Customer 0033,West,Kerala,Pune,Office Supplies,Paper,Premium Paper,3,1621.87,0.08,319.91,Cash,Small Business
ORD-03013,2026-03-23,CUST-0748,Customer 0420,East,Kerala,Kolkata,Office Supplies,Writing,Pen Set,2,598.79,0.15,117.58,Net Banking,Small Business
ORD-03014,2026-04-09,CUST-0239,Customer 0502,East,Tamil Nadu,Patna,Furniture,Storage,Storage Box,4,31750.41,0.15,8794.12,Cash,Small Business
ORD-03015,2026-08-02,CUST-0656,Customer 0371,East,Delhi,Guwahati,Furniture,Storage,Storage Box,1,12933.25,0.08,2118.06,Net Banking,Corporate
ORD-03016,2025-10-08,CUST-1056,Customer 0933,West,West Bengal,Surat,Furniture,Tables,Work Desk,1,15645.41,0.02,2503.37,Debit Card,Corporate
ORD-03017,2026-07-05,CUST-0453,Customer 0260,North,Telangana,Delhi,Office Supplies,Writing,Notebook,2,667.49,0.1,216.33,Cash,Consumer
ORD-03018,2026-01-24,CUST-0660,Customer 1128,North,Delhi,Delhi,Furniture,Storage,Filing Cabinet,2,10951.3,0.0,2177.85,Debit Card,Consumer
ORD-03019,2026-11-05,CUST-0962,Customer 0212,East,Telangana,Kolkata,Office Supplies,Paper,Premium Paper,1,494.75,0.08,86.65,UPI,Small Business
ORD-03020,2026-01-13,CUST-0968,Customer 0643,South,Kerala,Chennai,Technology,Smartphones,Premium Phone,2,46851.87,0.2,5208.05,Cash,Consumer
ORD-03021,2026-07-28,CUST-1002,Customer 0667,West,West Bengal,Pune,Office Supplies,Paper,Recycled Paper,3,2756.19,0.0,703.02,Cash,Small Business
ORD-03022,2026-08-18,CUST-1056,Customer 0507,South,Rajasthan,Kochi,Technology,Smartphones,Premium Phone,3,82996.57,0.08,12690.59,Net Banking,Corporate
ORD-03023,2025-02-26,CUST-0599,Customer 0569,North,Delhi,Lucknow,Office Supplies,Writing,Markers,2,744.82,0.05,257.12,Credit Card,Corporate
ORD-03024,2025-01-18,CUST-0905,Customer 0474,South,Telangana,Kochi,Technology,Accessories,USB Hub,4,19812.58,0.0,3760.49,UPI,Corporate
ORD-03025,2025-11-08,CUST-0161,Customer 0720,East,Rajasthan,Bhubaneswar,Furniture,Storage,Filing Cabinet,2,11677.69,0.0,2100.37,Net Banking,Consumer
ORD-03026,2026-03-29,CUST-0338,Customer 0570,North,Delhi,Lucknow,Furniture,Tables,Work Desk,5,83305.7,0.15,24176.04,Cash,Consumer
ORD-03027,2025-07-25,CUST-1128,Customer 0005,West,Delhi,Mumbai,Office Supplies,Writing,Notebook,3,684.87,0.15,145.94,UPI,Small Business
ORD-03028,2026-01-15,CUST-0069,Customer 0929,West,Karnataka,Ahmedabad,Office Supplies,Writing,Markers,3,403.2,0.2,110.41,Debit Card,Consumer
ORD-03029,2025-11-22,CUST-0795,Customer 1122,South,Maharashtra,Bengaluru,Furniture,Storage,Bookshelf,1,7132.52,0.02,1542.42,Cash,Corporate
ORD-03030,2025-06-09,CUST-0229,Customer 0592,North,Kerala,Jaipur,Furniture,Storage,Bookshelf,3,9939.66,0.2,2188.85,UPI,Corporate
ORD-03031,2026-08-03,CUST-0073,Customer 1084,North,Delhi,Jaipur,Furniture,Chairs,Ergonomic Chair,5,30452.03,0.08,7428.11,Cash,Consumer
ORD-03032,2026-06-13,CUST-0254,Customer 0868,North,West Bengal,Lucknow,Office Supplies,Binders,Presentation Folder,1,669.65,0.2,157.37,UPI,Consumer
ORD-03033,2025-12-25,CUST-1156,Customer 0729,West,West Bengal,Surat,Furniture,Storage,Bookshelf,2,3023.1,0.08,564.87,UPI,Small Business
ORD-03034,2026-05-08,CUST-0268,Customer 0725,East,Karnataka,Guwahati,Technology,Laptops,Gaming Laptop,4,393577.67,0.15,87426.95,Debit Card,Consumer
ORD-03035,2026-10-06,CUST-1108,Customer 0656,South,Delhi,Hyderabad,Office Supplies,Writing,Notebook,4,1741.0,0.1,283.68,Cash,Corporate
ORD-03036,2025-02-17,CUST-1079,Customer 0044,South,Telangana,Chennai,Furniture,Tables,Side Table,2,22630.21,0.08,5278.97,Debit Card,Consumer
ORD-03037,2025-09-08,CUST-0240,Customer 0832,North,Rajasthan,Chandigarh,Technology,Smartphones,Android Phone,4,222759.34,0.2,28619.23,Credit Card,Small Business
ORD-03038,2025-04-02,CUST-0474,Customer 0583,North,Karnataka,Lucknow,Office Supplies,Paper,A4 Paper,2,1060.05,0.08,364.49,Debit Card,Corporate
ORD-03039,2025-05-22,CUST-0267,Customer 0979,East,Karnataka,Kolkata,Technology,Laptops,Gaming Laptop,2,119303.68,0.15,20114.23,Net Banking,Small Business
ORD-03040,2026-12-14,CUST-1037,Customer 0084,North,Maharashtra,Lucknow,Furniture,Storage,Bookshelf,2,16546.8,0.15,3022.95,Net Banking,Consumer
ORD-03041,2025-04-10,CUST-0993,Customer 0079,South,Uttar Pradesh,Kochi,Furniture,Tables,Work Desk,2,50864.32,0.05,13164.64,UPI,Consumer
ORD-03042,2026-09-20,CUST-0834,Customer 0823,East,Maharashtra,Kolkata,Furniture,Storage,Storage Box,2,6078.67,0.15,1683.51,Cash,Consumer
ORD-03043,2026-12-20,CUST-1127,Customer 1114,North,Rajasthan,Delhi,Furniture,Tables,Work Desk,8,142505.59,0.1,17566.96,Net Banking,Small Business
ORD-03044,2026-08-02,CUST-1187,Customer 1029,South,West Bengal,Hyderabad,Technology,Smartphones,Android Phone,2,105709.41,0.15,15856.92,UPI,Consumer
ORD-03045,2025-04-16,CUST-0457,Customer 0037,West,Maharashtra,Mumbai,Office Supplies,Writing,Pen Set,8,4537.98,0.1,1507.54,Cash,Corporate
ORD-03046,2025-09-25,CUST-0838,Customer 0789,West,Telangana,Mumbai,Office Supplies,Paper,Recycled Paper,1,313.84,0.08,62.92,Debit Card,Corporate
ORD-03047,2026-04-09,CUST-0809,Customer 0353,South,Telangana,Bengaluru,Technology,Smartphones,Android Phone,1,39361.62,0.08,6886.73,Cash,Corporate
ORD-03048,2026-09-24,CUST-0925,Customer 0246,West,West Bengal,Ahmedabad,Furniture,Tables,Conference Table,1,5335.31,0.1,1262.13,UPI,Small Business
ORD-03049,2025-03-26,CUST-0543,Customer 0518,South,West Bengal,Bengaluru,Furniture,Tables,Work Desk,1,26904.87,0.05,4063.93,Credit Card,Corporate
ORD-03050,2026-11-30,CUST-1025,Customer 0294,East,Kerala,Kolkata,Furniture,Tables,Work Desk,2,27074.01,0.05,7968.92,Net Banking,Small Business
ORD-03051,2026-04-20,CUST-1143,Customer 0092,East,Gujarat,Guwahati,Furniture,Chairs,Visitor Chair,3,39292.52,0.0,10622.35,Cash,Small Business
ORD-03052,2026-09-01,CUST-0804,Customer 0667,West,Telangana,Surat,Technology,Laptops,Ultrabook,3,174051.83,0.02,26295.58,Debit Card,Consumer
ORD-03053,2025-10-04,CUST-0007,Customer 0349,West,Rajasthan,Surat,Technology,Accessories,Keyboard,4,6710.54,0.05,1005.57,Credit Card,Consumer
ORD-03054,2026-03-17,CUST-0313,Customer 0181,East,Maharashtra,Bhubaneswar,Furniture,Chairs,Ergonomic Chair,2,14936.99,0.1,2323.33,Cash,Corporate
ORD-03055,2026-10-06,CUST-0742,Customer 0290,North,West Bengal,Chandigarh,Furniture,Chairs,Office Chair,2,22803.8,0.02,6310.54,Debit Card,Consumer
ORD-03056,2025-06-26,CUST-0028,Customer 0899,East,Telangana,Patna,Office Supplies,Writing,Notebook,6,603.28,0.15,196.28,Net Banking,Consumer
ORD-03057,2026-05-16,CUST-1085,Customer 0216,South,Maharashtra,Kochi,Technology,Laptops,Gaming Laptop,4,161317.87,0.15,28864.37,UPI,Corporate
ORD-03058,2026-03-16,CUST-0900,Customer 0597,West,Rajasthan,Pune,Furniture,Chairs,Office Chair,2,9788.37,0.08,1962.45,Cash,Corporate
ORD-03059,2025-06-04,CUST-1178,Customer 0593,North,Gujarat,Chandigarh,Furniture,Storage,Bookshelf,3,28392.59,0.05,6389.54,Cash,Small Business
ORD-03060,2026-02-17,CUST-0838,Customer 1034,South,Gujarat,Bengaluru,Technology,Smartphones,Premium Phone,6,219325.14,0.02,52223.59,Cash,Consumer
ORD-03061,2025-02-02,CUST-0392,Customer 0155,East,Rajasthan,Bhubaneswar,Furniture,Storage,Bookshelf,4,53178.34,0.02,13687.37,Credit Card,Small Business
ORD-03062,2026-07-22,CUST-1094,Customer 0454,South,Maharashtra,Bengaluru,Furniture,Tables,Side Table,2,10740.69,0.0,3058.14,UPI,Consumer
ORD-03063,2025-09-13,CUST-0868,Customer 0277,East,Uttar Pradesh,Kolkata,Office Supplies,Paper,A4 Paper,2,1004.98,0.2,153.02,Credit Card,Consumer
ORD-03064,2026-07-31,CUST-0992,Customer 1115,South,Tamil Nadu,Hyderabad,Technology,Laptops,Business Laptop,4,243170.91,0.15,54240.5,Debit Card,Corporate
ORD-03065,2025-01-13,CUST-1025,Customer 0861,South,Telangana,Hyderabad,Technology,Smartphones,Budget Phone,1,65000.87,0.08,13259.14,UPI,Small Business
ORD-03066,2025-05-27,CUST-0637,Customer 1013,West,Uttar Pradesh,Ahmedabad,Technology,Smartphones,Premium Phone,1,12550.05,0.15,1354.58,Cash,Consumer
ORD-03067,2025-04-12,CUST-0502,Customer 0691,South,Karnataka,Hyderabad,Technology,Accessories,USB Hub,1,4571.56,0.08,1069.14,Net Banking,Consumer
ORD-03068,2026-08-19,CUST-1017,Customer 0037,North,Rajasthan,Delhi,Office Supplies,Binders,Ring Binder,5,647.64,0.2,176.62,UPI,Small Business
ORD-03069,2026-03-05,CUST-0767,Customer 0102,North,Uttar Pradesh,Delhi,Office Supplies,Writing,Markers,1,440.12,0.08,112.76,UPI,Corporate
ORD-03070,2025-07-20,CUST-0111,Customer 1077,North,West Bengal,Lucknow,Office Supplies,Writing,Pen Set,1,147.49,0.02,36.02,Credit Card,Corporate
ORD-03071,2025-12-16,CUST-0802,Customer 0363,South,Rajasthan,Bengaluru,Technology,Accessories,Wireless Mouse,8,25699.79,0.0,5811.9,Credit Card,Corporate
ORD-03072,2026-06-20,CUST-1095,Customer 1085,North,Kerala,Jaipur,Office Supplies,Binders,Lever Arch Binder,5,1395.42,0.15,334.59,UPI,Consumer
ORD-03073,2025-08-01,CUST-0355,Customer 0277,South,Kerala,Chennai,Furniture,Chairs,Visitor Chair,2,9325.8,0.02,1375.38,Net Banking,Small Business
ORD-03074,2026-12-02,CUST-0606,Customer 1003,South,Delhi,Hyderabad,Furniture,Chairs,Office Chair,4,25332.47,0.15,4174.48,Debit Card,Consumer
ORD-03075,2026-10-07,CUST-1176,Customer 0356,North,Gujarat,Lucknow,Furniture,Tables,Side Table,3,35119.91,0.0,7220.63,Net Banking,Consumer
ORD-03076,2026-10-26,CUST-0035,Customer 0574,West,Delhi,Surat,Office Supplies,Writing,Pen Set,2,639.86,0.15,179.11,Cash,Consumer
ORD-03077,2025-02-25,CUST-0386,Customer 0237,West,West Bengal,Ahmedabad,Technology,Laptops,Ultrabook,3,247455.34,0.0,44228.09,UPI,Consumer
ORD-03078,2026-01-19,CUST-0862,Customer 1190,North,Rajasthan,Jaipur,Furniture,Storage,Storage Box,2,15688.89,0.02,2550.48,Debit Card,Consumer
ORD-03079,2025-08-02,CUST-0670,Customer 0381,North,Karnataka,Delhi,Technology,Smartphones,Premium Phone,6,72739.16,0.15,8145.58,Net Banking,Consumer
ORD-03080,2026-01-31,CUST-0817,Customer 0465,South,Maharashtra,Kochi,Technology,Accessories,USB Hub,10,12170.33,0.15,1511.71,Credit Card,Corporate
ORD-03081,2026-04-05,CUST-0248,Customer 1193,North,Gujarat,Chandigarh,Technology,Accessories,Wireless Mouse,1,1247.85,0.08,116.94,Debit Card,Corporate
ORD-03082,2026-09-05,CUST-0024,Customer 0012,East,Delhi,Kolkata,Furniture,Chairs,Visitor Chair,3,38964.5,0.0,8561.84,Net Banking,Corporate
ORD-03083,2025-09-02,CUST-0741,Customer 0373,South,Gujarat,Hyderabad,Technology,Smartphones,Android Phone,2,71080.15,0.08,14782.11,Credit Card,Consumer
ORD-03084,2026-03-01,CUST-0669,Customer 0868,North,Karnataka,Jaipur,Office Supplies,Paper,Recycled Paper,2,1988.43,0.0,319.87,UPI,Corporate
ORD-03085,2026-01-12,CUST-0965,Customer 0176,South,West Bengal,Chennai,Furniture,Tables,Conference Table,1,15290.12,0.05,3431.04,Debit Card,Consumer
ORD-03086,2026-11-25,CUST-0713,Customer 0335,South,Rajasthan,Chennai,Office Supplies,Binders,Presentation Folder,3,1438.17,0.2,357.59,Credit Card,Corporate
ORD-03087,2025-04-27,CUST-0192,Customer 0137,West,Gujarat,Mumbai,Furniture,Storage,Storage Box,1,13066.13,0.0,2314.07,UPI,Small Business
ORD-03088,2026-03-03,CUST-0901,Customer 0445,East,Tamil Nadu,Kolkata,Technology,Smartphones,Budget Phone,2,134587.51,0.05,29864.13,UPI,Corporate
ORD-03089,2026-09-04,CUST-0658,Customer 0636,North,Delhi,Lucknow,Office Supplies,Binders,Ring Binder,6,2849.33,0.15,660.97,Credit Card,Small Business
ORD-03090,2025-04-03,CUST-1010,Customer 0826,East,Tamil Nadu,Patna,Office Supplies,Paper,A4 Paper,6,2506.44,0.15,867.47,Net Banking,Consumer
ORD-03091,2025-08-15,CUST-0186,Customer 1070,West,Tamil Nadu,Mumbai,Technology,Accessories,Wireless Mouse,4,3717.16,0.08,424.18,Net Banking,Consumer
ORD-03092,2025-02-01,CUST-0131,Customer 1167,North,Tamil Nadu,Jaipur,Furniture,Tables,Side Table,8,106845.24,0.08,17812.71,Debit Card,Corporate
ORD-03093,2025-10-25,CUST-0154,Customer 0252,South,Rajasthan,Kochi,Office Supplies,Paper,Recycled Paper,2,1759.4,0.2,601.46,Debit Card,Consumer
ORD-03094,2026-04-30,CUST-0650,Customer 0598,East,Rajasthan,Bhubaneswar,Furniture,Storage,Storage Box,1,14814.17,0.0,2453.61,Net Banking,Consumer
ORD-03095,2025-03-17,CUST-0163,Customer 0866,East,Uttar Pradesh,Bhubaneswar,Technology,Laptops,Business Laptop,6,531904.39,0.05,53300.73,Debit Card,Corporate
ORD-03096,2025-10-13,CUST-0866,Customer 0801,North,Delhi,Jaipur,Office Supplies,Writing,Markers,4,506.28,0.1,91.01,UPI,Consumer
ORD-03097,2025-10-04,CUST-1189,Customer 0645,West,Karnataka,Ahmedabad,Furniture,Tables,Conference Table,6,58248.73,0.0,16914.33,Net Banking,Consumer
ORD-03098,2025-08-18,CUST-0596,Customer 0871,East,Maharashtra,Guwahati,Technology,Laptops,Ultrabook,3,283365.78,0.15,27394.71,Credit Card,Small Business
ORD-03099,2026-12-02,CUST-0658,Customer 0928,North,Rajasthan,Lucknow,Office Supplies,Writing,Notebook,3,298.68,0.08,79.25,Credit Card,Consumer
ORD-03100,2026-05-16,CUST-0628,Customer 1021,South,Maharashtra,Bengaluru,Furniture,Chairs,Visitor Chair,4,49799.75,0.05,11701.48,UPI,Corporate
ORD-03101,2025-04-07,CUST-0874,Customer 1029,South,Delhi,Hyderabad,Office Supplies,Writing,Notebook,2,667.18,0.1,163.83,UPI,Corporate
ORD-03102,2026-08-01,CUST-0439,Customer 0971,South,Karnataka,Bengaluru,Office Supplies,Writing,Markers,2,1090.89,0.05,378.21,Credit Card,Small Business
ORD-03103,2026-09-28,CUST-0735,Customer 0347,North,Kerala,Chandigarh,Office Supplies,Binders,Presentation Folder,2,948.33,0.15,145.63,Credit Card,Corporate
ORD-03104,2026-04-03,CUST-0314,Customer 0800,East,Rajasthan,Kolkata,Office Supplies,Binders,Lever Arch Binder,1,837.36,0.0,214.47,Cash,Consumer
ORD-03105,2026-10-13,CUST-0195,Customer 0186,West,Kerala,Pune,Office Supplies,Writing,Notebook,1,473.77,0.0,111.43,Debit Card,Corporate
ORD-03106,2026-06-30,CUST-0111,Customer 0807,North,Uttar Pradesh,Lucknow,Technology,Accessories,Keyboard,6,15161.03,0.1,1275.78,UPI,Consumer
ORD-03107,2025-06-02,CUST-0329,Customer 0430,North,Maharashtra,Jaipur,Office Supplies,Paper,Premium Paper,2,2233.86,0.02,727.43,Credit Card,Consumer
ORD-03108,2026-06-16,CUST-0705,Customer 0879,East,Tamil Nadu,Patna,Furniture,Tables,Work Desk,5,58035.48,0.15,15668.5,Net Banking,Consumer
ORD-03109,2025-07-13,CUST-0295,Customer 0413,West,Delhi,Mumbai,Furniture,Chairs,Office Chair,1,6110.67,0.15,1512.46,Net Banking,Consumer
ORD-03110,2025-07-09,CUST-0072,Customer 0900,West,Kerala,Ahmedabad,Technology,Laptops,Ultrabook,4,448767.38,0.0,79643.75,UPI,Corporate
ORD-03111,2025-12-17,CUST-0104,Customer 0675,East,Kerala,Kolkata,Furniture,Storage,Storage Box,3,19912.01,0.1,3419.85,UPI,Small Business
ORD-03112,2026-05-19,CUST-1013,Customer 0459,East,Rajasthan,Bhubaneswar,Office Supplies,Paper,Recycled Paper,4,2026.16,0.15,581.05,Debit Card,Small Business
ORD-03113,2025-04-12,CUST-0865,Customer 0147,South,Telangana,Kochi,Technology,Smartphones,Budget Phone,1,33679.09,0.1,6583.1,Cash,Consumer
ORD-03114,2025-02-21,CUST-0219,Customer 0061,North,West Bengal,Jaipur,Furniture,Chairs,Office Chair,4,50550.64,0.02,12031.48,Debit Card,Consumer
ORD-03115,2025-10-23,CUST-0213,Customer 0350,East,Maharashtra,Kolkata,Technology,Smartphones,Premium Phone,2,149629.06,0.1,31895.78,UPI,Small Business
ORD-03116,2026-12-22,CUST-0972,Customer 0122,South,Kerala,Chennai,Technology,Laptops,Business Laptop,5,390729.12,0.1,78308.93,Debit Card,Consumer
ORD-03117,2025-07-30,CUST-0983,Customer 0348,North,Tamil Nadu,Jaipur,Furniture,Chairs,Visitor Chair,3,48642.72,0.08,14231.99,UPI,Consumer
ORD-03118,2026-04-03,CUST-0139,Customer 0763,West,Tamil Nadu,Pune,Technology,Smartphones,Budget Phone,1,12758.55,0.2,2237.46,Cash,Consumer
ORD-03119,2025-09-10,CUST-1107,Customer 0007,North,Maharashtra,Lucknow,Office Supplies,Binders,Lever Arch Binder,3,1611.59,0.2,490.76,Net Banking,Small Business
ORD-03120,2026-11-19,CUST-0513,Customer 1178,East,Gujarat,Patna,Office Supplies,Paper,Recycled Paper,1,359.79,0.02,86.02,Net Banking,Consumer
ORD-03121,2025-08-27,CUST-0730,Customer 0660,East,Uttar Pradesh,Guwahati,Furniture,Tables,Work Desk,3,47971.59,0.0,5890.56,Cash,Consumer
ORD-03122,2025-07-03,CUST-1157,Customer 0476,South,Uttar Pradesh,Hyderabad,Office Supplies,Writing,Pen Set,5,2468.12,0.0,699.84,Debit Card,Consumer
ORD-03123,2025-12-29,CUST-0449,Customer 0952,South,Tamil Nadu,Hyderabad,Furniture,Tables,Side Table,4,111652.21,0.05,23757.37,Debit Card,Corporate
ORD-03124,2026-03-03,CUST-1011,Customer 0125,East,Rajasthan,Kolkata,Furniture,Chairs,Office Chair,2,28305.15,0.0,5339.44,UPI,Consumer
ORD-03125,2026-08-28,CUST-0681,Customer 0691,North,Maharashtra,Delhi,Office Supplies,Paper,Recycled Paper,1,659.21,0.0,229.3,Credit Card,Small Business
ORD-03126,2026-05-20,CUST-0159,Customer 0956,South,Karnataka,Kochi,Technology,Accessories,Wireless Mouse,2,8569.21,0.0,1001.39,UPI,Corporate
ORD-03127,2026-01-15,CUST-1060,Customer 0266,South,Karnataka,Bengaluru,Furniture,Chairs,Visitor Chair,6,70263.89,0.0,12058.92,Net Banking,Consumer
ORD-03128,2025-10-04,CUST-0980,Customer 0500,North,Telangana,Lucknow,Technology,Smartphones,Premium Phone,2,157862.49,0.05,23530.33,Debit Card,Corporate
ORD-03129,2026-01-29,CUST-0904,Customer 0246,North,Telangana,Lucknow,Furniture,Chairs,Visitor Chair,1,10972.27,0.15,3076.62,Credit Card,Corporate
ORD-03130,2025-08-28,CUST-0643,Customer 0658,South,Karnataka,Bengaluru,Office Supplies,Binders,Lever Arch Binder,4,1940.35,0.1,299.86,Cash,Consumer
ORD-03131,2026-07-06,CUST-0163,Customer 0916,West,Gujarat,Ahmedabad,Furniture,Tables,Conference Table,4,44764.57,0.15,10988.09,Debit Card,Consumer
ORD-03132,2026-11-13,CUST-0668,Customer 0860,North,West Bengal,Chandigarh,Furniture,Chairs,Visitor Chair,1,8002.27,0.05,2290.12,Debit Card,Consumer
ORD-03133,2026-11-27,CUST-0498,Customer 0073,South,Karnataka,Bengaluru,Technology,Accessories,Keyboard,5,15331.27,0.1,3032.7,Credit Card,Consumer
ORD-03134,2025-01-20,CUST-1170,Customer 0148,East,Gujarat,Kolkata,Furniture,Chairs,Ergonomic Chair,3,38821.89,0.08,9061.58,Debit Card,Corporate
ORD-03135,2025-10-27,CUST-0845,Customer 0522,East,Delhi,Guwahati,Office Supplies,Binders,Ring Binder,1,836.97,0.05,131.81,Debit Card,Small Business
ORD-03136,2026-01-05,CUST-0833,Customer 0039,West,Gujarat,Surat,Office Supplies,Paper,Premium Paper,3,2608.77,0.08,574.45,Cash,Small Business
ORD-03137,2026-06-28,CUST-0081,Customer 0964,South,Kerala,Hyderabad,Furniture,Tables,Work Desk,2,25812.79,0.0,7586.74,Debit Card,Small Business
ORD-03138,2025-07-01,CUST-0764,Customer 0123,North,Uttar Pradesh,Delhi,Office Supplies,Paper,A4 Paper,1,707.37,0.2,160.44,Credit Card,Corporate
ORD-03139,2025-03-14,CUST-1019,Customer 0526,East,Tamil Nadu,Kolkata,Furniture,Chairs,Office Chair,1,6458.38,0.2,1749.4,Net Banking,Small Business
ORD-03140,2025-04-14,CUST-0082,Customer 0469,East,Telangana,Patna,Furniture,Storage,Storage Box,1,5137.53,0.2,1386.97,UPI,Consumer
ORD-03141,2025-09-18,CUST-0600,Customer 0570,West,Rajasthan,Surat,Furniture,Chairs,Office Chair,8,67466.58,0.0,13115.04,Cash,Corporate
ORD-03142,2026-11-12,CUST-1111,Customer 0467,East,Telangana,Guwahati,Office Supplies,Writing,Notebook,1,543.65,0.15,115.07,Cash,Consumer
ORD-03143,2026-05-20,CUST-0322,Customer 1185,North,West Bengal,Jaipur,Furniture,Storage,Filing Cabinet,4,16340.36,0.15,2781.59,Debit Card,Small Business
ORD-03144,2025-11-13,CUST-0788,Customer 0696,North,Uttar Pradesh,Chandigarh,Furniture,Storage,Storage Box,1,14894.35,0.0,3327.37,Debit Card,Corporate
ORD-03145,2025-01-19,CUST-0977,Customer 0500,South,West Bengal,Chennai,Office Supplies,Writing,Markers,5,1923.38,0.1,478.66,Net Banking,Small Business
ORD-03146,2025-10-08,CUST-0304,Customer 0719,West,Tamil Nadu,Surat,Furniture,Storage,Bookshelf,3,41859.8,0.0,7446.57,Cash,Consumer
ORD-03147,2026-03-19,CUST-0871,Customer 0820,West,Karnataka,Mumbai,Furniture,Chairs,Visitor Chair,2,21297.53,0.08,5648.35,Cash,Consumer
ORD-03148,2026-09-18,CUST-0432,Customer 0232,North,West Bengal,Jaipur,Furniture,Chairs,Ergonomic Chair,1,14021.15,0.1,3342.75,Net Banking,Small Business
ORD-03149,2026-10-06,CUST-0768,Customer 0894,West,Maharashtra,Mumbai,Office Supplies,Binders,Lever Arch Binder,2,1262.92,0.1,218.93,Cash,Small Business
ORD-03150,2025-04-24,CUST-0557,Customer 0070,West,Delhi,Surat,Technology,Accessories,Keyboard,5,20013.43,0.08,4694.26,Net Banking,Corporate
ORD-03151,2025-10-16,CUST-0074,Customer 1103,North,Delhi,Jaipur,Furniture,Storage,Filing Cabinet,2,20445.84,0.05,3395.82,Net Banking,Corporate
ORD-03152,2026-07-17,CUST-0552,Customer 0732,South,Delhi,Hyderabad,Furniture,Storage,Filing Cabinet,8,59801.06,0.05,17227.65,Debit Card,Small Business
ORD-03153,2025-01-04,CUST-0684,Customer 0055,West,Kerala,Surat,Office Supplies,Binders,Ring Binder,2,557.88,0.05,192.08,Debit Card,Consumer
ORD-03154,2025-05-27,CUST-0973,Customer 0797,North,Kerala,Lucknow,Technology,Smartphones,Budget Phone,3,118118.27,0.15,22594.06,Debit Card,Small Business
ORD-03155,2026-10-23,CUST-0874,Customer 0826,West,Karnataka,Mumbai,Office Supplies,Writing,Notebook,5,2777.62,0.2,504.19,UPI,Corporate
ORD-03156,2026-10-19,CUST-0585,Customer 0403,West,Delhi,Mumbai,Office Supplies,Paper,Premium Paper,5,3151.24,0.05,813.62,Credit Card,Consumer
ORD-03157,2026-06-23,CUST-0525,Customer 0286,West,Gujarat,Surat,Technology,Smartphones,Premium Phone,3,68033.27,0.2,10526.48,Net Banking,Consumer
ORD-03158,2025-12-08,CUST-0045,Customer 0965,West,Telangana,Ahmedabad,Office Supplies,Paper,Recycled Paper,1,302.69,0.15,71.33,Debit Card,Small Business
ORD-03159,2025-03-05,CUST-0984,Customer 1044,South,Telangana,Hyderabad,Technology,Laptops,Gaming Laptop,2,162869.13,0.1,25444.9,UPI,Consumer
ORD-03160,2026-08-17,CUST-0038,Customer 0290,West,Maharashtra,Mumbai,Technology,Accessories,Wireless Mouse,4,4709.15,0.15,608.7,Net Banking,Corporate
ORD-03161,2026-07-20,CUST-0008,Customer 0185,South,Rajasthan,Chennai,Furniture,Storage,Storage Box,5,15562.19,0.1,2655.74,Cash,Small Business
ORD-03162,2025-02-10,CUST-0507,Customer 0140,East,Tamil Nadu,Kolkata,Technology,Accessories,USB Hub,5,5913.07,0.08,1325.58,Cash,Consumer
ORD-03163,2025-01-29,CUST-0387,Customer 0473,West,Kerala,Mumbai,Furniture,Tables,Conference Table,1,19753.09,0.0,4694.01,Credit Card,Corporate
ORD-03164,2025-10-25,CUST-0387,Customer 1143,West,Maharashtra,Surat,Office Supplies,Binders,Presentation Folder,1,507.36,0.1,172.24,Net Banking,Corporate
ORD-03165,2026-10-05,CUST-1127,Customer 0665,East,Karnataka,Bhubaneswar,Office Supplies,Writing,Markers,3,879.45,0.08,174.36,UPI,Consumer
ORD-03166,2025-03-18,CUST-0822,Customer 0325,South,Delhi,Kochi,Furniture,Chairs,Visitor Chair,10,134040.15,0.1,21015.18,Credit Card,Corporate
ORD-03167,2026-10-11,CUST-0626,Customer 1047,East,Maharashtra,Bhubaneswar,Technology,Smartphones,Premium Phone,1,45655.53,0.2,9802.43,Net Banking,Consumer
ORD-03168,2025-10-02,CUST-0163,Customer 0352,West,Uttar Pradesh,Surat,Office Supplies,Binders,Presentation Folder,4,2747.34,0.15,701.4,Net Banking,Corporate
ORD-03169,2025-10-29,CUST-0037,Customer 0908,South,Rajasthan,Kochi,Furniture,Tables,Conference Table,2,44480.37,0.1,6005.9,UPI,Small Business
ORD-03170,2026-11-13,CUST-1053,Customer 0103,West,Telangana,Surat,Furniture,Chairs,Visitor Chair,4,26589.76,0.08,4245.65,Credit Card,Corporate
ORD-03171,2025-10-14,CUST-0511,Customer 0509,North,West Bengal,Chandigarh,Technology,Accessories,Wireless Mouse,1,2570.87,0.0,261.06,Credit Card,Consumer
ORD-03172,2025-01-31,CUST-0162,Customer 1193,West,Maharashtra,Ahmedabad,Furniture,Storage,Filing Cabinet,2,8120.76,0.2,1497.21,Debit Card,Consumer
ORD-03173,2025-08-19,CUST-0188,Customer 0449,North,West Bengal,Delhi,Technology,Laptops,Ultrabook,2,127415.34,0.08,19222.8,Credit Card,Small Business
ORD-03174,2025-01-29,CUST-1024,Customer 0478,North,Karnataka,Delhi,Office Supplies,Writing,Markers,1,230.59,0.08,51.17,UPI,Consumer
ORD-03175,2025-03-27,CUST-0012,Customer 0201,West,Gujarat,Pune,Furniture,Chairs,Office Chair,3,39543.54,0.15,9435.63,Cash,Consumer
ORD-03176,2026-11-25,CUST-0535,Customer 0032,West,Karnataka,Pune,Technology,Accessories,USB Hub,6,25506.15,0.02,5914.56,Net Banking,Consumer
ORD-03177,2026-10-28,CUST-0642,Customer 0175,South,Gujarat,Kochi,Furniture,Tables,Side Table,6,119034.23,0.0,17949.5,UPI,Corporate
ORD-03178,2025-02-03,CUST-0621,Customer 0695,North,Karnataka,Chandigarh,Furniture,Chairs,Office Chair,4,61803.02,0.0,18473.07,Credit Card,Corporate
ORD-03179,2025-03-01,CUST-0310,Customer 0987,South,Rajasthan,Bengaluru,Office Supplies,Paper,Recycled Paper,3,2751.7,0.2,757.89,Cash,Consumer
ORD-03180,2025-12-07,CUST-0771,Customer 0307,East,Delhi,Patna,Furniture,Storage,Bookshelf,5,32489.76,0.05,9236.78,Net Banking,Corporate
ORD-03181,2025-09-27,CUST-1025,Customer 0850,North,Tamil Nadu,Chandigarh,Technology,Laptops,Gaming Laptop,2,150106.7,0.0,21298.1,Net Banking,Corporate
ORD-03182,2026-07-30,CUST-1143,Customer 0199,East,Rajasthan,Kolkata,Office Supplies,Writing,Pen Set,3,933.98,0.2,161.73,Credit Card,Corporate
ORD-03183,2025-06-24,CUST-0823,Customer 1008,North,Uttar Pradesh,Delhi,Office Supplies,Binders,Presentation Folder,2,1340.51,0.08,212.35,Net Banking,Corporate
ORD-03184,2026-10-02,CUST-0534,Customer 0297,North,Rajasthan,Chandigarh,Furniture,Storage,Bookshelf,2,4331.47,0.05,1101.87,Net Banking,Small Business
ORD-03185,2026-06-09,CUST-0851,Customer 0363,North,Rajasthan,Delhi,Office Supplies,Binders,Ring Binder,5,744.01,0.02,176.81,Cash,Corporate
ORD-03186,2025-10-29,CUST-0307,Customer 0012,West,West Bengal,Mumbai,Furniture,Chairs,Ergonomic Chair,4,13401.19,0.15,2826.09,Net Banking,Small Business
ORD-03187,2026-01-04,CUST-1182,Customer 0968,North,Telangana,Lucknow,Office Supplies,Paper,A4 Paper,1,624.83,0.05,121.21,UPI,Small Business
ORD-03188,2025-03-27,CUST-0661,Customer 0078,West,Karnataka,Surat,Furniture,Storage,Filing Cabinet,2,21128.77,0.0,5827.28,Net Banking,Corporate
ORD-03189,2025-01-07,CUST-0012,Customer 0920,North,West Bengal,Delhi,Office Supplies,Binders,Lever Arch Binder,1,600.29,0.15,154.5,Cash,Corporate
ORD-03190,2026-05-09,CUST-0094,Customer 0888,South,Rajasthan,Hyderabad,Furniture,Tables,Conference Table,3,43939.26,0.08,12556.78,Net Banking,Consumer
ORD-03191,2026-10-13,CUST-0310,Customer 0227,North,Delhi,Jaipur,Technology,Accessories,Wireless Mouse,5,8774.52,0.05,990.19,UPI,Corporate
ORD-03192,2025-10-15,CUST-0112,Customer 1073,South,Kerala,Hyderabad,Office Supplies,Binders,Presentation Folder,2,444.22,0.2,107.84,Credit Card,Consumer
ORD-03193,2026-02-05,CUST-1093,Customer 1105,North,Karnataka,Chandigarh,Office Supplies,Writing,Markers,4,1975.55,0.15,643.34,Credit Card,Consumer
ORD-03194,2026-07-27,CUST-1106,Customer 0079,South,Telangana,Hyderabad,Furniture,Chairs,Office Chair,2,18668.98,0.15,2289.2,Debit Card,Corporate
ORD-03195,2026-04-14,CUST-0128,Customer 0464,North,Delhi,Delhi,Furniture,Storage,Filing Cabinet,4,40655.05,0.08,10134.84,Debit Card,Small Business
ORD-03196,2026-02-28,CUST-0311,Customer 1173,East,Rajasthan,Kolkata,Furniture,Chairs,Ergonomic Chair,2,19143.35,0.0,3798.17,Debit Card,Small Business
ORD-03197,2026-05-15,CUST-0386,Customer 0296,West,Karnataka,Pune,Furniture,Chairs,Office Chair,2,23533.16,0.2,4415.5,Cash,Consumer
ORD-03198,2025-10-02,CUST-0038,Customer 0900,South,Uttar Pradesh,Hyderabad,Furniture,Tables,Work Desk,10,251268.06,0.0,47665.01,Net Banking,Consumer
ORD-03199,2025-02-22,CUST-0010,Customer 0896,West,Rajasthan,Mumbai,Office Supplies,Paper,Recycled Paper,6,5252.83,0.2,846.68,Debit Card,Small Business
ORD-03200,2025-03-05,CUST-0462,Customer 0642,East,Rajasthan,Guwahati,Technology,Accessories,USB Hub,1,1541.47,0.0,191.55,Credit Card,Small Business
ORD-03201,2025-01-06,CUST-0583,Customer 0579,West,West Bengal,Mumbai,Furniture,Tables,Side Table,4,97722.67,0.08,18287.17,Cash,Consumer
ORD-03202,2025-06-13,CUST-0933,Customer 0872,East,Gujarat,Bhubaneswar,Technology,Smartphones,Premium Phone,3,35308.45,0.1,6084.07,Debit Card,Consumer
ORD-03203,2026-10-01,CUST-1118,Customer 0672,South,West Bengal,Bengaluru,Office Supplies,Paper,Premium Paper,5,4500.3,0.2,781.49,Debit Card,Corporate
ORD-03204,2025-06-13,CUST-1046,Customer 0338,West,Uttar Pradesh,Pune,Office Supplies,Writing,Pen Set,1,395.2,0.05,61.21,Debit Card,Consumer
ORD-03205,2026-01-05,CUST-0150,Customer 0655,West,Delhi,Pune,Furniture,Tables,Work Desk,2,18805.43,0.02,5513.19,Credit Card,Consumer
ORD-03206,2026-11-20,CUST-0708,Customer 0028,South,Delhi,Hyderabad,Technology,Smartphones,Premium Phone,5,80483.9,0.1,13008.06,Credit Card,Consumer
ORD-03207,2025-01-23,CUST-0007,Customer 1009,North,Gujarat,Chandigarh,Technology,Accessories,Wireless Mouse,1,2009.11,0.05,193.46,Credit Card,Corporate
ORD-03208,2025-06-07,CUST-0969,Customer 0834,East,Kerala,Kolkata,Furniture,Tables,Side Table,5,98454.15,0.02,26031.21,UPI,Corporate
ORD-03209,2026-11-22,CUST-0758,Customer 0365,East,Maharashtra,Patna,Technology,Accessories,Keyboard,1,3841.33,0.1,882.38,Cash,Consumer
ORD-03210,2025-05-07,CUST-0417,Customer 0978,West,Maharashtra,Mumbai,Furniture,Tables,Work Desk,1,15286.69,0.0,2243.6,Cash,Corporate
ORD-03211,2026-02-03,CUST-1185,Customer 0589,North,Maharashtra,Jaipur,Office Supplies,Binders,Presentation Folder,1,872.96,0.02,286.96,Net Banking,Corporate
ORD-03212,2026-12-11,CUST-0574,Customer 0764,South,Rajasthan,Kochi,Furniture,Storage,Storage Box,4,12680.04,0.15,3732.64,Cash,Consumer
ORD-03213,2026-10-31,CUST-0221,Customer 1094,East,West Bengal,Kolkata,Office Supplies,Writing,Markers,6,3837.42,0.08,1113.8,Cash,Small Business
ORD-03214,2025-08-04,CUST-0493,Customer 0455,West,Uttar Pradesh,Surat,Technology,Laptops,Ultrabook,1,101974.1,0.0,12745.8,Cash,Small Business
ORD-03215,2026-11-06,CUST-0315,Customer 1016,South,Karnataka,Bengaluru,Office Supplies,Writing,Markers,1,82.52,0.0,22.46,Debit Card,Consumer
ORD-03216,2026-05-27,CUST-0313,Customer 0797,North,Karnataka,Chandigarh,Technology,Accessories,Keyboard,2,8891.9,0.05,1376.18,UPI,Corporate
ORD-03217,2026-01-01,CUST-0421,Customer 0995,East,Maharashtra,Patna,Office Supplies,Writing,Notebook,2,624.58,0.08,156.58,Cash,Consumer
ORD-03218,2026-07-10,CUST-0348,Customer 0604,South,West Bengal,Chennai,Technology,Laptops,Ultrabook,1,63623.65,0.2,15200.15,Net Banking,Consumer
ORD-03219,2026-11-08,CUST-0848,Customer 0386,West,Rajasthan,Ahmedabad,Technology,Accessories,USB Hub,1,4649.86,0.0,791.18,Net Banking,Small Business
ORD-03220,2026-02-13,CUST-1033,Customer 1073,South,Tamil Nadu,Bengaluru,Furniture,Storage,Storage Box,1,5136.72,0.2,1433.96,UPI,Corporate
ORD-03221,2025-01-24,CUST-0865,Customer 1119,North,Tamil Nadu,Chandigarh,Office Supplies,Paper,Premium Paper,4,1520.82,0.08,326.22,Net Banking,Small Business
ORD-03222,2026-03-30,CUST-0018,Customer 0445,South,Tamil Nadu,Chennai,Office Supplies,Binders,Ring Binder,3,1746.14,0.08,608.85,Credit Card,Small Business
ORD-03223,2025-09-22,CUST-0528,Customer 1087,North,West Bengal,Jaipur,Furniture,Storage,Storage Box,3,2547.32,0.2,464.21,Cash,Small Business
ORD-03224,2026-12-10,CUST-0938,Customer 0278,North,Rajasthan,Chandigarh,Office Supplies,Paper,A4 Paper,6,2805.7,0.05,723.41,Credit Card,Consumer
ORD-03225,2026-03-01,CUST-0610,Customer 0115,North,Delhi,Jaipur,Technology,Accessories,USB Hub,2,6614.51,0.08,1320.46,Cash,Small Business
ORD-03226,2025-08-05,CUST-0912,Customer 1074,West,Telangana,Ahmedabad,Technology,Accessories,Wireless Mouse,4,11561.68,0.0,2482.27,Debit Card,Small Business
ORD-03227,2025-10-22,CUST-0165,Customer 0684,South,Delhi,Kochi,Technology,Laptops,Gaming Laptop,5,450546.58,0.1,71834.54,Net Banking,Small Business
ORD-03228,2025-05-03,CUST-0979,Customer 0693,North,Rajasthan,Jaipur,Office Supplies,Writing,Markers,1,163.34,0.2,29.96,UPI,Corporate
ORD-03229,2025-08-20,CUST-0080,Customer 0721,West,Kerala,Ahmedabad,Office Supplies,Binders,Ring Binder,1,231.4,0.1,42.07,Net Banking,Corporate
ORD-03230,2026-02-15,CUST-0519,Customer 0028,West,Tamil Nadu,Pune,Technology,Accessories,Keyboard,6,23250.84,0.08,3797.71,Debit Card,Corporate
ORD-03231,2025-11-21,CUST-0876,Customer 0703,West,Telangana,Ahmedabad,Furniture,Tables,Work Desk,3,21862.25,0.08,4634.35,Debit Card,Corporate
ORD-03232,2026-08-10,CUST-0113,Customer 0949,East,Telangana,Bhubaneswar,Furniture,Tables,Side Table,2,48424.17,0.02,11129.03,UPI,Small Business
ORD-03233,2025-09-24,CUST-0214,Customer 0467,West,Uttar Pradesh,Surat,Office Supplies,Binders,Ring Binder,1,424.43,0.05,147.62,UPI,Corporate
ORD-03234,2026-07-04,CUST-1075,Customer 0800,South,Telangana,Kochi,Office Supplies,Writing,Notebook,2,422.48,0.02,131.26,UPI,Corporate
ORD-03235,2025-03-03,CUST-0465,Customer 0739,East,Rajasthan,Patna,Office Supplies,Writing,Notebook,3,941.67,0.08,326.37,Debit Card,Corporate
ORD-03236,2026-08-17,CUST-0330,Customer 0841,East,Telangana,Kolkata,Office Supplies,Binders,Ring Binder,6,2511.7,0.15,530.17,Net Banking,Consumer
ORD-03237,2025-10-20,CUST-0800,Customer 0075,East,Kerala,Kolkata,Office Supplies,Binders,Ring Binder,1,113.46,0.2,26.73,Net Banking,Consumer
ORD-03238,2026-11-13,CUST-0662,Customer 0633,East,Delhi,Kolkata,Office Supplies,Paper,A4 Paper,1,271.04,0.08,59.93,Debit Card,Small Business
ORD-03239,2026-11-02,CUST-1006,Customer 0611,South,Telangana,Bengaluru,Technology,Laptops,Gaming Laptop,5,445525.64,0.2,64165.53,Credit Card,Small Business
ORD-03240,2026-04-14,CUST-0405,Customer 0116,East,West Bengal,Bhubaneswar,Office Supplies,Paper,Premium Paper,3,2381.27,0.1,801.98,UPI,Consumer
ORD-03241,2026-10-05,CUST-1090,Customer 0828,North,Tamil Nadu,Lucknow,Furniture,Tables,Conference Table,1,16352.94,0.15,3279.39,Credit Card,Corporate
ORD-03242,2025-06-30,CUST-0303,Customer 0939,North,Rajasthan,Jaipur,Office Supplies,Binders,Ring Binder,2,1222.93,0.0,283.02,Debit Card,Consumer
ORD-03243,2025-03-04,CUST-0656,Customer 0395,East,Gujarat,Guwahati,Office Supplies,Binders,Lever Arch Binder,2,360.6,0.15,120.05,Net Banking,Corporate
ORD-03244,2025-07-16,CUST-1126,Customer 1101,East,West Bengal,Kolkata,Technology,Smartphones,Android Phone,2,42224.85,0.1,9304.44,Debit Card,Corporate
ORD-03245,2025-11-27,CUST-0336,Customer 1085,West,Telangana,Ahmedabad,Office Supplies,Writing,Pen Set,4,397.08,0.15,86.9,UPI,Consumer
ORD-03246,2025-05-18,CUST-1014,Customer 0938,North,Gujarat,Lucknow,Furniture,Storage,Filing Cabinet,4,4374.4,0.15,1285.7,Debit Card,Small Business
ORD-03247,2026-03-15,CUST-1022,Customer 0579,East,Karnataka,Bhubaneswar,Technology,Accessories,Wireless Mouse,2,5387.55,0.15,824.55,Debit Card,Corporate
ORD-03248,2026-06-07,CUST-0433,Customer 0606,West,Tamil Nadu,Pune,Furniture,Storage,Storage Box,4,42131.7,0.1,8702.25,Cash,Consumer
ORD-03249,2025-10-26,CUST-0356,Customer 1041,West,Telangana,Surat,Office Supplies,Writing,Pen Set,3,258.08,0.08,67.57,Cash,Small Business
ORD-03250,2026-06-03,CUST-0715,Customer 0963,South,Karnataka,Bengaluru,Furniture,Storage,Bookshelf,1,2779.16,0.02,545.44,UPI,Corporate
ORD-03251,2026-06-26,CUST-0535,Customer 0469,North,Gujarat,Delhi,Furniture,Storage,Bookshelf,3,22722.04,0.0,4205.83,Debit Card,Corporate
ORD-03252,2026-04-24,CUST-0055,Customer 1053,East,Karnataka,Kolkata,Office Supplies,Paper,A4 Paper,6,2978.14,0.05,480.0,Net Banking,Small Business
ORD-03253,2026-04-06,CUST-1106,Customer 0552,South,Delhi,Bengaluru,Office Supplies,Paper,Recycled Paper,4,2204.37,0.02,472.92,Cash,Consumer
ORD-03254,2025-03-15,CUST-0374,Customer 0806,West,Gujarat,Pune,Office Supplies,Writing,Pen Set,1,150.24,0.15,25.56,UPI,Consumer
ORD-03255,2026-10-13,CUST-0934,Customer 0107,North,West Bengal,Chandigarh,Furniture,Tables,Conference Table,3,86338.78,0.02,22283.92,Credit Card,Corporate
ORD-03256,2025-05-14,CUST-0789,Customer 0446,North,Telangana,Lucknow,Technology,Accessories,Keyboard,4,16189.13,0.15,2336.88,Net Banking,Corporate
ORD-03257,2026-05-23,CUST-1076,Customer 0108,South,Gujarat,Hyderabad,Office Supplies,Writing,Pen Set,2,314.78,0.02,47.43,Net Banking,Consumer
ORD-03258,2026-10-30,CUST-0391,Customer 0891,West,Maharashtra,Pune,Furniture,Storage,Storage Box,4,31291.82,0.02,7699.87,Net Banking,Small Business
ORD-03259,2025-08-18,CUST-1039,Customer 0743,North,West Bengal,Chandigarh,Furniture,Tables,Conference Table,4,27686.64,0.1,6040.19,Cash,Consumer
ORD-03260,2026-09-10,CUST-1183,Customer 0643,South,Telangana,Kochi,Technology,Accessories,USB Hub,2,1102.66,0.05,106.68,Net Banking,Corporate
ORD-03261,2026-10-26,CUST-0914,Customer 1176,West,Maharashtra,Surat,Technology,Smartphones,Budget Phone,1,35474.99,0.02,3239.16,Credit Card,Small Business
ORD-03262,2026-04-21,CUST-0778,Customer 0739,South,Karnataka,Hyderabad,Furniture,Tables,Conference Table,3,74510.26,0.08,18992.61,UPI,Consumer
ORD-03263,2026-01-01,CUST-1069,Customer 0951,North,Karnataka,Delhi,Technology,Laptops,Gaming Laptop,2,152326.43,0.1,30979.83,Credit Card,Corporate
ORD-03264,2025-07-17,CUST-0196,Customer 0006,North,Delhi,Jaipur,Furniture,Chairs,Visitor Chair,1,13992.81,0.15,3657.77,UPI,Corporate
ORD-03265,2026-12-27,CUST-1020,Customer 0588,West,Rajasthan,Pune,Technology,Accessories,USB Hub,3,6250.77,0.2,1183.81,UPI,Consumer
ORD-03266,2025-07-31,CUST-1104,Customer 1008,West,Telangana,Surat,Furniture,Chairs,Office Chair,6,24405.9,0.02,5864.74,Credit Card,Corporate
ORD-03267,2026-09-16,CUST-0549,Customer 0236,East,Kerala,Patna,Office Supplies,Paper,Recycled Paper,5,1625.33,0.05,325.42,Cash,Corporate
ORD-03268,2025-10-12,CUST-0013,Customer 1177,East,Telangana,Guwahati,Office Supplies,Writing,Notebook,4,1082.24,0.15,206.17,Net Banking,Corporate
ORD-03269,2025-03-02,CUST-0657,Customer 0225,North,Uttar Pradesh,Chandigarh,Furniture,Chairs,Visitor Chair,3,37627.49,0.0,8897.78,UPI,Corporate
ORD-03270,2026-05-04,CUST-0728,Customer 1186,North,Tamil Nadu,Delhi,Technology,Laptops,Business Laptop,2,184195.46,0.02,44124.91,Debit Card,Corporate
ORD-03271,2025-01-10,CUST-0189,Customer 0682,East,Karnataka,Patna,Furniture,Chairs,Visitor Chair,2,16785.83,0.08,4087.91,Debit Card,Consumer
ORD-03272,2025-11-08,CUST-0946,Customer 0759,East,Rajasthan,Kolkata,Technology,Laptops,Business Laptop,2,136925.17,0.08,19245.99,Net Banking,Corporate
ORD-03273,2025-03-02,CUST-0692,Customer 0006,West,Rajasthan,Pune,Office Supplies,Paper,Recycled Paper,3,2453.11,0.05,408.98,Cash,Corporate
ORD-03274,2026-12-21,CUST-0381,Customer 0241,North,Gujarat,Jaipur,Technology,Laptops,Business Laptop,2,145434.92,0.2,21552.88,Net Banking,Small Business
ORD-03275,2025-01-13,CUST-0660,Customer 0418,North,Gujarat,Lucknow,Technology,Smartphones,Premium Phone,5,129177.19,0.08,14875.59,UPI,Small Business
ORD-03276,2025-03-05,CUST-1179,Customer 0774,North,Tamil Nadu,Lucknow,Office Supplies,Writing,Pen Set,5,2320.96,0.02,616.81,Debit Card,Consumer
ORD-03277,2026-04-16,CUST-0119,Customer 0680,West,Kerala,Mumbai,Technology,Smartphones,Premium Phone,3,61411.57,0.02,9172.09,Credit Card,Corporate
ORD-03278,2026-11-22,CUST-0416,Customer 0213,North,Kerala,Delhi,Furniture,Storage,Storage Box,4,36641.74,0.08,8412.24,Cash,Corporate
ORD-03279,2026-03-07,CUST-0142,Customer 0305,West,Telangana,Surat,Technology,Accessories,USB Hub,1,2063.18,0.08,254.56,Cash,Small Business
ORD-03280,2026-07-31,CUST-1105,Customer 1042,South,Uttar Pradesh,Bengaluru,Office Supplies,Writing,Markers,2,764.44,0.08,183.82,UPI,Corporate
ORD-03281,2025-07-01,CUST-0916,Customer 0520,South,Uttar Pradesh,Kochi,Furniture,Storage,Bookshelf,4,53304.96,0.1,12984.06,UPI,Small Business
ORD-03282,2025-12-07,CUST-0727,Customer 0033,South,Tamil Nadu,Bengaluru,Technology,Accessories,USB Hub,6,14143.04,0.05,2236.02,UPI,Consumer
ORD-03283,2026-06-19,CUST-0136,Customer 0568,West,Karnataka,Surat,Technology,Accessories,USB Hub,5,4118.47,0.08,623.42,Cash,Consumer
ORD-03284,2026-10-19,CUST-0492,Customer 0921,South,Tamil Nadu,Hyderabad,Furniture,Tables,Side Table,5,84256.06,0.2,22442.24,Net Banking,Corporate
ORD-03285,2026-08-07,CUST-0837,Customer 0483,North,West Bengal,Chandigarh,Office Supplies,Writing,Pen Set,5,2089.4,0.15,357.64,Cash,Consumer
ORD-03286,2026-01-26,CUST-1189,Customer 0048,South,Karnataka,Bengaluru,Office Supplies,Writing,Pen Set,3,918.12,0.0,267.94,Debit Card,Corporate
ORD-03287,2026-07-14,CUST-0133,Customer 0673,North,Tamil Nadu,Chandigarh,Furniture,Storage,Bookshelf,2,7903.86,0.2,1442.3,Cash,Consumer
ORD-03288,2025-03-16,CUST-0329,Customer 0889,East,Uttar Pradesh,Bhubaneswar,Furniture,Storage,Storage Box,10,114009.36,0.15,26527.16,Cash,Consumer
ORD-03289,2025-10-26,CUST-0632,Customer 0166,North,Rajasthan,Lucknow,Office Supplies,Paper,Recycled Paper,6,3909.65,0.0,1284.35,Net Banking,Small Business
ORD-03290,2025-01-03,CUST-0839,Customer 0961,West,Karnataka,Mumbai,Technology,Smartphones,Premium Phone,5,294466.89,0.05,31246.11,Cash,Consumer
ORD-03291,2026-05-12,CUST-0661,Customer 0992,East,Telangana,Guwahati,Office Supplies,Paper,Premium Paper,1,1079.08,0.1,301.61,Debit Card,Consumer
ORD-03292,2025-04-05,CUST-0917,Customer 0712,North,Kerala,Jaipur,Technology,Laptops,Business Laptop,4,260685.06,0.1,56927.22,Cash,Small Business
ORD-03293,2026-10-23,CUST-0206,Customer 0554,West,Kerala,Pune,Technology,Accessories,Keyboard,4,11954.4,0.08,1758.43,Debit Card,Small Business
ORD-03294,2026-02-18,CUST-0476,Customer 0435,South,Gujarat,Chennai,Furniture,Chairs,Visitor Chair,1,11357.06,0.02,3122.72,Cash,Consumer
ORD-03295,2025-06-19,CUST-0866,Customer 1037,South,Telangana,Kochi,Furniture,Storage,Bookshelf,2,3359.41,0.05,917.32,UPI,Small Business
ORD-03296,2026-06-20,CUST-0009,Customer 0241,East,Tamil Nadu,Guwahati,Furniture,Chairs,Visitor Chair,3,21091.16,0.02,2877.94,Debit Card,Small Business
ORD-03297,2025-04-16,CUST-0432,Customer 1118,East,Delhi,Patna,Furniture,Storage,Bookshelf,4,45225.61,0.05,12510.18,Debit Card,Consumer
ORD-03298,2026-04-19,CUST-0655,Customer 0342,South,Delhi,Chennai,Furniture,Tables,Work Desk,1,16197.53,0.08,2649.89,UPI,Small Business
ORD-03299,2026-05-10,CUST-1180,Customer 0886,South,Delhi,Chennai,Furniture,Chairs,Ergonomic Chair,1,13210.44,0.02,2938.12,Net Banking,Consumer
ORD-03300,2025-11-30,CUST-0668,Customer 1072,North,Karnataka,Lucknow,Technology,Laptops,Gaming Laptop,2,88208.22,0.05,19147.33,Debit Card,Small Business
ORD-03301,2025-12-22,CUST-1069,Customer 0903,South,Telangana,Hyderabad,Technology,Smartphones,Budget Phone,3,151400.99,0.02,20961.51,Cash,Consumer
ORD-03302,2026-01-25,CUST-0040,Customer 1073,West,Karnataka,Mumbai,Furniture,Chairs,Visitor Chair,5,57945.83,0.08,14504.46,Debit Card,Corporate
ORD-03303,2026-01-18,CUST-0042,Customer 0131,South,Tamil Nadu,Chennai,Furniture,Chairs,Office Chair,4,62766.82,0.08,18757.93,Debit Card,Consumer
ORD-03304,2025-10-20,CUST-0909,Customer 0977,South,Delhi,Kochi,Office Supplies,Paper,A4 Paper,4,3340.06,0.2,1105.23,Net Banking,Small Business
ORD-03305,2026-04-29,CUST-0017,Customer 1076,West,Karnataka,Pune,Office Supplies,Binders,Ring Binder,2,520.37,0.1,139.24,Debit Card,Consumer
ORD-03306,2026-02-04,CUST-0677,Customer 0928,South,Delhi,Bengaluru,Technology,Accessories,Wireless Mouse,5,14646.46,0.15,3207.89,UPI,Small Business
ORD-03307,2025-06-23,CUST-0314,Customer 0025,West,Uttar Pradesh,Surat,Furniture,Tables,Conference Table,3,21650.31,0.08,3200.86,UPI,Corporate
ORD-03308,2026-06-15,CUST-0117,Customer 0917,West,Tamil Nadu,Ahmedabad,Office Supplies,Binders,Ring Binder,4,2099.33,0.08,366.13,Cash,Small Business
ORD-03309,2025-12-15,CUST-0153,Customer 0076,West,Rajasthan,Mumbai,Office Supplies,Binders,Presentation Folder,4,2066.75,0.1,557.54,Cash,Consumer
ORD-03310,2025-11-10,CUST-0380,Customer 0993,South,Uttar Pradesh,Chennai,Technology,Smartphones,Android Phone,3,211976.63,0.15,29768.72,Debit Card,Small Business
ORD-03311,2025-12-08,CUST-0851,Customer 0361,West,Delhi,Mumbai,Technology,Laptops,Gaming Laptop,4,356514.61,0.05,50003.54,Credit Card,Small Business
ORD-03312,2026-11-23,CUST-0004,Customer 1124,West,Uttar Pradesh,Ahmedabad,Technology,Laptops,Business Laptop,3,186118.53,0.1,33187.23,Cash,Corporate
ORD-03313,2025-07-29,CUST-0820,Customer 0053,North,Maharashtra,Delhi,Technology,Laptops,Gaming Laptop,3,154231.42,0.02,34895.46,Net Banking,Small Business
ORD-03314,2026-05-15,CUST-0276,Customer 0232,North,Maharashtra,Chandigarh,Office Supplies,Writing,Notebook,5,1222.87,0.05,234.65,UPI,Corporate
ORD-03315,2025-03-19,CUST-1033,Customer 0113,West,Gujarat,Surat,Furniture,Chairs,Visitor Chair,1,14720.08,0.0,3661.16,UPI,Small Business
ORD-03316,2025-09-25,CUST-0362,Customer 0241,East,Uttar Pradesh,Bhubaneswar,Technology,Accessories,Keyboard,3,7355.94,0.2,1030.77,Credit Card,Small Business
ORD-03317,2026-12-11,CUST-0468,Customer 0215,North,Tamil Nadu,Delhi,Office Supplies,Writing,Markers,1,253.15,0.0,74.09,UPI,Corporate
ORD-03318,2025-03-15,CUST-1003,Customer 1081,East,Tamil Nadu,Patna,Furniture,Tables,Work Desk,1,10221.49,0.02,1423.24,Net Banking,Consumer
ORD-03319,2025-03-23,CUST-1092,Customer 0651,East,Kerala,Bhubaneswar,Office Supplies,Paper,A4 Paper,2,1294.62,0.1,336.97,UPI,Consumer
ORD-03320,2026-02-10,CUST-0184,Customer 1134,West,Kerala,Pune,Technology,Smartphones,Android Phone,1,36631.65,0.08,3912.05,Credit Card,Consumer
ORD-03321,2025-07-05,CUST-0664,Customer 0132,East,Maharashtra,Bhubaneswar,Technology,Laptops,Business Laptop,5,542882.61,0.08,95718.13,Net Banking,Small Business
ORD-03322,2025-06-30,CUST-0062,Customer 1159,South,Uttar Pradesh,Chennai,Technology,Accessories,USB Hub,1,534.54,0.08,124.44,Credit Card,Small Business
ORD-03323,2026-02-17,CUST-0074,Customer 0954,East,West Bengal,Kolkata,Technology,Smartphones,Premium Phone,1,48430.91,0.15,5704.93,UPI,Corporate
ORD-03324,2025-01-08,CUST-0889,Customer 0420,South,Delhi,Bengaluru,Office Supplies,Writing,Markers,4,1101.48,0.1,375.81,UPI,Consumer
ORD-03325,2025-02-06,CUST-0640,Customer 1181,South,Gujarat,Hyderabad,Technology,Laptops,Gaming Laptop,2,186711.62,0.05,44038.07,Net Banking,Consumer
ORD-03326,2025-08-15,CUST-0258,Customer 0061,West,Kerala,Pune,Technology,Smartphones,Budget Phone,4,66299.1,0.05,6369.96,Net Banking,Corporate
ORD-03327,2025-07-26,CUST-0693,Customer 1162,South,Rajasthan,Bengaluru,Office Supplies,Paper,Premium Paper,3,3530.07,0.0,979.75,Net Banking,Corporate
ORD-03328,2026-01-06,CUST-0985,Customer 0570,South,Maharashtra,Chennai,Office Supplies,Paper,A4 Paper,2,1810.06,0.1,617.57,UPI,Small Business
ORD-03329,2025-05-26,CUST-0773,Customer 1000,North,Delhi,Chandigarh,Office Supplies,Paper,Recycled Paper,5,1240.13,0.05,211.31,Credit Card,Consumer
ORD-03330,2025-01-19,CUST-0462,Customer 1183,East,Gujarat,Patna,Office Supplies,Paper,Recycled Paper,2,730.43,0.0,250.55,Debit Card,Corporate
ORD-03331,2026-09-05,CUST-0044,Customer 0288,East,Maharashtra,Patna,Office Supplies,Binders,Presentation Folder,1,229.07,0.0,69.31,UPI,Consumer
ORD-03332,2025-01-17,CUST-0230,Customer 0997,North,Delhi,Lucknow,Furniture,Chairs,Visitor Chair,6,65007.16,0.0,12551.2,Credit Card,Corporate
ORD-03333,2025-01-22,CUST-0575,Customer 0822,East,Tamil Nadu,Kolkata,Office Supplies,Writing,Pen Set,6,1775.94,0.08,491.58,Net Banking,Small Business
ORD-03334,2026-11-22,CUST-0884,Customer 0709,South,Rajasthan,Chennai,Office Supplies,Writing,Notebook,2,919.09,0.02,272.67,Cash,Small Business
ORD-03335,2025-03-24,CUST-0062,Customer 0466,West,Rajasthan,Pune,Technology,Laptops,Business Laptop,8,462829.36,0.1,109529.83,Debit Card,Consumer
ORD-03336,2026-04-26,CUST-0236,Customer 1193,East,West Bengal,Patna,Furniture,Tables,Work Desk,5,48080.4,0.15,14111.03,Debit Card,Corporate
ORD-03337,2025-02-20,CUST-0298,Customer 0038,South,Rajasthan,Bengaluru,Furniture,Tables,Side Table,1,12784.57,0.1,3745.49,Cash,Corporate
ORD-03338,2025-05-23,CUST-0521,Customer 0417,East,Rajasthan,Patna,Technology,Smartphones,Premium Phone,2,125636.49,0.2,19078.22,Credit Card,Consumer
ORD-03339,2025-11-01,CUST-0906,Customer 0085,North,Telangana,Jaipur,Furniture,Tables,Work Desk,1,17955.77,0.15,3546.43,UPI,Corporate
ORD-03340,2025-06-23,CUST-0688,Customer 0662,North,Maharashtra,Lucknow,Furniture,Chairs,Ergonomic Chair,2,7621.91,0.02,1152.61,Credit Card,Consumer
ORD-03341,2025-03-12,CUST-1008,Customer 0758,East,Gujarat,Kolkata,Furniture,Tables,Work Desk,3,80591.97,0.1,14696.51,Credit Card,Consumer
ORD-03342,2025-04-27,CUST-0913,Customer 0385,West,Kerala,Pune,Furniture,Storage,Filing Cabinet,3,15967.62,0.1,2389.56,UPI,Consumer
ORD-03343,2026-03-21,CUST-0224,Customer 0280,West,Karnataka,Mumbai,Technology,Accessories,Wireless Mouse,2,6980.35,0.15,1648.03,Net Banking,Corporate
ORD-03344,2025-06-23,CUST-0678,Customer 0098,West,Uttar Pradesh,Ahmedabad,Office Supplies,Binders,Lever Arch Binder,3,961.97,0.2,212.71,Debit Card,Corporate
ORD-03345,2025-06-08,CUST-0730,Customer 0960,North,Karnataka,Delhi,Office Supplies,Binders,Ring Binder,5,3309.46,0.1,880.55,Cash,Small Business
ORD-03346,2025-09-14,CUST-0489,Customer 1083,South,Telangana,Kochi,Technology,Laptops,Business Laptop,3,201774.07,0.2,43024.17,Debit Card,Small Business
ORD-03347,2026-02-24,CUST-0691,Customer 1156,East,Tamil Nadu,Bhubaneswar,Technology,Laptops,Business Laptop,4,392401.89,0.15,65390.13,Cash,Consumer
ORD-03348,2025-12-13,CUST-0399,Customer 0031,North,Rajasthan,Chandigarh,Technology,Accessories,Wireless Mouse,4,16567.79,0.0,3579.18,Net Banking,Consumer
ORD-03349,2026-10-15,CUST-0973,Customer 0951,North,Rajasthan,Jaipur,Technology,Laptops,Ultrabook,2,225188.57,0.0,44591.73,Cash,Consumer
ORD-03350,2025-02-05,CUST-0725,Customer 0994,North,Gujarat,Delhi,Office Supplies,Paper,Premium Paper,3,786.2,0.0,208.92,Debit Card,Corporate
ORD-03351,2026-04-28,CUST-0425,Customer 1132,East,Gujarat,Kolkata,Furniture,Storage,Filing Cabinet,2,24756.8,0.08,6529.03,UPI,Consumer
ORD-03352,2026-07-31,CUST-0773,Customer 0369,East,Rajasthan,Guwahati,Furniture,Tables,Conference Table,3,55771.55,0.08,12966.2,UPI,Consumer
ORD-03353,2026-09-23,CUST-0162,Customer 1170,West,Karnataka,Pune,Technology,Smartphones,Android Phone,1,40544.15,0.15,8833.58,Debit Card,Corporate
ORD-03354,2026-04-05,CUST-0814,Customer 1062,West,Maharashtra,Ahmedabad,Office Supplies,Paper,Premium Paper,2,607.1,0.02,93.62,UPI,Small Business
ORD-03355,2026-10-05,CUST-0178,Customer 1195,West,Tamil Nadu,Surat,Office Supplies,Writing,Pen Set,4,1909.53,0.0,642.6,Net Banking,Consumer
ORD-03356,2026-04-19,CUST-0511,Customer 1094,South,Karnataka,Hyderabad,Technology,Laptops,Gaming Laptop,2,172042.47,0.15,31974.69,Credit Card,Consumer
ORD-03357,2026-03-24,CUST-1151,Customer 0293,North,Rajasthan,Chandigarh,Technology,Smartphones,Android Phone,5,118478.9,0.08,23046.46,Credit Card,Consumer
ORD-03358,2025-08-23,CUST-0705,Customer 0640,North,Tamil Nadu,Chandigarh,Furniture,Tables,Work Desk,1,5178.96,0.08,1123.64,Debit Card,Corporate
ORD-03359,2025-12-01,CUST-0361,Customer 0829,East,Rajasthan,Patna,Furniture,Tables,Work Desk,1,6076.85,0.08,1289.11,UPI,Corporate
ORD-03360,2025-05-08,CUST-0611,Customer 1121,North,Delhi,Delhi,Office Supplies,Writing,Notebook,2,1135.02,0.1,214.37,Net Banking,Small Business
ORD-03361,2025-09-28,CUST-0141,Customer 1041,North,Kerala,Lucknow,Furniture,Tables,Work Desk,8,122243.99,0.15,32100.85,Credit Card,Small Business
ORD-03362,2026-04-24,CUST-0421,Customer 0538,South,Rajasthan,Hyderabad,Furniture,Tables,Side Table,3,28266.87,0.02,5591.23,Credit Card,Small Business
ORD-03363,2025-07-14,CUST-0925,Customer 0274,West,Telangana,Pune,Furniture,Chairs,Office Chair,1,6928.62,0.0,1475.31,Cash,Small Business
ORD-03364,2025-08-24,CUST-0568,Customer 1163,South,Tamil Nadu,Bengaluru,Furniture,Tables,Work Desk,1,18061.09,0.15,3872.99,Credit Card,Corporate
ORD-03365,2026-02-21,CUST-1137,Customer 0197,East,Maharashtra,Patna,Furniture,Tables,Side Table,3,25982.21,0.1,6346.9,UPI,Small Business
ORD-03366,2025-03-18,CUST-0746,Customer 0708,West,Maharashtra,Pune,Office Supplies,Paper,Recycled Paper,4,2566.85,0.1,438.04,Cash,Consumer
ORD-03367,2025-09-02,CUST-0501,Customer 1032,East,Gujarat,Bhubaneswar,Technology,Laptops,Business Laptop,3,165620.2,0.08,14610.43,Credit Card,Small Business
ORD-03368,2026-02-28,CUST-0514,Customer 1087,West,Uttar Pradesh,Surat,Furniture,Chairs,Office Chair,2,21327.0,0.0,4371.48,Credit Card,Consumer
ORD-03369,2026-11-17,CUST-0499,Customer 0910,East,Kerala,Kolkata,Technology,Accessories,Wireless Mouse,3,6992.85,0.02,1153.64,UPI,Small Business
ORD-03370,2026-06-14,CUST-0198,Customer 0561,East,Rajasthan,Bhubaneswar,Technology,Accessories,Wireless Mouse,5,19379.75,0.2,2939.64,Cash,Corporate
ORD-03371,2026-03-26,CUST-0343,Customer 0616,South,Uttar Pradesh,Hyderabad,Technology,Smartphones,Budget Phone,1,39768.43,0.2,4290.76,Net Banking,Consumer
ORD-03372,2026-07-20,CUST-0061,Customer 0133,North,Kerala,Chandigarh,Furniture,Storage,Filing Cabinet,1,3601.27,0.15,684.19,Debit Card,Corporate
ORD-03373,2025-01-01,CUST-0523,Customer 0604,West,West Bengal,Mumbai,Technology,Smartphones,Budget Phone,5,377120.74,0.1,83713.33,Credit Card,Consumer
ORD-03374,2025-08-08,CUST-0919,Customer 1116,North,Uttar Pradesh,Jaipur,Furniture,Chairs,Ergonomic Chair,2,21332.22,0.05,4106.13,Net Banking,Small Business
ORD-03375,2025-07-12,CUST-0680,Customer 0136,North,Maharashtra,Lucknow,Technology,Laptops,Gaming Laptop,2,135046.97,0.15,19792.8,Net Banking,Small Business
ORD-03376,2025-08-13,CUST-0851,Customer 0829,North,Maharashtra,Lucknow,Furniture,Tables,Conference Table,2,12350.39,0.1,2040.05,UPI,Corporate
ORD-03377,2026-05-23,CUST-1075,Customer 0742,East,Kerala,Patna,Technology,Accessories,Keyboard,2,3847.36,0.08,604.29,UPI,Small Business
ORD-03378,2026-12-16,CUST-0393,Customer 0901,East,Gujarat,Guwahati,Office Supplies,Paper,Premium Paper,8,2048.16,0.2,517.39,Debit Card,Small Business
ORD-03379,2025-12-26,CUST-0799,Customer 1017,South,Karnataka,Chennai,Office Supplies,Binders,Ring Binder,2,618.71,0.05,93.34,UPI,Consumer
ORD-03380,2025-01-04,CUST-0480,Customer 0898,West,Rajasthan,Pune,Office Supplies,Binders,Presentation Folder,6,3004.61,0.08,906.81,UPI,Consumer
ORD-03381,2026-10-03,CUST-0322,Customer 0896,East,Kerala,Kolkata,Technology,Accessories,USB Hub,2,8843.25,0.08,1068.92,Cash,Consumer
ORD-03382,2026-08-31,CUST-0948,Customer 0007,West,West Bengal,Ahmedabad,Furniture,Chairs,Office Chair,5,54300.69,0.0,12524.42,Cash,Consumer
ORD-03383,2026-08-26,CUST-0596,Customer 0372,South,Delhi,Bengaluru,Technology,Laptops,Ultrabook,1,62375.34,0.08,12917.6,Credit Card,Consumer
ORD-03384,2025-06-02,CUST-1138,Customer 0146,West,Karnataka,Ahmedabad,Furniture,Tables,Conference Table,2,23889.79,0.08,3779.22,Net Banking,Small Business
ORD-03385,2025-10-18,CUST-0238,Customer 0105,North,Kerala,Chandigarh,Furniture,Chairs,Ergonomic Chair,3,48224.66,0.1,12011.48,Net Banking,Consumer
ORD-03386,2025-12-18,CUST-0397,Customer 0163,North,West Bengal,Lucknow,Furniture,Chairs,Ergonomic Chair,5,64716.22,0.2,8544.54,Net Banking,Corporate
ORD-03387,2026-06-07,CUST-0174,Customer 0601,North,Maharashtra,Jaipur,Furniture,Tables,Side Table,3,36625.99,0.15,8283.95,UPI,Small Business
ORD-03388,2026-01-29,CUST-1140,Customer 0391,West,Gujarat,Surat,Furniture,Tables,Conference Table,2,48160.03,0.08,12586.9,UPI,Corporate
ORD-03389,2026-08-26,CUST-0892,Customer 0820,North,Rajasthan,Chandigarh,Technology,Laptops,Ultrabook,5,408458.59,0.05,72411.58,Credit Card,Small Business
ORD-03390,2026-03-06,CUST-0457,Customer 0627,North,Uttar Pradesh,Lucknow,Furniture,Storage,Storage Box,1,1280.75,0.15,158.22,Net Banking,Corporate
ORD-03391,2026-09-20,CUST-0116,Customer 0338,East,Telangana,Kolkata,Technology,Accessories,Keyboard,3,3070.03,0.02,671.27,Cash,Consumer
ORD-03392,2025-11-28,CUST-0677,Customer 0901,North,Kerala,Chandigarh,Furniture,Chairs,Office Chair,1,13031.66,0.02,2208.11,Cash,Small Business
ORD-03393,2026-05-12,CUST-0269,Customer 0512,North,Karnataka,Delhi,Furniture,Chairs,Ergonomic Chair,5,36064.52,0.2,9233.99,Net Banking,Small Business
ORD-03394,2026-01-15,CUST-0224,Customer 0108,South,Gujarat,Kochi,Furniture,Tables,Side Table,2,58760.32,0.0,13898.18,Credit Card,Consumer
ORD-03395,2026-12-11,CUST-0414,Customer 0264,West,Telangana,Surat,Furniture,Tables,Conference Table,3,71806.19,0.2,16113.45,Debit Card,Small Business
ORD-03396,2026-08-20,CUST-0243,Customer 0271,West,Karnataka,Surat,Technology,Smartphones,Android Phone,3,156814.96,0.05,32102.25,Cash,Corporate
ORD-03397,2025-11-02,CUST-0417,Customer 1147,East,Uttar Pradesh,Guwahati,Office Supplies,Paper,A4 Paper,3,1941.03,0.15,399.01,UPI,Corporate
ORD-03398,2026-07-14,CUST-1067,Customer 0874,West,Uttar Pradesh,Surat,Office Supplies,Binders,Ring Binder,2,530.73,0.08,108.22,Cash,Small Business
ORD-03399,2025-11-01,CUST-0251,Customer 1105,West,Maharashtra,Mumbai,Office Supplies,Binders,Presentation Folder,3,1317.3,0.0,457.6,Debit Card,Small Business
ORD-03400,2026-04-15,CUST-0110,Customer 0928,North,Telangana,Chandigarh,Office Supplies,Paper,Recycled Paper,2,951.98,0.08,195.89,Debit Card,Corporate
ORD-03401,2026-04-17,CUST-0335,Customer 1126,East,West Bengal,Guwahati,Office Supplies,Paper,Premium Paper,1,704.42,0.1,152.72,Debit Card,Consumer
ORD-03402,2025-09-02,CUST-0920,Customer 1119,West,Telangana,Ahmedabad,Technology,Accessories,Wireless Mouse,6,17936.02,0.08,3724.51,Cash,Consumer
ORD-03403,2026-10-25,CUST-0763,Customer 1096,South,West Bengal,Hyderabad,Furniture,Storage,Storage Box,1,9530.36,0.0,2104.01,Net Banking,Corporate
ORD-03404,2026-09-08,CUST-0356,Customer 0661,North,Rajasthan,Lucknow,Furniture,Chairs,Office Chair,4,21135.03,0.1,3356.0,Net Banking,Small Business
ORD-03405,2026-06-16,CUST-0826,Customer 0372,West,Rajasthan,Ahmedabad,Office Supplies,Binders,Ring Binder,10,1388.74,0.2,342.29,Net Banking,Small Business
ORD-03406,2026-07-01,CUST-0245,Customer 0496,West,Karnataka,Surat,Technology,Smartphones,Android Phone,4,257871.41,0.08,29196.4,UPI,Consumer
ORD-03407,2026-02-11,CUST-0751,Customer 0567,West,Kerala,Pune,Furniture,Storage,Storage Box,2,14795.97,0.1,2448.96,Net Banking,Corporate
ORD-03408,2026-07-31,CUST-0690,Customer 0589,North,Tamil Nadu,Chandigarh,Technology,Smartphones,Premium Phone,8,248047.93,0.02,52273.65,UPI,Consumer
ORD-03409,2026-06-28,CUST-0512,Customer 0522,West,Uttar Pradesh,Surat,Technology,Laptops,Ultrabook,5,399122.64,0.15,43209.55,UPI,Small Business
ORD-03410,2025-01-27,CUST-0592,Customer 0727,North,Rajasthan,Delhi,Office Supplies,Writing,Pen Set,2,944.24,0.2,214.4,Cash,Corporate
ORD-03411,2025-11-20,CUST-0273,Customer 0616,West,Karnataka,Mumbai,Technology,Laptops,Ultrabook,1,57705.57,0.0,11870.12,Debit Card,Consumer
ORD-03412,2026-03-04,CUST-0191,Customer 0358,East,West Bengal,Patna,Furniture,Storage,Storage Box,5,21787.78,0.08,4274.06,Net Banking,Small Business
ORD-03413,2025-01-21,CUST-0192,Customer 1130,South,Gujarat,Chennai,Technology,Laptops,Gaming Laptop,5,369035.63,0.05,82930.06,Debit Card,Corporate
ORD-03414,2026-01-08,CUST-0109,Customer 0849,West,Gujarat,Surat,Furniture,Chairs,Ergonomic Chair,4,62845.88,0.02,17544.18,Credit Card,Consumer
ORD-03415,2026-11-16,CUST-0370,Customer 0836,South,Delhi,Bengaluru,Office Supplies,Binders,Ring Binder,6,3361.97,0.08,1101.21,UPI,Consumer
ORD-03416,2025-03-05,CUST-0452,Customer 1110,East,Gujarat,Patna,Furniture,Storage,Bookshelf,4,19365.58,0.02,5175.98,Net Banking,Corporate
ORD-03417,2026-09-25,CUST-0355,Customer 1045,South,Kerala,Kochi,Furniture,Tables,Side Table,5,25179.97,0.2,6437.54,Credit Card,Corporate
ORD-03418,2026-03-17,CUST-0257,Customer 1092,South,Rajasthan,Hyderabad,Technology,Smartphones,Budget Phone,1,26466.35,0.15,5145.41,Credit Card,Corporate
ORD-03419,2025-09-21,CUST-0089,Customer 0949,North,Gujarat,Jaipur,Office Supplies,Binders,Presentation Folder,2,927.39,0.0,184.53,Cash,Consumer
ORD-03420,2025-12-21,CUST-0646,Customer 0552,East,Rajasthan,Kolkata,Furniture,Storage,Storage Box,1,12716.47,0.05,1644.52,Debit Card,Consumer
ORD-03421,2025-12-24,CUST-0931,Customer 0448,South,West Bengal,Bengaluru,Furniture,Storage,Filing Cabinet,4,41064.85,0.0,5635.25,UPI,Corporate
ORD-03422,2026-09-03,CUST-0513,Customer 0556,South,Telangana,Bengaluru,Technology,Laptops,Gaming Laptop,2,166866.3,0.02,39138.04,Cash,Consumer
ORD-03423,2025-04-21,CUST-1178,Customer 0727,East,Karnataka,Guwahati,Office Supplies,Paper,A4 Paper,1,684.45,0.15,205.91,Net Banking,Small Business
ORD-03424,2025-10-06,CUST-0429,Customer 0382,West,Kerala,Pune,Technology,Smartphones,Budget Phone,1,25793.3,0.0,3053.49,UPI,Corporate
ORD-03425,2026-01-27,CUST-0303,Customer 1035,South,Gujarat,Bengaluru,Furniture,Storage,Bookshelf,2,22354.67,0.05,6462.35,Cash,Corporate
ORD-03426,2025-09-06,CUST-1189,Customer 0593,East,Maharashtra,Patna,Furniture,Storage,Bookshelf,1,6919.29,0.2,1116.07,Credit Card,Consumer
ORD-03427,2025-07-11,CUST-1085,Customer 0031,East,Kerala,Kolkata,Office Supplies,Writing,Notebook,2,550.46,0.08,141.0,Debit Card,Corporate
ORD-03428,2026-07-30,CUST-0886,Customer 0741,South,Kerala,Chennai,Office Supplies,Binders,Presentation Folder,4,1035.45,0.0,271.46,Cash,Corporate
ORD-03429,2026-01-22,CUST-0958,Customer 0008,West,Maharashtra,Mumbai,Furniture,Tables,Conference Table,1,25391.28,0.05,6149.89,UPI,Corporate
ORD-03430,2025-02-02,CUST-0271,Customer 0071,North,West Bengal,Lucknow,Furniture,Storage,Bookshelf,1,11263.94,0.1,2471.2,Debit Card,Small Business
ORD-03431,2025-01-22,CUST-0817,Customer 0532,South,Uttar Pradesh,Bengaluru,Furniture,Tables,Side Table,6,158347.52,0.05,24934.71,Debit Card,Corporate
ORD-03432,2025-10-03,CUST-0027,Customer 0979,West,Maharashtra,Pune,Office Supplies,Paper,A4 Paper,3,1116.04,0.05,351.48,Credit Card,Small Business
ORD-03433,2025-07-20,CUST-0815,Customer 1001,West,Telangana,Mumbai,Office Supplies,Writing,Notebook,1,544.38,0.0,101.35,Cash,Small Business
ORD-03434,2026-02-06,CUST-0851,Customer 0861,North,Gujarat,Lucknow,Office Supplies,Writing,Markers,6,3931.46,0.0,1359.34,Net Banking,Consumer
ORD-03435,2026-12-19,CUST-0052,Customer 1114,North,Maharashtra,Lucknow,Office Supplies,Writing,Pen Set,2,542.56,0.08,121.17,Credit Card,Small Business
ORD-03436,2025-07-02,CUST-0186,Customer 0677,South,Telangana,Bengaluru,Office Supplies,Paper,A4 Paper,1,759.75,0.2,193.72,Cash,Consumer
ORD-03437,2025-02-08,CUST-1127,Customer 0774,North,Karnataka,Lucknow,Furniture,Chairs,Visitor Chair,2,14871.21,0.15,2501.38,Debit Card,Consumer
ORD-03438,2025-09-16,CUST-0576,Customer 0972,South,Tamil Nadu,Bengaluru,Furniture,Tables,Work Desk,5,48955.85,0.05,9240.77,Credit Card,Corporate
ORD-03439,2026-09-26,CUST-0337,Customer 0149,North,Gujarat,Lucknow,Technology,Smartphones,Premium Phone,2,150945.41,0.08,24836.28,Credit Card,Small Business
ORD-03440,2026-09-28,CUST-1092,Customer 0096,North,Tamil Nadu,Delhi,Technology,Smartphones,Android Phone,1,60232.1,0.15,7297.37,Credit Card,Corporate
ORD-03441,2026-10-07,CUST-0759,Customer 0931,North,Delhi,Chandigarh,Furniture,Tables,Conference Table,4,71206.01,0.15,12787.72,Net Banking,Small Business
ORD-03442,2025-10-14,CUST-1002,Customer 0171,North,Karnataka,Jaipur,Office Supplies,Paper,Premium Paper,5,4023.3,0.05,1113.03,Cash,Small Business
ORD-03443,2025-02-14,CUST-1102,Customer 0010,South,Gujarat,Kochi,Office Supplies,Binders,Presentation Folder,2,1319.05,0.02,255.16,Debit Card,Consumer
ORD-03444,2025-02-03,CUST-0005,Customer 0049,South,Telangana,Hyderabad,Technology,Laptops,Gaming Laptop,3,272670.66,0.0,56171.32,Net Banking,Corporate
ORD-03445,2025-10-25,CUST-0184,Customer 0870,East,Maharashtra,Guwahati,Furniture,Tables,Conference Table,4,36208.85,0.1,7174.78,Cash,Consumer
ORD-03446,2025-12-24,CUST-1039,Customer 0336,East,Tamil Nadu,Kolkata,Technology,Smartphones,Android Phone,4,287496.95,0.0,31852.78,Net Banking,Consumer
ORD-03447,2025-09-22,CUST-1134,Customer 0027,West,Uttar Pradesh,Pune,Office Supplies,Paper,A4 Paper,6,3681.02,0.2,1248.6,Cash,Small Business
ORD-03448,2025-03-03,CUST-0815,Customer 0653,West,West Bengal,Mumbai,Technology,Laptops,Gaming Laptop,2,140519.99,0.15,31021.01,Net Banking,Consumer
ORD-03449,2025-04-08,CUST-0930,Customer 0852,North,Rajasthan,Delhi,Technology,Smartphones,Android Phone,3,189818.57,0.0,32334.96,UPI,Corporate
ORD-03450,2025-01-13,CUST-0926,Customer 0014,South,Rajasthan,Bengaluru,Furniture,Chairs,Ergonomic Chair,5,47195.6,0.08,6636.56,Cash,Corporate
ORD-03451,2026-09-14,CUST-0637,Customer 0876,West,Uttar Pradesh,Ahmedabad,Furniture,Storage,Bookshelf,3,7090.98,0.02,1297.54,Cash,Corporate
ORD-03452,2026-08-07,CUST-1007,Customer 0988,South,Maharashtra,Kochi,Furniture,Chairs,Ergonomic Chair,3,15417.13,0.08,3344.07,Cash,Corporate
ORD-03453,2026-11-04,CUST-0984,Customer 0062,North,Tamil Nadu,Lucknow,Office Supplies,Binders,Ring Binder,1,237.7,0.15,66.59,Debit Card,Small Business
ORD-03454,2026-10-22,CUST-0200,Customer 0779,North,Maharashtra,Chandigarh,Office Supplies,Writing,Pen Set,5,2003.64,0.2,331.27,UPI,Consumer
ORD-03455,2026-01-06,CUST-0706,Customer 0471,North,Maharashtra,Chandigarh,Furniture,Tables,Work Desk,3,40259.17,0.0,9918.38,Cash,Corporate
ORD-03456,2025-07-09,CUST-1122,Customer 1043,North,Tamil Nadu,Lucknow,Technology,Accessories,USB Hub,6,17163.29,0.2,1420.59,Debit Card,Small Business
ORD-03457,2025-03-27,CUST-1070,Customer 0442,West,Gujarat,Surat,Technology,Accessories,Wireless Mouse,6,3349.1,0.1,299.0,UPI,Corporate
ORD-03458,2026-09-23,CUST-0510,Customer 0583,South,West Bengal,Kochi,Technology,Smartphones,Premium Phone,4,181813.52,0.1,29054.51,UPI,Corporate
ORD-03459,2025-10-25,CUST-0495,Customer 0043,East,Kerala,Kolkata,Office Supplies,Binders,Lever Arch Binder,1,369.1,0.1,91.59,Net Banking,Corporate
ORD-03460,2026-06-20,CUST-0990,Customer 0050,West,Kerala,Ahmedabad,Technology,Accessories,USB Hub,2,2753.16,0.02,541.54,UPI,Small Business
ORD-03461,2025-09-29,CUST-1078,Customer 0317,East,Rajasthan,Kolkata,Furniture,Storage,Filing Cabinet,3,23873.7,0.1,4206.32,UPI,Corporate
ORD-03462,2026-07-28,CUST-0953,Customer 0806,West,Rajasthan,Pune,Technology,Laptops,Business Laptop,1,59773.21,0.15,12132.03,UPI,Corporate
ORD-03463,2026-04-24,CUST-0872,Customer 0699,North,Telangana,Chandigarh,Technology,Accessories,Keyboard,4,18567.88,0.05,4218.71,UPI,Corporate
ORD-03464,2026-04-18,CUST-0214,Customer 0507,West,Delhi,Surat,Office Supplies,Binders,Ring Binder,1,395.4,0.08,88.63,UPI,Small Business
ORD-03465,2025-01-24,CUST-0726,Customer 0901,East,Gujarat,Guwahati,Furniture,Storage,Bookshelf,3,4013.69,0.05,486.78,Debit Card,Small Business
ORD-03466,2026-11-14,CUST-0512,Customer 0244,North,Telangana,Lucknow,Furniture,Tables,Conference Table,3,55101.11,0.0,8852.11,Net Banking,Corporate
ORD-03467,2025-05-11,CUST-0525,Customer 0743,North,Telangana,Lucknow,Office Supplies,Paper,A4 Paper,2,1141.97,0.02,316.83,Debit Card,Small Business
ORD-03468,2026-03-11,CUST-0723,Customer 0638,North,Rajasthan,Lucknow,Technology,Accessories,Wireless Mouse,5,21184.1,0.05,2060.4,Credit Card,Corporate
ORD-03469,2026-04-19,CUST-0456,Customer 1164,North,Tamil Nadu,Delhi,Office Supplies,Writing,Notebook,4,561.31,0.05,159.81,UPI,Small Business
ORD-03470,2025-05-18,CUST-0940,Customer 0973,South,Tamil Nadu,Hyderabad,Office Supplies,Binders,Lever Arch Binder,6,3288.26,0.0,936.63,UPI,Corporate
ORD-03471,2025-01-05,CUST-0197,Customer 0924,West,Gujarat,Mumbai,Furniture,Tables,Side Table,2,28076.07,0.2,7582.9,Debit Card,Corporate
ORD-03472,2025-06-13,CUST-0342,Customer 1160,East,Karnataka,Kolkata,Office Supplies,Paper,Recycled Paper,5,1730.74,0.2,445.79,Net Banking,Corporate
ORD-03473,2026-03-07,CUST-0516,Customer 0660,North,Telangana,Lucknow,Furniture,Storage,Storage Box,1,4622.24,0.1,758.6,Net Banking,Small Business
ORD-03474,2025-07-02,CUST-0848,Customer 0090,East,Karnataka,Patna,Technology,Accessories,Wireless Mouse,2,8610.45,0.08,1130.03,Cash,Consumer
ORD-03475,2025-01-01,CUST-0001,Customer 0681,East,Maharashtra,Kolkata,Office Supplies,Paper,Recycled Paper,3,2939.95,0.0,852.0,Net Banking,Small Business
ORD-03476,2025-06-08,CUST-0105,Customer 0391,South,Karnataka,Kochi,Office Supplies,Writing,Markers,5,1999.07,0.15,638.51,Net Banking,Consumer
ORD-03477,2026-04-24,CUST-0776,Customer 0802,North,Telangana,Delhi,Furniture,Storage,Storage Box,1,2704.62,0.2,669.04,Credit Card,Corporate
ORD-03478,2026-11-27,CUST-0260,Customer 0931,East,Telangana,Kolkata,Furniture,Storage,Filing Cabinet,10,146575.47,0.0,29338.74,Cash,Small Business
ORD-03479,2025-11-10,CUST-1196,Customer 0344,South,Rajasthan,Hyderabad,Technology,Accessories,USB Hub,2,3744.08,0.2,809.9,UPI,Small Business
ORD-03480,2025-08-24,CUST-0492,Customer 0737,West,Delhi,Ahmedabad,Office Supplies,Binders,Lever Arch Binder,1,575.46,0.02,175.08,Cash,Small Business
ORD-03481,2026-09-16,CUST-0200,Customer 0891,East,Tamil Nadu,Patna,Technology,Accessories,USB Hub,2,2929.8,0.02,537.98,Cash,Consumer
ORD-03482,2025-03-30,CUST-0557,Customer 1199,East,Kerala,Guwahati,Office Supplies,Binders,Lever Arch Binder,4,1044.15,0.02,279.21,Credit Card,Small Business
ORD-03483,2026-04-21,CUST-1041,Customer 0197,East,Gujarat,Kolkata,Furniture,Tables,Side Table,4,44858.42,0.15,5723.34,Debit Card,Corporate
ORD-03484,2026-06-13,CUST-0617,Customer 1098,North,West Bengal,Delhi,Office Supplies,Writing,Pen Set,1,354.72,0.05,77.13,Debit Card,Small Business
ORD-03485,2026-02-12,CUST-0710,Customer 1107,East,Karnataka,Kolkata,Technology,Accessories,Wireless Mouse,3,5745.59,0.2,934.7,Net Banking,Small Business
ORD-03486,2026-08-07,CUST-1020,Customer 0585,South,Maharashtra,Bengaluru,Technology,Accessories,USB Hub,2,5566.42,0.2,463.72,Debit Card,Corporate
ORD-03487,2026-10-14,CUST-0864,Customer 1025,East,Karnataka,Bhubaneswar,Office Supplies,Writing,Pen Set,10,2420.03,0.15,730.55,Cash,Corporate
ORD-03488,2026-01-25,CUST-0313,Customer 0560,West,Telangana,Mumbai,Technology,Laptops,Gaming Laptop,3,285450.87,0.02,58478.48,Debit Card,Small Business
ORD-03489,2025-02-10,CUST-0806,Customer 0919,East,Telangana,Patna,Office Supplies,Paper,A4 Paper,6,2271.89,0.0,600.76,Debit Card,Small Business
ORD-03490,2025-10-22,CUST-1091,Customer 0982,East,West Bengal,Patna,Technology,Accessories,Keyboard,3,11425.53,0.08,2554.82,Debit Card,Corporate
ORD-03491,2025-01-31,CUST-0194,Customer 0117,West,Karnataka,Pune,Technology,Accessories,USB Hub,2,2476.58,0.15,410.75,Net Banking,Consumer
ORD-03492,2025-05-18,CUST-0094,Customer 0316,East,Telangana,Patna,Furniture,Storage,Storage Box,1,2020.67,0.05,565.97,UPI,Consumer
ORD-03493,2026-10-31,CUST-0384,Customer 1027,East,West Bengal,Patna,Furniture,Tables,Work Desk,5,47701.83,0.08,14247.49,Net Banking,Corporate
ORD-03494,2026-01-29,CUST-1108,Customer 0738,West,Karnataka,Ahmedabad,Office Supplies,Binders,Lever Arch Binder,3,569.77,0.1,122.36,Net Banking,Corporate
ORD-03495,2025-08-18,CUST-0093,Customer 0106,East,Karnataka,Patna,Office Supplies,Paper,Recycled Paper,5,2838.66,0.1,694.32,UPI,Corporate
ORD-03496,2026-06-06,CUST-0716,Customer 0280,East,Kerala,Guwahati,Furniture,Storage,Bookshelf,2,10959.21,0.05,2192.39,Debit Card,Small Business
ORD-03497,2025-12-03,CUST-0790,Customer 0435,East,Maharashtra,Guwahati,Furniture,Chairs,Ergonomic Chair,4,58040.8,0.05,10850.03,Net Banking,Consumer
ORD-03498,2026-07-02,CUST-0903,Customer 0746,West,Kerala,Ahmedabad,Office Supplies,Paper,A4 Paper,3,1903.44,0.15,331.44,Debit Card,Corporate
ORD-03499,2026-10-26,CUST-0311,Customer 0592,East,Tamil Nadu,Bhubaneswar,Technology,Accessories,USB Hub,4,18527.61,0.02,4104.24,Cash,Small Business
ORD-03500,2026-03-29,CUST-0944,Customer 0604,West,Maharashtra,Surat,Office Supplies,Paper,A4 Paper,5,3161.2,0.15,912.67,Net Banking,Consumer
ORD-03501,2026-03-02,CUST-1175,Customer 0556,East,West Bengal,Kolkata,Office Supplies,Writing,Markers,2,863.06,0.05,168.01,Debit Card,Small Business
ORD-03502,2026-03-04,CUST-0167,Customer 0801,South,Tamil Nadu,Hyderabad,Furniture,Tables,Side Table,3,84414.35,0.02,20998.85,Cash,Small Business
ORD-03503,2025-03-25,CUST-0849,Customer 0652,West,Telangana,Surat,Furniture,Tables,Side Table,4,46475.1,0.1,8027.39,Credit Card,Small Business
ORD-03504,2025-11-23,CUST-1004,Customer 0613,West,Karnataka,Mumbai,Office Supplies,Paper,Premium Paper,1,399.31,0.08,61.48,UPI,Small Business
ORD-03505,2026-01-19,CUST-1158,Customer 0193,East,Telangana,Guwahati,Office Supplies,Binders,Presentation Folder,8,5225.7,0.08,1382.96,Net Banking,Small Business
ORD-03506,2026-12-13,CUST-0496,Customer 0714,North,Kerala,Jaipur,Technology,Smartphones,Budget Phone,5,148246.62,0.0,30391.55,Debit Card,Consumer
ORD-03507,2026-12-11,CUST-1058,Customer 0115,South,Telangana,Chennai,Office Supplies,Binders,Lever Arch Binder,1,555.07,0.02,173.28,Debit Card,Corporate
ORD-03508,2025-08-01,CUST-0682,Customer 0211,East,Gujarat,Patna,Technology,Laptops,Gaming Laptop,5,549866.79,0.08,67742.8,Cash,Consumer
ORD-03509,2025-02-04,CUST-0266,Customer 1075,West,Tamil Nadu,Pune,Technology,Smartphones,Budget Phone,1,14714.33,0.08,1780.87,Credit Card,Corporate
ORD-03510,2025-07-05,CUST-0769,Customer 0427,North,Maharashtra,Lucknow,Furniture,Chairs,Ergonomic Chair,1,6040.88,0.15,1176.29,Debit Card,Corporate
ORD-03511,2025-02-08,CUST-0351,Customer 0678,East,Telangana,Kolkata,Office Supplies,Binders,Presentation Folder,5,1034.38,0.15,350.16,Credit Card,Corporate
ORD-03512,2025-05-14,CUST-0406,Customer 0781,North,Uttar Pradesh,Chandigarh,Office Supplies,Writing,Notebook,2,353.94,0.2,59.84,Debit Card,Consumer
ORD-03513,2025-09-09,CUST-0684,Customer 0589,East,West Bengal,Guwahati,Office Supplies,Binders,Ring Binder,4,1314.46,0.2,234.42,UPI,Consumer
ORD-03514,2025-03-20,CUST-0238,Customer 0463,East,Kerala,Kolkata,Furniture,Storage,Bookshelf,6,73432.38,0.0,18908.24,Credit Card,Consumer
ORD-03515,2025-10-02,CUST-0106,Customer 1038,East,West Bengal,Guwahati,Office Supplies,Writing,Notebook,2,278.51,0.15,50.97,Credit Card,Corporate
ORD-03516,2026-07-23,CUST-0130,Customer 1077,West,Telangana,Pune,Technology,Smartphones,Premium Phone,2,146432.97,0.1,20398.34,Cash,Corporate
ORD-03517,2026-01-04,CUST-1001,Customer 0428,South,Maharashtra,Kochi,Furniture,Storage,Bookshelf,1,7294.31,0.2,1328.6,Cash,Consumer
ORD-03518,2026-04-12,CUST-0759,Customer 0054,West,Tamil Nadu,Pune,Furniture,Storage,Bookshelf,4,4054.27,0.0,708.35,Net Banking,Corporate
ORD-03519,2026-10-12,CUST-0080,Customer 0815,North,Delhi,Chandigarh,Furniture,Storage,Bookshelf,2,10544.65,0.1,2717.98,Cash,Corporate
ORD-03520,2026-02-13,CUST-0490,Customer 0132,West,Kerala,Pune,Technology,Laptops,Business Laptop,1,65376.28,0.02,5419.88,Credit Card,Consumer
ORD-03521,2026-11-19,CUST-0187,Customer 0617,West,Telangana,Surat,Technology,Accessories,Wireless Mouse,2,3992.59,0.1,369.58,Credit Card,Consumer
ORD-03522,2025-05-04,CUST-0553,Customer 0005,West,Telangana,Mumbai,Technology,Laptops,Business Laptop,2,90925.82,0.2,20602.77,Debit Card,Corporate
ORD-03523,2025-08-25,CUST-0270,Customer 0115,East,Karnataka,Bhubaneswar,Technology,Smartphones,Budget Phone,1,54299.14,0.02,4538.19,Credit Card,Consumer
ORD-03524,2025-08-30,CUST-0682,Customer 0126,South,Kerala,Chennai,Furniture,Storage,Storage Box,4,13320.92,0.02,2233.34,Net Banking,Small Business
ORD-03525,2026-05-12,CUST-0842,Customer 0377,North,Kerala,Jaipur,Furniture,Chairs,Office Chair,8,96499.93,0.0,22631.09,Debit Card,Small Business
ORD-03526,2026-09-03,CUST-0931,Customer 0939,East,Kerala,Patna,Office Supplies,Binders,Lever Arch Binder,6,1774.99,0.1,533.78,Debit Card,Consumer
ORD-03527,2026-02-06,CUST-0504,Customer 0487,West,Rajasthan,Mumbai,Furniture,Chairs,Visitor Chair,4,23353.15,0.0,5313.65,Credit Card,Consumer
ORD-03528,2026-05-17,CUST-0406,Customer 0880,West,Telangana,Pune,Technology,Accessories,Keyboard,5,11778.74,0.02,1736.46,Cash,Consumer
ORD-03529,2026-07-11,CUST-0374,Customer 0616,East,Maharashtra,Guwahati,Office Supplies,Writing,Notebook,4,1391.22,0.2,335.25,Cash,Consumer
ORD-03530,2025-08-17,CUST-0404,Customer 1070,North,Tamil Nadu,Chandigarh,Furniture,Chairs,Visitor Chair,1,5291.69,0.02,1536.21,UPI,Small Business
ORD-03531,2026-11-29,CUST-0057,Customer 1190,East,Gujarat,Bhubaneswar,Office Supplies,Paper,A4 Paper,10,5252.82,0.08,939.78,Credit Card,Small Business
ORD-03532,2025-06-08,CUST-0516,Customer 0758,North,Rajasthan,Chandigarh,Furniture,Chairs,Office Chair,6,45114.25,0.02,10206.98,Net Banking,Small Business
ORD-03533,2026-03-01,CUST-0321,Customer 0388,North,Maharashtra,Jaipur,Office Supplies,Writing,Pen Set,4,2436.31,0.05,382.31,Net Banking,Corporate
ORD-03534,2026-06-19,CUST-0916,Customer 1042,North,Kerala,Chandigarh,Technology,Smartphones,Budget Phone,4,229718.24,0.2,26988.76,Debit Card,Small Business
ORD-03535,2026-01-06,CUST-1169,Customer 0708,North,Karnataka,Delhi,Furniture,Chairs,Office Chair,4,44420.43,0.05,9819.17,Cash,Small Business
ORD-03536,2026-05-09,CUST-0010,Customer 1146,South,Rajasthan,Hyderabad,Furniture,Chairs,Office Chair,4,22455.95,0.02,2751.34,Credit Card,Small Business
ORD-03537,2025-12-25,CUST-0345,Customer 0201,West,Gujarat,Ahmedabad,Office Supplies,Binders,Lever Arch Binder,2,1096.53,0.15,302.67,Cash,Consumer
ORD-03538,2025-05-23,CUST-0939,Customer 0002,East,Telangana,Patna,Furniture,Chairs,Visitor Chair,2,24637.94,0.02,5903.82,Debit Card,Consumer
ORD-03539,2025-12-30,CUST-0841,Customer 0365,East,Gujarat,Guwahati,Office Supplies,Paper,A4 Paper,1,766.96,0.2,249.15,Credit Card,Consumer
ORD-03540,2025-02-20,CUST-0642,Customer 1165,West,Rajasthan,Surat,Furniture,Tables,Side Table,5,79582.54,0.1,21402.35,Debit Card,Corporate
ORD-03541,2025-07-23,CUST-0320,Customer 0049,North,Rajasthan,Jaipur,Technology,Smartphones,Premium Phone,2,39117.36,0.2,5162.92,Debit Card,Corporate
ORD-03542,2026-11-13,CUST-0426,Customer 0980,South,Tamil Nadu,Chennai,Furniture,Storage,Filing Cabinet,1,4103.24,0.2,535.71,Debit Card,Consumer
ORD-03543,2026-10-29,CUST-0062,Customer 0748,East,Maharashtra,Bhubaneswar,Technology,Laptops,Ultrabook,4,183528.56,0.08,30348.18,Credit Card,Small Business
ORD-03544,2026-03-25,CUST-1125,Customer 0950,South,Karnataka,Chennai,Furniture,Chairs,Visitor Chair,2,28617.56,0.1,5722.33,Net Banking,Corporate
ORD-03545,2026-11-06,CUST-0062,Customer 0943,West,Uttar Pradesh,Ahmedabad,Furniture,Chairs,Visitor Chair,6,54117.52,0.02,6854.66,Credit Card,Small Business
ORD-03546,2025-01-10,CUST-0762,Customer 0803,North,Kerala,Delhi,Office Supplies,Paper,A4 Paper,10,3595.24,0.05,915.86,Debit Card,Consumer
ORD-03547,2025-09-20,CUST-1197,Customer 0143,North,Karnataka,Delhi,Office Supplies,Writing,Markers,3,811.75,0.0,125.91,Credit Card,Corporate
ORD-03548,2025-02-01,CUST-0581,Customer 1165,South,Kerala,Chennai,Office Supplies,Paper,Recycled Paper,2,1886.32,0.1,348.21,UPI,Consumer
ORD-03549,2025-10-09,CUST-0424,Customer 0154,West,Karnataka,Ahmedabad,Technology,Smartphones,Android Phone,1,21496.7,0.0,4028.46,Debit Card,Corporate
ORD-03550,2026-03-02,CUST-0032,Customer 0882,North,West Bengal,Jaipur,Technology,Smartphones,Budget Phone,3,142842.42,0.05,12316.37,Debit Card,Small Business
ORD-03551,2026-08-04,CUST-0720,Customer 0247,North,Gujarat,Chandigarh,Technology,Smartphones,Budget Phone,6,163247.58,0.05,23589.61,UPI,Corporate
ORD-03552,2025-12-09,CUST-0251,Customer 0241,West,Tamil Nadu,Mumbai,Office Supplies,Paper,A4 Paper,2,1059.15,0.08,183.2,Net Banking,Consumer
ORD-03553,2026-10-25,CUST-0864,Customer 0667,West,Karnataka,Mumbai,Furniture,Chairs,Ergonomic Chair,2,24490.1,0.0,4670.74,Debit Card,Small Business
ORD-03554,2025-03-18,CUST-0383,Customer 0299,West,Karnataka,Pune,Furniture,Tables,Work Desk,4,29576.74,0.08,4614.33,Net Banking,Consumer
ORD-03555,2025-01-21,CUST-1124,Customer 1060,East,Rajasthan,Kolkata,Office Supplies,Writing,Markers,4,1093.47,0.02,229.77,Credit Card,Small Business
ORD-03556,2026-08-20,CUST-1178,Customer 0487,West,Tamil Nadu,Pune,Furniture,Chairs,Office Chair,1,9112.64,0.0,2607.09,Cash,Consumer
ORD-03557,2026-10-02,CUST-0926,Customer 0227,East,Kerala,Kolkata,Technology,Accessories,USB Hub,1,2858.83,0.2,557.52,UPI,Small Business
ORD-03558,2025-12-31,CUST-0543,Customer 0393,South,Gujarat,Kochi,Furniture,Storage,Filing Cabinet,3,16233.7,0.05,3767.39,Debit Card,Consumer
ORD-03559,2026-09-02,CUST-0807,Customer 0896,South,Gujarat,Kochi,Furniture,Tables,Side Table,2,15882.74,0.15,3145.24,Cash,Consumer
ORD-03560,2025-06-01,CUST-0556,Customer 0388,North,Karnataka,Delhi,Furniture,Chairs,Office Chair,4,39041.84,0.15,10854.97,Net Banking,Corporate
ORD-03561,2026-05-21,CUST-0007,Customer 1046,West,Telangana,Surat,Office Supplies,Writing,Pen Set,3,1326.23,0.1,216.61,Debit Card,Consumer
ORD-03562,2025-12-30,CUST-0931,Customer 1181,South,Telangana,Hyderabad,Technology,Accessories,USB Hub,1,3719.24,0.15,750.97,Credit Card,Small Business
ORD-03563,2026-04-02,CUST-0310,Customer 0667,South,Tamil Nadu,Chennai,Furniture,Tables,Work Desk,2,50402.81,0.02,6194.87,UPI,Corporate
ORD-03564,2025-01-21,CUST-1136,Customer 0555,West,Karnataka,Mumbai,Office Supplies,Writing,Markers,2,1339.37,0.0,462.77,UPI,Small Business
ORD-03565,2026-02-26,CUST-0043,Customer 1083,North,Rajasthan,Jaipur,Office Supplies,Writing,Notebook,3,1839.77,0.08,355.57,UPI,Consumer
ORD-03566,2025-12-15,CUST-0726,Customer 0041,South,Uttar Pradesh,Hyderabad,Technology,Smartphones,Premium Phone,4,232801.49,0.08,34574.13,Credit Card,Small Business
ORD-03567,2025-07-11,CUST-0739,Customer 0099,North,Kerala,Chandigarh,Technology,Accessories,USB Hub,1,680.82,0.08,122.63,Cash,Consumer
ORD-03568,2025-03-11,CUST-0260,Customer 0536,East,Maharashtra,Guwahati,Furniture,Tables,Conference Table,3,63749.05,0.15,10953.75,Net Banking,Consumer
ORD-03569,2025-02-13,CUST-0902,Customer 0818,West,Tamil Nadu,Mumbai,Furniture,Chairs,Visitor Chair,4,20523.16,0.1,4716.3,Cash,Consumer
ORD-03570,2025-05-18,CUST-0192,Customer 0922,North,West Bengal,Chandigarh,Office Supplies,Writing,Pen Set,3,907.46,0.1,138.72,Debit Card,Small Business
ORD-03571,2025-02-11,CUST-0572,Customer 0386,North,West Bengal,Delhi,Furniture,Tables,Conference Table,1,11322.86,0.15,3390.39,Debit Card,Small Business
ORD-03572,2026-09-28,CUST-0660,Customer 0108,South,Uttar Pradesh,Bengaluru,Furniture,Tables,Conference Table,4,82773.18,0.02,23239.73,UPI,Small Business
ORD-03573,2026-01-04,CUST-0811,Customer 0967,West,Delhi,Mumbai,Technology,Accessories,Wireless Mouse,3,3936.84,0.1,585.39,UPI,Corporate
ORD-03574,2025-05-20,CUST-1017,Customer 0003,North,Uttar Pradesh,Chandigarh,Technology,Smartphones,Budget Phone,8,478850.73,0.05,53779.88,Credit Card,Consumer
ORD-03575,2025-04-29,CUST-0007,Customer 0511,North,Telangana,Lucknow,Office Supplies,Paper,Recycled Paper,3,823.44,0.0,264.53,Credit Card,Small Business
ORD-03576,2025-12-22,CUST-1002,Customer 1066,South,Uttar Pradesh,Chennai,Furniture,Chairs,Ergonomic Chair,4,12577.75,0.0,2815.21,Debit Card,Consumer
ORD-03577,2026-09-06,CUST-0099,Customer 0575,West,Maharashtra,Surat,Technology,Accessories,Wireless Mouse,2,5213.74,0.05,638.88,Cash,Corporate
ORD-03578,2026-03-31,CUST-0271,Customer 0884,West,Tamil Nadu,Mumbai,Furniture,Storage,Filing Cabinet,1,2531.78,0.08,618.18,Credit Card,Corporate
ORD-03579,2026-02-27,CUST-0729,Customer 0679,East,Kerala,Kolkata,Technology,Accessories,Keyboard,5,2641.38,0.1,485.88,UPI,Consumer
ORD-03580,2025-08-11,CUST-0394,Customer 1199,East,West Bengal,Patna,Office Supplies,Writing,Markers,5,2880.0,0.1,763.85,Debit Card,Corporate
ORD-03581,2026-10-17,CUST-0623,Customer 0622,South,Gujarat,Bengaluru,Office Supplies,Paper,A4 Paper,2,867.77,0.08,201.43,UPI,Small Business
ORD-03582,2025-12-04,CUST-0898,Customer 0696,South,Maharashtra,Kochi,Technology,Smartphones,Budget Phone,3,141971.02,0.2,12764.61,Net Banking,Small Business
ORD-03583,2026-08-10,CUST-0033,Customer 0027,East,Telangana,Patna,Furniture,Chairs,Office Chair,1,10382.94,0.05,1581.84,Debit Card,Small Business
ORD-03584,2025-03-22,CUST-0650,Customer 0143,South,Telangana,Kochi,Office Supplies,Binders,Ring Binder,2,1321.85,0.15,449.56,Credit Card,Corporate
ORD-03585,2026-03-14,CUST-0650,Customer 1036,West,Kerala,Surat,Office Supplies,Paper,Recycled Paper,2,2269.62,0.0,349.4,Net Banking,Small Business
ORD-03586,2025-08-12,CUST-1141,Customer 0676,South,Gujarat,Hyderabad,Technology,Accessories,Keyboard,2,8455.23,0.02,1698.43,Credit Card,Small Business
ORD-03587,2026-06-24,CUST-0407,Customer 0520,East,Rajasthan,Guwahati,Office Supplies,Binders,Ring Binder,6,3518.29,0.1,808.79,Net Banking,Small Business
ORD-03588,2026-02-19,CUST-0678,Customer 0462,North,Telangana,Delhi,Furniture,Tables,Side Table,10,179109.14,0.02,40998.75,Cash,Small Business
ORD-03589,2025-04-17,CUST-0087,Customer 0597,South,Uttar Pradesh,Bengaluru,Furniture,Storage,Filing Cabinet,1,1179.21,0.1,310.87,Net Banking,Small Business
ORD-03590,2025-09-02,CUST-0568,Customer 0653,West,Tamil Nadu,Mumbai,Technology,Smartphones,Android Phone,4,158847.66,0.2,18449.02,UPI,Small Business
ORD-03591,2025-04-21,CUST-0624,Customer 1007,South,Gujarat,Hyderabad,Furniture,Tables,Work Desk,1,16282.9,0.08,3595.46,UPI,Corporate
ORD-03592,2026-11-21,CUST-0122,Customer 0114,North,West Bengal,Lucknow,Furniture,Chairs,Visitor Chair,1,15349.15,0.02,3485.33,Cash,Corporate
ORD-03593,2026-10-15,CUST-0786,Customer 0123,West,Maharashtra,Surat,Furniture,Tables,Work Desk,2,9969.08,0.15,1768.15,Net Banking,Corporate
ORD-03594,2025-12-31,CUST-0191,Customer 0890,South,Maharashtra,Chennai,Furniture,Chairs,Ergonomic Chair,2,10851.76,0.05,1467.33,UPI,Small Business
ORD-03595,2026-12-09,CUST-0321,Customer 0542,East,Maharashtra,Patna,Furniture,Storage,Filing Cabinet,3,23946.49,0.2,6298.9,Net Banking,Corporate
ORD-03596,2025-07-27,CUST-0124,Customer 0793,East,Tamil Nadu,Kolkata,Furniture,Storage,Filing Cabinet,4,36500.43,0.15,7635.23,Debit Card,Corporate
ORD-03597,2025-03-03,CUST-0126,Customer 0318,North,Delhi,Delhi,Furniture,Storage,Bookshelf,3,33409.0,0.05,4163.34,Net Banking,Small Business
ORD-03598,2026-07-25,CUST-0971,Customer 0979,South,West Bengal,Hyderabad,Office Supplies,Writing,Markers,2,1164.18,0.02,320.35,Net Banking,Corporate
ORD-03599,2025-04-28,CUST-0396,Customer 0926,East,Gujarat,Kolkata,Technology,Laptops,Gaming Laptop,3,346252.29,0.0,43385.14,Credit Card,Consumer
ORD-03600,2026-01-21,CUST-0981,Customer 0742,South,Rajasthan,Kochi,Furniture,Storage,Bookshelf,1,14207.61,0.02,4040.01,UPI,Corporate
ORD-03601,2026-06-07,CUST-1173,Customer 0506,East,Kerala,Guwahati,Furniture,Storage,Bookshelf,5,5374.19,0.1,1258.1,Net Banking,Corporate
ORD-03602,2026-08-16,CUST-0537,Customer 0898,East,Karnataka,Guwahati,Technology,Smartphones,Budget Phone,8,264859.54,0.02,50252.93,Debit Card,Corporate
ORD-03603,2026-12-26,CUST-0023,Customer 0140,East,Uttar Pradesh,Patna,Furniture,Tables,Side Table,4,96868.71,0.1,23159.59,Net Banking,Corporate
ORD-03604,2026-06-16,CUST-0924,Customer 0129,South,Delhi,Kochi,Technology,Smartphones,Android Phone,2,83870.02,0.15,8678.8,Cash,Consumer
ORD-03605,2025-09-03,CUST-1125,Customer 0652,East,Gujarat,Guwahati,Technology,Laptops,Business Laptop,3,272142.9,0.15,42068.87,Debit Card,Consumer
ORD-03606,2026-03-11,CUST-1056,Customer 1076,East,Rajasthan,Kolkata,Technology,Accessories,Keyboard,3,12571.76,0.0,1612.29,Cash,Small Business
ORD-03607,2026-04-22,CUST-0213,Customer 0229,North,Delhi,Lucknow,Furniture,Chairs,Ergonomic Chair,1,16730.0,0.02,2933.13,Net Banking,Small Business
ORD-03608,2025-06-10,CUST-0134,Customer 1002,West,Maharashtra,Pune,Furniture,Storage,Filing Cabinet,2,9246.85,0.2,2579.71,Net Banking,Corporate
ORD-03609,2025-08-09,CUST-0155,Customer 1166,North,Tamil Nadu,Jaipur,Office Supplies,Writing,Notebook,1,387.05,0.0,112.14,Net Banking,Corporate
ORD-03610,2026-06-20,CUST-1183,Customer 0884,West,West Bengal,Mumbai,Furniture,Chairs,Ergonomic Chair,4,51123.54,0.1,12800.75,Net Banking,Consumer
ORD-03611,2026-05-21,CUST-0830,Customer 1131,North,Rajasthan,Jaipur,Technology,Smartphones,Premium Phone,3,157505.63,0.02,15774.72,Net Banking,Consumer
ORD-03612,2026-09-17,CUST-0289,Customer 0684,West,West Bengal,Mumbai,Furniture,Tables,Work Desk,3,56555.9,0.1,10444.48,Cash,Corporate
ORD-03613,2025-07-13,CUST-0599,Customer 0144,South,Maharashtra,Chennai,Furniture,Chairs,Visitor Chair,10,105413.3,0.0,27547.3,Net Banking,Consumer
ORD-03614,2025-03-09,CUST-0709,Customer 0645,East,Uttar Pradesh,Guwahati,Furniture,Chairs,Ergonomic Chair,5,40699.95,0.2,5586.45,UPI,Consumer
ORD-03615,2025-01-27,CUST-0891,Customer 0935,North,West Bengal,Delhi,Office Supplies,Binders,Ring Binder,5,2278.46,0.0,547.26,Net Banking,Small Business
ORD-03616,2025-07-17,CUST-0820,Customer 0607,South,Telangana,Bengaluru,Technology,Laptops,Gaming Laptop,2,220756.29,0.02,37211.98,Debit Card,Corporate
ORD-03617,2025-04-01,CUST-0068,Customer 0206,North,Telangana,Jaipur,Furniture,Chairs,Office Chair,4,45612.62,0.15,13409.51,Debit Card,Corporate
ORD-03618,2026-08-08,CUST-0920,Customer 0966,West,Karnataka,Surat,Furniture,Storage,Filing Cabinet,3,13746.44,0.1,2535.8,UPI,Consumer
ORD-03619,2025-02-12,CUST-0138,Customer 0545,West,Maharashtra,Mumbai,Furniture,Tables,Side Table,1,19303.81,0.1,2998.11,Debit Card,Corporate
ORD-03620,2025-08-24,CUST-0895,Customer 1026,East,Rajasthan,Patna,Technology,Smartphones,Premium Phone,3,136736.85,0.2,32450.94,UPI,Corporate
ORD-03621,2025-07-18,CUST-0271,Customer 0845,East,West Bengal,Guwahati,Office Supplies,Binders,Presentation Folder,1,430.28,0.15,99.29,UPI,Small Business
ORD-03622,2026-09-23,CUST-0288,Customer 0157,South,Tamil Nadu,Bengaluru,Furniture,Storage,Filing Cabinet,5,21809.49,0.1,3773.37,Cash,Consumer
ORD-03623,2026-11-11,CUST-0990,Customer 1109,East,Telangana,Patna,Furniture,Chairs,Visitor Chair,3,43254.56,0.0,8545.2,Credit Card,Small Business
ORD-03624,2026-08-30,CUST-1035,Customer 0394,South,Kerala,Kochi,Technology,Laptops,Business Laptop,1,49842.3,0.1,5191.77,Cash,Consumer
ORD-03625,2026-03-13,CUST-0162,Customer 0891,North,Uttar Pradesh,Chandigarh,Technology,Accessories,USB Hub,3,13948.51,0.05,2209.6,Credit Card,Small Business
ORD-03626,2025-12-01,CUST-0554,Customer 0861,West,Uttar Pradesh,Mumbai,Technology,Laptops,Gaming Laptop,5,497772.56,0.0,108668.3,Credit Card,Consumer
ORD-03627,2025-07-10,CUST-0210,Customer 0221,South,Tamil Nadu,Bengaluru,Furniture,Chairs,Office Chair,6,51028.58,0.08,8529.85,Debit Card,Corporate
ORD-03628,2026-09-29,CUST-0097,Customer 0137,East,Maharashtra,Bhubaneswar,Office Supplies,Paper,Recycled Paper,4,2801.11,0.0,754.24,Net Banking,Corporate
ORD-03629,2026-01-13,CUST-1176,Customer 0620,North,Uttar Pradesh,Lucknow,Office Supplies,Binders,Lever Arch Binder,3,2590.23,0.0,859.32,UPI,Corporate
ORD-03630,2026-11-09,CUST-0444,Customer 0853,North,Karnataka,Delhi,Technology,Smartphones,Budget Phone,4,49370.46,0.05,11010.38,Cash,Corporate
ORD-03631,2026-09-15,CUST-1010,Customer 0426,East,Telangana,Bhubaneswar,Office Supplies,Binders,Lever Arch Binder,10,5145.34,0.15,1046.31,Credit Card,Consumer
ORD-03632,2025-08-14,CUST-0367,Customer 0705,West,Rajasthan,Mumbai,Technology,Smartphones,Android Phone,5,145752.52,0.2,12335.91,UPI,Corporate
ORD-03633,2025-12-31,CUST-0200,Customer 0829,North,Kerala,Chandigarh,Office Supplies,Binders,Ring Binder,2,530.03,0.15,114.54,UPI,Consumer
ORD-03634,2025-03-24,CUST-1159,Customer 0420,East,Delhi,Kolkata,Furniture,Storage,Bookshelf,4,37101.01,0.2,6383.49,UPI,Small Business
ORD-03635,2026-02-14,CUST-1020,Customer 0903,North,Karnataka,Delhi,Technology,Accessories,USB Hub,1,3673.07,0.08,772.42,Cash,Small Business
ORD-03636,2025-02-13,CUST-0535,Customer 0388,East,Kerala,Bhubaneswar,Technology,Accessories,Keyboard,5,16302.54,0.08,2688.34,Debit Card,Consumer
ORD-03637,2026-07-07,CUST-0665,Customer 0992,North,Uttar Pradesh,Delhi,Office Supplies,Writing,Notebook,10,3888.11,0.05,1184.83,UPI,Small Business
ORD-03638,2026-01-13,CUST-1131,Customer 1137,North,Rajasthan,Jaipur,Furniture,Chairs,Office Chair,1,9782.93,0.0,1444.09,Cash,Small Business
ORD-03639,2025-07-13,CUST-0525,Customer 0046,East,Kerala,Guwahati,Technology,Accessories,Wireless Mouse,3,6901.49,0.1,637.85,Debit Card,Small Business
ORD-03640,2026-12-28,CUST-0792,Customer 0154,North,West Bengal,Chandigarh,Technology,Smartphones,Android Phone,3,194876.57,0.02,37741.1,Credit Card,Consumer
ORD-03641,2025-05-19,CUST-0394,Customer 0514,North,Uttar Pradesh,Chandigarh,Office Supplies,Binders,Lever Arch Binder,1,546.02,0.2,166.09,Credit Card,Consumer
ORD-03642,2026-01-05,CUST-0884,Customer 0161,East,Gujarat,Guwahati,Technology,Smartphones,Premium Phone,4,281661.09,0.08,29117.35,Debit Card,Consumer
ORD-03643,2026-08-26,CUST-0524,Customer 0221,South,West Bengal,Kochi,Technology,Laptops,Business Laptop,4,363645.82,0.0,48485.73,Net Banking,Consumer
ORD-03644,2025-12-18,CUST-0278,Customer 0843,North,Tamil Nadu,Delhi,Furniture,Storage,Filing Cabinet,4,12822.81,0.0,2921.09,UPI,Consumer
ORD-03645,2025-01-02,CUST-0158,Customer 0132,West,Telangana,Surat,Office Supplies,Writing,Markers,6,1920.4,0.2,532.76,UPI,Consumer
ORD-03646,2026-02-04,CUST-0952,Customer 0504,North,Telangana,Delhi,Furniture,Tables,Side Table,2,48715.59,0.05,11332.03,UPI,Small Business
ORD-03647,2025-06-29,CUST-1035,Customer 0047,South,West Bengal,Kochi,Office Supplies,Binders,Ring Binder,2,615.93,0.08,202.14,Debit Card,Small Business
ORD-03648,2025-12-17,CUST-0753,Customer 0016,North,Kerala,Chandigarh,Technology,Accessories,USB Hub,4,15939.53,0.2,2909.14,Debit Card,Consumer
ORD-03649,2025-01-27,CUST-1028,Customer 1005,North,Telangana,Lucknow,Office Supplies,Paper,Premium Paper,8,2905.61,0.08,539.94,Net Banking,Corporate
ORD-03650,2026-08-10,CUST-1043,Customer 0173,North,Delhi,Delhi,Furniture,Storage,Filing Cabinet,6,70527.99,0.15,14310.31,Debit Card,Corporate
ORD-03651,2025-09-10,CUST-0651,Customer 0288,North,Telangana,Chandigarh,Office Supplies,Binders,Presentation Folder,2,1583.52,0.1,371.87,Credit Card,Corporate
ORD-03652,2026-08-04,CUST-1096,Customer 0123,South,Telangana,Chennai,Office Supplies,Binders,Ring Binder,3,794.56,0.15,225.65,Credit Card,Consumer
ORD-03653,2025-05-30,CUST-0068,Customer 0640,North,Delhi,Lucknow,Technology,Smartphones,Premium Phone,4,268794.8,0.02,52425.48,Net Banking,Small Business
ORD-03654,2025-08-21,CUST-0125,Customer 0448,North,Karnataka,Jaipur,Technology,Smartphones,Premium Phone,5,401764.66,0.02,78531.6,UPI,Corporate
ORD-03655,2025-11-11,CUST-0379,Customer 0172,North,Gujarat,Jaipur,Technology,Laptops,Business Laptop,1,49205.37,0.08,6316.93,UPI,Corporate
ORD-03656,2026-05-01,CUST-0049,Customer 0260,West,Rajasthan,Mumbai,Furniture,Tables,Side Table,1,27154.47,0.02,7616.33,Credit Card,Small Business
ORD-03657,2026-12-14,CUST-0377,Customer 0720,East,Rajasthan,Patna,Furniture,Storage,Storage Box,3,20580.63,0.1,5939.09,Cash,Corporate
ORD-03658,2026-09-25,CUST-0779,Customer 0926,East,Telangana,Kolkata,Technology,Laptops,Gaming Laptop,2,84927.62,0.08,17478.26,Net Banking,Small Business
ORD-03659,2025-04-19,CUST-0579,Customer 1023,West,Delhi,Pune,Technology,Accessories,Keyboard,8,20439.7,0.08,2005.32,Credit Card,Small Business
ORD-03660,2025-01-09,CUST-0578,Customer 0292,East,Telangana,Bhubaneswar,Technology,Laptops,Business Laptop,6,239777.91,0.2,51089.7,Debit Card,Small Business
ORD-03661,2025-08-06,CUST-0229,Customer 0833,South,Tamil Nadu,Chennai,Office Supplies,Writing,Pen Set,3,504.82,0.2,106.47,Net Banking,Corporate
ORD-03662,2026-06-24,CUST-1188,Customer 0677,West,Tamil Nadu,Ahmedabad,Office Supplies,Binders,Lever Arch Binder,1,565.77,0.0,97.54,Credit Card,Consumer
ORD-03663,2025-11-26,CUST-0756,Customer 1057,East,Rajasthan,Patna,Office Supplies,Binders,Ring Binder,1,286.06,0.02,71.21,Credit Card,Consumer
ORD-03664,2026-06-06,CUST-1102,Customer 0585,West,Rajasthan,Ahmedabad,Technology,Laptops,Gaming Laptop,4,418971.41,0.05,56237.24,Cash,Consumer
ORD-03665,2025-01-24,CUST-0732,Customer 0942,West,Tamil Nadu,Mumbai,Furniture,Tables,Side Table,2,37571.14,0.0,8019.51,Credit Card,Corporate
ORD-03666,2026-09-09,CUST-0524,Customer 0349,East,Gujarat,Guwahati,Furniture,Chairs,Office Chair,3,15225.35,0.05,3947.87,Debit Card,Consumer
ORD-03667,2026-04-15,CUST-0240,Customer 0245,West,Uttar Pradesh,Pune,Furniture,Tables,Conference Table,2,52059.8,0.1,13329.44,Cash,Consumer
ORD-03668,2026-04-02,CUST-0950,Customer 0591,West,Kerala,Mumbai,Office Supplies,Paper,Recycled Paper,2,1401.97,0.02,293.25,Net Banking,Corporate
ORD-03669,2026-10-18,CUST-0210,Customer 1058,East,Uttar Pradesh,Guwahati,Office Supplies,Paper,Premium Paper,4,4316.62,0.02,1201.94,Credit Card,Corporate
ORD-03670,2026-10-11,CUST-0721,Customer 0704,West,West Bengal,Surat,Furniture,Tables,Work Desk,5,121061.82,0.05,28209.41,Cash,Corporate
ORD-03671,2026-10-09,CUST-0765,Customer 0691,North,Maharashtra,Lucknow,Office Supplies,Writing,Pen Set,2,750.47,0.0,237.51,Credit Card,Consumer
ORD-03672,2025-04-22,CUST-0376,Customer 1177,North,Uttar Pradesh,Lucknow,Technology,Laptops,Gaming Laptop,3,150550.48,0.05,26201.82,Debit Card,Corporate
ORD-03673,2025-04-18,CUST-1021,Customer 0961,West,Gujarat,Pune,Furniture,Chairs,Ergonomic Chair,5,36084.24,0.15,5386.11,Cash,Corporate
ORD-03674,2026-03-25,CUST-0631,Customer 0317,West,Uttar Pradesh,Ahmedabad,Technology,Accessories,Keyboard,1,1603.23,0.15,197.43,UPI,Consumer
ORD-03675,2026-04-14,CUST-0332,Customer 0771,North,Delhi,Jaipur,Technology,Laptops,Gaming Laptop,2,90833.97,0.1,13164.64,UPI,Small Business
ORD-03676,2025-08-26,CUST-0900,Customer 0349,North,Delhi,Delhi,Office Supplies,Binders,Presentation Folder,1,431.54,0.08,103.69,Credit Card,Consumer
ORD-03677,2025-07-03,CUST-0122,Customer 0767,South,Karnataka,Chennai,Technology,Accessories,USB Hub,4,7348.04,0.1,817.25,Net Banking,Small Business
ORD-03678,2025-12-10,CUST-1108,Customer 1065,East,Gujarat,Kolkata,Furniture,Storage,Bookshelf,1,11683.77,0.15,3017.33,Debit Card,Small Business
ORD-03679,2025-01-28,CUST-0069,Customer 0350,East,Karnataka,Bhubaneswar,Technology,Smartphones,Premium Phone,2,108734.55,0.0,24451.77,Cash,Small Business
ORD-03680,2025-07-10,CUST-0198,Customer 0743,West,Tamil Nadu,Surat,Furniture,Storage,Filing Cabinet,8,38011.91,0.08,5545.21,Net Banking,Corporate
ORD-03681,2025-12-29,CUST-0480,Customer 0166,North,Gujarat,Lucknow,Furniture,Storage,Filing Cabinet,2,25589.27,0.05,5479.74,UPI,Corporate
ORD-03682,2026-04-12,CUST-0937,Customer 0345,South,Telangana,Chennai,Technology,Smartphones,Android Phone,1,62281.64,0.2,11806.77,UPI,Small Business
ORD-03683,2025-10-28,CUST-0337,Customer 1108,West,Rajasthan,Ahmedabad,Office Supplies,Writing,Markers,3,1646.72,0.15,378.82,Credit Card,Consumer
ORD-03684,2026-06-13,CUST-0118,Customer 0242,West,Tamil Nadu,Surat,Office Supplies,Writing,Markers,3,1452.25,0.02,480.86,Credit Card,Consumer
ORD-03685,2025-06-18,CUST-0303,Customer 0431,North,West Bengal,Chandigarh,Technology,Accessories,USB Hub,1,1153.24,0.02,159.44,Net Banking,Corporate
ORD-03686,2026-07-18,CUST-0818,Customer 1125,North,Gujarat,Chandigarh,Furniture,Storage,Filing Cabinet,2,12868.3,0.02,2155.57,Net Banking,Consumer
ORD-03687,2025-11-15,CUST-0266,Customer 0957,East,Kerala,Kolkata,Office Supplies,Paper,Premium Paper,4,1328.44,0.05,285.58,UPI,Consumer
ORD-03688,2025-02-05,CUST-0639,Customer 0970,West,Rajasthan,Mumbai,Technology,Laptops,Gaming Laptop,1,87653.35,0.08,15604.5,Credit Card,Consumer
ORD-03689,2025-02-15,CUST-0544,Customer 0407,South,West Bengal,Kochi,Office Supplies,Writing,Notebook,2,1384.71,0.0,370.27,Net Banking,Consumer
ORD-03690,2025-06-22,CUST-0487,Customer 0924,South,Telangana,Kochi,Furniture,Chairs,Ergonomic Chair,2,5054.65,0.2,1358.96,Debit Card,Corporate
ORD-03691,2025-03-29,CUST-1199,Customer 0065,East,Rajasthan,Guwahati,Furniture,Chairs,Ergonomic Chair,6,63038.51,0.05,17462.83,Debit Card,Corporate
ORD-03692,2026-05-19,CUST-1042,Customer 0690,South,Tamil Nadu,Chennai,Technology,Accessories,Keyboard,1,2683.48,0.0,247.71,UPI,Corporate
ORD-03693,2025-05-14,CUST-0291,Customer 0714,South,Maharashtra,Kochi,Technology,Accessories,Wireless Mouse,2,4555.82,0.02,920.47,Cash,Corporate
ORD-03694,2025-06-13,CUST-0530,Customer 0746,North,Uttar Pradesh,Lucknow,Furniture,Tables,Conference Table,2,12182.15,0.15,2524.4,Cash,Consumer
ORD-03695,2026-06-11,CUST-0412,Customer 0399,West,West Bengal,Surat,Technology,Smartphones,Budget Phone,2,89849.59,0.15,11251.1,Cash,Consumer
ORD-03696,2026-10-22,CUST-1061,Customer 0049,West,Uttar Pradesh,Mumbai,Furniture,Storage,Storage Box,2,6399.18,0.1,1235.34,Credit Card,Corporate
ORD-03697,2026-01-09,CUST-0028,Customer 0414,East,Rajasthan,Patna,Furniture,Chairs,Office Chair,1,3311.09,0.02,686.11,Credit Card,Corporate
ORD-03698,2025-09-29,CUST-0291,Customer 0229,West,Maharashtra,Mumbai,Office Supplies,Paper,Recycled Paper,6,1566.97,0.08,486.3,Net Banking,Corporate
ORD-03699,2026-12-22,CUST-1031,Customer 0571,West,Kerala,Pune,Furniture,Storage,Filing Cabinet,3,23212.6,0.15,4488.74,Debit Card,Corporate
ORD-03700,2026-02-09,CUST-1176,Customer 1047,South,Maharashtra,Kochi,Furniture,Storage,Filing Cabinet,4,30561.33,0.2,5023.63,UPI,Corporate
ORD-03701,2025-04-18,CUST-0853,Customer 0155,North,Uttar Pradesh,Lucknow,Technology,Accessories,Wireless Mouse,3,11453.9,0.05,2037.36,Credit Card,Small Business
ORD-03702,2025-10-03,CUST-0619,Customer 0675,North,Telangana,Delhi,Furniture,Chairs,Visitor Chair,2,11990.96,0.02,2383.4,UPI,Corporate
ORD-03703,2026-05-11,CUST-0368,Customer 0380,East,Telangana,Guwahati,Technology,Smartphones,Premium Phone,1,24630.93,0.15,4771.99,Credit Card,Corporate
ORD-03704,2025-07-10,CUST-1161,Customer 0907,East,Gujarat,Bhubaneswar,Technology,Smartphones,Android Phone,2,109970.39,0.2,18975.95,Debit Card,Consumer
ORD-03705,2025-10-31,CUST-0666,Customer 0218,North,Maharashtra,Lucknow,Furniture,Storage,Filing Cabinet,3,20312.93,0.02,5270.89,UPI,Small Business
ORD-03706,2026-10-19,CUST-1178,Customer 0832,West,Rajasthan,Surat,Office Supplies,Paper,Recycled Paper,5,5476.05,0.05,1745.58,Debit Card,Corporate
ORD-03707,2025-07-17,CUST-1175,Customer 0244,North,Kerala,Delhi,Office Supplies,Paper,A4 Paper,1,1116.94,0.0,268.84,Credit Card,Small Business
ORD-03708,2026-11-12,CUST-1042,Customer 0697,East,Tamil Nadu,Patna,Furniture,Tables,Work Desk,6,134588.59,0.08,30208.91,Net Banking,Corporate
ORD-03709,2026-02-27,CUST-1199,Customer 0907,West,Rajasthan,Ahmedabad,Furniture,Storage,Storage Box,3,38195.25,0.1,7189.75,Credit Card,Small Business
ORD-03710,2025-12-22,CUST-0214,Customer 0593,South,Maharashtra,Chennai,Technology,Smartphones,Premium Phone,3,226236.31,0.1,46802.73,Net Banking,Small Business
ORD-03711,2025-06-09,CUST-0881,Customer 0405,North,Tamil Nadu,Chandigarh,Technology,Accessories,Keyboard,2,9764.52,0.0,2111.58,Net Banking,Corporate
ORD-03712,2025-05-15,CUST-0221,Customer 0983,West,Maharashtra,Ahmedabad,Office Supplies,Binders,Ring Binder,1,239.99,0.02,68.62,Cash,Consumer
ORD-03713,2026-08-29,CUST-0749,Customer 1107,North,Maharashtra,Jaipur,Furniture,Tables,Work Desk,2,15197.85,0.0,3633.72,Cash,Corporate
ORD-03714,2025-11-27,CUST-0180,Customer 0446,North,Delhi,Jaipur,Technology,Laptops,Gaming Laptop,2,103064.87,0.02,20382.89,Net Banking,Small Business
ORD-03715,2025-03-08,CUST-0780,Customer 0472,South,Maharashtra,Hyderabad,Technology,Laptops,Ultrabook,1,66267.86,0.15,15518.91,Debit Card,Corporate
ORD-03716,2025-06-20,CUST-0663,Customer 0620,West,Tamil Nadu,Mumbai,Office Supplies,Binders,Lever Arch Binder,1,673.44,0.15,186.38,Net Banking,Corporate
ORD-03717,2025-09-18,CUST-0699,Customer 1129,South,Karnataka,Chennai,Technology,Smartphones,Budget Phone,8,156279.27,0.1,35064.99,UPI,Small Business
ORD-03718,2026-08-01,CUST-1054,Customer 0175,East,Rajasthan,Guwahati,Furniture,Chairs,Visitor Chair,3,28942.1,0.15,8578.98,UPI,Corporate
ORD-03719,2026-06-14,CUST-0889,Customer 0228,East,Maharashtra,Bhubaneswar,Technology,Smartphones,Premium Phone,2,60325.78,0.0,6759.46,Net Banking,Corporate
ORD-03720,2026-04-09,CUST-0041,Customer 0992,East,Maharashtra,Patna,Technology,Smartphones,Android Phone,1,41175.18,0.05,4881.78,Net Banking,Corporate
ORD-03721,2026-01-19,CUST-0491,Customer 0160,North,Telangana,Jaipur,Furniture,Storage,Bookshelf,2,12438.98,0.2,3540.07,Credit Card,Corporate
ORD-03722,2025-05-25,CUST-0108,Customer 0559,East,Tamil Nadu,Kolkata,Office Supplies,Writing,Markers,3,1256.88,0.1,295.66,Cash,Corporate
ORD-03723,2026-10-10,CUST-0927,Customer 0643,South,Uttar Pradesh,Chennai,Technology,Accessories,Wireless Mouse,6,18370.15,0.1,4190.19,Net Banking,Small Business
ORD-03724,2025-05-04,CUST-0928,Customer 0686,East,Delhi,Patna,Furniture,Chairs,Office Chair,1,11507.34,0.05,2094.49,Credit Card,Corporate
ORD-03725,2025-10-06,CUST-0101,Customer 0465,West,Kerala,Mumbai,Furniture,Chairs,Ergonomic Chair,3,34654.59,0.15,9788.66,Net Banking,Consumer
ORD-03726,2025-10-29,CUST-0183,Customer 0529,West,Telangana,Surat,Furniture,Tables,Conference Table,5,68000.76,0.15,8862.87,Debit Card,Small Business
ORD-03727,2025-11-26,CUST-0329,Customer 1039,North,Uttar Pradesh,Chandigarh,Furniture,Chairs,Ergonomic Chair,1,11842.52,0.1,2124.74,UPI,Consumer
ORD-03728,2025-11-13,CUST-0416,Customer 0736,North,Uttar Pradesh,Jaipur,Technology,Accessories,USB Hub,3,14590.39,0.02,3254.33,Debit Card,Small Business
ORD-03729,2026-11-05,CUST-1179,Customer 0304,North,Telangana,Lucknow,Furniture,Tables,Work Desk,3,49145.0,0.08,12121.63,Debit Card,Small Business
ORD-03730,2025-03-20,CUST-0946,Customer 0238,East,Rajasthan,Bhubaneswar,Furniture,Storage,Bookshelf,2,6742.93,0.1,1412.77,Debit Card,Consumer
ORD-03731,2026-08-05,CUST-1068,Customer 0690,East,Uttar Pradesh,Guwahati,Furniture,Chairs,Visitor Chair,2,14080.34,0.0,2766.76,UPI,Small Business
ORD-03732,2025-11-30,CUST-0567,Customer 0249,East,West Bengal,Patna,Technology,Laptops,Ultrabook,3,258808.78,0.02,42258.69,Cash,Consumer
ORD-03733,2025-11-14,CUST-0068,Customer 1188,East,Rajasthan,Bhubaneswar,Technology,Smartphones,Budget Phone,2,126902.8,0.0,17385.14,Net Banking,Corporate
ORD-03734,2026-01-14,CUST-0326,Customer 0994,South,West Bengal,Hyderabad,Technology,Accessories,Keyboard,1,2725.81,0.0,631.72,Credit Card,Consumer
ORD-03735,2026-04-09,CUST-0905,Customer 1169,East,Kerala,Guwahati,Furniture,Tables,Conference Table,5,138905.23,0.02,17918.58,Net Banking,Corporate
ORD-03736,2025-04-11,CUST-0580,Customer 0048,North,West Bengal,Delhi,Office Supplies,Paper,Premium Paper,2,1470.07,0.2,504.59,UPI,Consumer
ORD-03737,2025-02-21,CUST-1052,Customer 0314,East,Kerala,Patna,Technology,Smartphones,Budget Phone,1,12790.92,0.15,1151.27,UPI,Consumer
ORD-03738,2025-12-31,CUST-0092,Customer 0132,North,Tamil Nadu,Jaipur,Furniture,Chairs,Visitor Chair,1,6035.94,0.02,1360.05,Debit Card,Corporate
ORD-03739,2025-09-04,CUST-0987,Customer 1033,East,Maharashtra,Patna,Technology,Accessories,USB Hub,2,1418.66,0.05,186.58,Cash,Consumer
ORD-03740,2025-05-20,CUST-0783,Customer 0475,East,Maharashtra,Patna,Furniture,Tables,Side Table,2,43649.46,0.1,7463.0,UPI,Consumer
ORD-03741,2025-02-24,CUST-1146,Customer 0283,East,Gujarat,Patna,Furniture,Chairs,Visitor Chair,1,15944.55,0.05,3524.73,Credit Card,Consumer
ORD-03742,2025-09-27,CUST-1192,Customer 0085,North,Maharashtra,Delhi,Furniture,Chairs,Ergonomic Chair,5,54941.37,0.15,15075.14,Debit Card,Small Business
ORD-03743,2026-12-05,CUST-0479,Customer 0087,South,West Bengal,Hyderabad,Technology,Smartphones,Budget Phone,6,278325.43,0.02,31345.69,Credit Card,Small Business
ORD-03744,2026-11-13,CUST-0386,Customer 1166,South,Telangana,Bengaluru,Office Supplies,Writing,Pen Set,2,274.11,0.0,89.61,UPI,Consumer
ORD-03745,2026-07-12,CUST-0125,Customer 0316,West,Maharashtra,Surat,Office Supplies,Writing,Notebook,1,120.29,0.2,37.87,Cash,Small Business
ORD-03746,2026-11-18,CUST-0729,Customer 0922,South,Kerala,Kochi,Office Supplies,Writing,Markers,4,2524.86,0.02,781.57,Debit Card,Consumer
ORD-03747,2025-12-24,CUST-0598,Customer 0925,East,Telangana,Patna,Furniture,Tables,Side Table,1,5606.52,0.15,1360.64,Cash,Corporate
ORD-03748,2026-09-30,CUST-0295,Customer 0118,South,Maharashtra,Kochi,Technology,Smartphones,Android Phone,2,102748.07,0.15,12534.07,Credit Card,Corporate
ORD-03749,2026-09-30,CUST-0748,Customer 0982,East,Telangana,Kolkata,Furniture,Tables,Work Desk,3,60540.35,0.0,14401.42,Cash,Corporate
ORD-03750,2026-05-08,CUST-0464,Customer 0451,South,Maharashtra,Hyderabad,Technology,Accessories,USB Hub,6,24119.48,0.0,2024.33,Cash,Consumer
ORD-03751,2026-08-14,CUST-0798,Customer 0802,West,Uttar Pradesh,Surat,Furniture,Chairs,Ergonomic Chair,1,10881.54,0.02,2661.69,Cash,Small Business
ORD-03752,2025-01-02,CUST-0230,Customer 0746,South,Gujarat,Chennai,Office Supplies,Binders,Presentation Folder,2,737.1,0.02,114.58,Debit Card,Corporate
ORD-03753,2026-12-09,CUST-1126,Customer 0955,East,Karnataka,Patna,Office Supplies,Paper,A4 Paper,1,674.25,0.0,208.82,UPI,Small Business
ORD-03754,2025-12-19,CUST-0515,Customer 1085,South,Maharashtra,Chennai,Technology,Accessories,USB Hub,2,4561.72,0.1,404.83,Cash,Consumer
ORD-03755,2025-05-15,CUST-1041,Customer 0139,North,Karnataka,Jaipur,Technology,Laptops,Ultrabook,4,257045.98,0.02,46881.24,UPI,Small Business
ORD-03756,2025-08-08,CUST-0949,Customer 0115,West,Karnataka,Pune,Office Supplies,Binders,Lever Arch Binder,2,722.77,0.0,130.93,Net Banking,Small Business
ORD-03757,2026-03-16,CUST-0895,Customer 1091,West,Kerala,Pune,Technology,Accessories,Wireless Mouse,1,4085.4,0.0,632.07,Cash,Consumer
ORD-03758,2026-08-14,CUST-0712,Customer 1151,North,Telangana,Jaipur,Furniture,Tables,Conference Table,5,44146.43,0.02,7704.48,Cash,Corporate
ORD-03759,2026-09-05,CUST-0068,Customer 1195,West,Kerala,Ahmedabad,Furniture,Chairs,Office Chair,1,9945.68,0.15,1777.4,Debit Card,Corporate
ORD-03760,2026-07-23,CUST-0360,Customer 0715,North,Rajasthan,Chandigarh,Furniture,Tables,Work Desk,2,47089.19,0.02,12052.55,Debit Card,Small Business
ORD-03761,2026-05-24,CUST-0996,Customer 0010,East,Delhi,Patna,Furniture,Tables,Conference Table,2,26251.96,0.15,4677.74,Credit Card,Small Business
ORD-03762,2025-12-12,CUST-0137,Customer 0204,West,Delhi,Ahmedabad,Technology,Smartphones,Premium Phone,4,205095.93,0.08,46708.75,Cash,Small Business
ORD-03763,2026-03-11,CUST-0538,Customer 0774,North,Kerala,Chandigarh,Office Supplies,Paper,Premium Paper,3,1830.24,0.05,593.94,Net Banking,Small Business
ORD-03764,2025-01-07,CUST-0799,Customer 0452,East,Uttar Pradesh,Kolkata,Office Supplies,Writing,Pen Set,2,1042.91,0.08,241.38,UPI,Small Business
ORD-03765,2026-10-07,CUST-0334,Customer 0057,East,Kerala,Kolkata,Office Supplies,Binders,Ring Binder,4,1649.29,0.05,247.41,UPI,Consumer
ORD-03766,2025-10-16,CUST-0544,Customer 0783,East,Telangana,Bhubaneswar,Technology,Laptops,Business Laptop,1,69664.65,0.2,13063.32,Net Banking,Corporate
ORD-03767,2025-04-04,CUST-0646,Customer 0200,South,Telangana,Hyderabad,Office Supplies,Paper,Premium Paper,2,1177.47,0.2,287.61,Cash,Corporate
ORD-03768,2025-08-21,CUST-0679,Customer 1025,East,Gujarat,Guwahati,Office Supplies,Writing,Pen Set,3,1566.08,0.02,516.04,Cash,Small Business
ORD-03769,2026-12-31,CUST-0696,Customer 0294,North,Telangana,Lucknow,Office Supplies,Binders,Ring Binder,6,4361.47,0.15,1219.24,Cash,Small Business
ORD-03770,2026-11-15,CUST-0619,Customer 1178,West,West Bengal,Ahmedabad,Technology,Laptops,Business Laptop,1,79065.58,0.1,7461.45,UPI,Consumer
ORD-03771,2026-09-17,CUST-0198,Customer 0111,North,Delhi,Delhi,Furniture,Storage,Bookshelf,2,8686.86,0.0,1925.14,Credit Card,Corporate
ORD-03772,2026-12-23,CUST-0742,Customer 1006,East,Delhi,Patna,Office Supplies,Paper,Recycled Paper,6,4968.62,0.05,806.5,Cash,Consumer
ORD-03773,2025-01-18,CUST-1043,Customer 0603,East,Tamil Nadu,Guwahati,Furniture,Storage,Storage Box,1,4093.37,0.15,712.02,Cash,Consumer
ORD-03774,2025-02-05,CUST-0765,Customer 0637,West,Tamil Nadu,Ahmedabad,Furniture,Storage,Filing Cabinet,3,37232.84,0.02,6642.25,Debit Card,Consumer
ORD-03775,2026-08-17,CUST-0777,Customer 0061,North,Rajasthan,Jaipur,Furniture,Tables,Conference Table,10,191826.09,0.2,52536.31,Credit Card,Small Business
ORD-03776,2026-07-24,CUST-0420,Customer 0778,West,Kerala,Ahmedabad,Technology,Laptops,Gaming Laptop,1,95598.5,0.1,11663.85,Debit Card,Corporate
ORD-03777,2025-05-20,CUST-0852,Customer 0227,East,Delhi,Bhubaneswar,Furniture,Tables,Side Table,2,11771.49,0.1,3206.28,Net Banking,Small Business
ORD-03778,2025-06-23,CUST-0462,Customer 0726,East,Tamil Nadu,Kolkata,Furniture,Chairs,Visitor Chair,3,38025.13,0.0,4696.05,UPI,Consumer
ORD-03779,2026-12-22,CUST-0535,Customer 0536,East,Maharashtra,Guwahati,Office Supplies,Writing,Markers,2,706.87,0.2,172.38,Cash,Corporate
ORD-03780,2026-12-11,CUST-0175,Customer 0498,West,Uttar Pradesh,Pune,Technology,Smartphones,Premium Phone,3,136163.55,0.15,16744.23,Net Banking,Small Business
ORD-03781,2026-11-29,CUST-0180,Customer 0246,West,Maharashtra,Mumbai,Technology,Accessories,USB Hub,5,3818.85,0.15,827.97,UPI,Corporate
ORD-03782,2026-03-29,CUST-0026,Customer 0953,East,Tamil Nadu,Bhubaneswar,Technology,Laptops,Business Laptop,1,64946.21,0.0,11737.07,UPI,Corporate
ORD-03783,2026-06-09,CUST-0141,Customer 0394,West,Telangana,Surat,Technology,Laptops,Ultrabook,4,299670.45,0.1,54941.88,UPI,Small Business
ORD-03784,2025-11-22,CUST-0230,Customer 1006,North,Uttar Pradesh,Jaipur,Technology,Laptops,Gaming Laptop,2,105831.05,0.2,20595.71,Cash,Consumer
ORD-03785,2025-05-25,CUST-0698,Customer 0035,West,Karnataka,Ahmedabad,Office Supplies,Binders,Lever Arch Binder,4,605.21,0.2,125.99,UPI,Small Business
ORD-03786,2026-11-01,CUST-0458,Customer 0196,East,Maharashtra,Bhubaneswar,Technology,Smartphones,Android Phone,4,174222.41,0.1,36258.27,Net Banking,Corporate
ORD-03787,2026-11-15,CUST-0969,Customer 1176,East,Telangana,Bhubaneswar,Furniture,Chairs,Office Chair,6,85461.27,0.2,15507.02,Debit Card,Small Business
ORD-03788,2025-06-17,CUST-0333,Customer 0097,North,Tamil Nadu,Lucknow,Technology,Laptops,Business Laptop,3,335542.42,0.02,48774.76,Debit Card,Consumer
ORD-03789,2025-01-09,CUST-0110,Customer 0855,West,Telangana,Surat,Office Supplies,Binders,Lever Arch Binder,1,389.38,0.08,132.63,Credit Card,Small Business
ORD-03790,2026-10-14,CUST-0692,Customer 0437,South,Rajasthan,Bengaluru,Technology,Smartphones,Android Phone,4,166944.95,0.08,24913.73,UPI,Small Business
ORD-03791,2025-10-05,CUST-0525,Customer 0773,South,Uttar Pradesh,Bengaluru,Office Supplies,Paper,Recycled Paper,4,2264.24,0.0,387.13,Cash,Corporate
ORD-03792,2025-10-06,CUST-1196,Customer 0570,North,Kerala,Jaipur,Office Supplies,Paper,Recycled Paper,8,3751.46,0.1,755.23,Net Banking,Consumer
ORD-03793,2025-11-10,CUST-0258,Customer 0221,East,West Bengal,Guwahati,Furniture,Chairs,Visitor Chair,1,15170.07,0.08,2504.99,Debit Card,Corporate
ORD-03794,2025-09-22,CUST-0625,Customer 0862,South,Delhi,Hyderabad,Office Supplies,Paper,Premium Paper,2,1636.23,0.2,338.21,Net Banking,Corporate
ORD-03795,2026-07-01,CUST-0807,Customer 0611,North,Rajasthan,Chandigarh,Office Supplies,Binders,Ring Binder,4,1273.17,0.1,383.53,Debit Card,Consumer
ORD-03796,2026-09-03,CUST-0201,Customer 0459,South,Rajasthan,Bengaluru,Furniture,Chairs,Office Chair,3,29796.58,0.02,3985.57,Cash,Small Business
ORD-03797,2025-05-16,CUST-0904,Customer 0250,West,Delhi,Ahmedabad,Furniture,Storage,Filing Cabinet,3,26533.13,0.08,7460.65,Debit Card,Consumer
ORD-03798,2026-06-24,CUST-0432,Customer 0564,South,Tamil Nadu,Hyderabad,Technology,Laptops,Gaming Laptop,10,1178017.3,0.0,229304.03,UPI,Corporate
ORD-03799,2026-09-06,CUST-0990,Customer 0708,West,Maharashtra,Pune,Technology,Laptops,Gaming Laptop,1,107855.03,0.05,24401.13,Net Banking,Consumer
ORD-03800,2026-07-23,CUST-1003,Customer 0934,North,Maharashtra,Lucknow,Technology,Laptops,Business Laptop,6,484283.09,0.1,90196.11,UPI,Corporate
ORD-03801,2025-12-31,CUST-1119,Customer 0368,South,Rajasthan,Bengaluru,Technology,Accessories,Keyboard,1,3928.96,0.15,603.51,UPI,Consumer
ORD-03802,2026-12-24,CUST-1185,Customer 1057,North,Tamil Nadu,Chandigarh,Furniture,Chairs,Visitor Chair,3,9393.76,0.2,1985.2,Cash,Consumer
ORD-03803,2025-05-19,CUST-0005,Customer 0844,North,Gujarat,Chandigarh,Technology,Accessories,Wireless Mouse,6,14775.06,0.1,1737.9,UPI,Consumer
ORD-03804,2026-09-03,CUST-0911,Customer 0262,East,Karnataka,Guwahati,Technology,Smartphones,Android Phone,3,70915.01,0.08,13755.09,Debit Card,Consumer
ORD-03805,2025-02-02,CUST-0051,Customer 0166,South,West Bengal,Chennai,Furniture,Chairs,Ergonomic Chair,5,58510.54,0.2,15829.74,UPI,Consumer
ORD-03806,2026-11-12,CUST-1020,Customer 0350,West,Gujarat,Pune,Technology,Laptops,Gaming Laptop,1,84236.11,0.1,15571.33,Debit Card,Corporate
ORD-03807,2026-07-07,CUST-0885,Customer 0160,South,Karnataka,Bengaluru,Furniture,Chairs,Office Chair,6,24244.45,0.05,5072.83,UPI,Corporate
ORD-03808,2026-03-28,CUST-0787,Customer 1169,North,Kerala,Jaipur,Furniture,Chairs,Ergonomic Chair,3,21647.76,0.02,6492.67,Credit Card,Corporate
ORD-03809,2026-02-20,CUST-0734,Customer 0116,South,Tamil Nadu,Chennai,Technology,Laptops,Ultrabook,3,227325.73,0.05,22068.46,Cash,Consumer
ORD-03810,2026-11-13,CUST-0259,Customer 0456,North,Tamil Nadu,Chandigarh,Furniture,Tables,Work Desk,3,65648.53,0.08,8576.14,Net Banking,Consumer
ORD-03811,2026-07-05,CUST-0715,Customer 0966,East,Gujarat,Patna,Furniture,Chairs,Office Chair,1,16324.23,0.08,4486.7,UPI,Small Business
ORD-03812,2026-07-14,CUST-0552,Customer 0750,West,Uttar Pradesh,Pune,Office Supplies,Binders,Lever Arch Binder,5,4386.13,0.0,1311.53,Credit Card,Corporate
ORD-03813,2025-07-18,CUST-0972,Customer 0275,South,Delhi,Bengaluru,Technology,Laptops,Business Laptop,1,87629.85,0.02,9702.38,Credit Card,Consumer
ORD-03814,2025-01-26,CUST-0744,Customer 0076,South,Rajasthan,Bengaluru,Office Supplies,Paper,Recycled Paper,1,325.47,0.02,63.95,Net Banking,Small Business
ORD-03815,2026-02-07,CUST-0690,Customer 0571,East,West Bengal,Bhubaneswar,Office Supplies,Binders,Ring Binder,1,775.2,0.02,166.82,Net Banking,Consumer
ORD-03816,2026-01-30,CUST-0693,Customer 0462,North,Delhi,Lucknow,Office Supplies,Paper,Premium Paper,6,2889.86,0.2,464.43,Debit Card,Consumer
ORD-03817,2025-06-21,CUST-0839,Customer 0987,South,Rajasthan,Kochi,Technology,Smartphones,Premium Phone,5,182589.14,0.15,39293.57,Credit Card,Corporate
ORD-03818,2025-05-27,CUST-0603,Customer 0350,East,Karnataka,Patna,Office Supplies,Paper,Premium Paper,10,9637.84,0.05,3256.99,Debit Card,Small Business
ORD-03819,2026-05-09,CUST-0171,Customer 0816,West,Karnataka,Ahmedabad,Technology,Smartphones,Premium Phone,3,154872.02,0.08,19125.18,UPI,Corporate
ORD-03820,2026-08-03,CUST-0759,Customer 0380,West,Tamil Nadu,Pune,Technology,Laptops,Gaming Laptop,2,77566.49,0.2,10464.93,Credit Card,Small Business
ORD-03821,2026-10-17,CUST-0953,Customer 0125,East,Uttar Pradesh,Guwahati,Technology,Smartphones,Android Phone,1,15994.74,0.15,1947.81,Net Banking,Small Business
ORD-03822,2025-08-18,CUST-0875,Customer 0535,North,Delhi,Jaipur,Furniture,Storage,Storage Box,6,61975.33,0.1,14631.18,Debit Card,Small Business
ORD-03823,2025-12-24,CUST-0599,Customer 0332,West,Kerala,Ahmedabad,Office Supplies,Binders,Presentation Folder,4,2031.81,0.08,410.4,Credit Card,Small Business
ORD-03824,2026-05-22,CUST-1082,Customer 0672,East,Karnataka,Bhubaneswar,Furniture,Storage,Filing Cabinet,2,21891.02,0.1,3634.94,Net Banking,Small Business
ORD-03825,2026-07-11,CUST-0828,Customer 0900,West,Uttar Pradesh,Surat,Technology,Smartphones,Android Phone,3,46002.04,0.05,7580.69,Cash,Corporate
ORD-03826,2026-05-09,CUST-0146,Customer 1153,East,Kerala,Kolkata,Technology,Accessories,Wireless Mouse,5,14227.87,0.2,1783.39,Cash,Consumer
ORD-03827,2026-09-30,CUST-0754,Customer 0790,West,Maharashtra,Ahmedabad,Technology,Laptops,Gaming Laptop,1,112480.88,0.0,22025.68,Debit Card,Consumer
ORD-03828,2026-01-21,CUST-0157,Customer 0454,West,Karnataka,Ahmedabad,Furniture,Chairs,Ergonomic Chair,1,5452.78,0.1,1359.37,Credit Card,Corporate
ORD-03829,2026-11-04,CUST-0592,Customer 0146,East,Karnataka,Patna,Furniture,Chairs,Visitor Chair,1,15630.21,0.1,4214.35,UPI,Corporate
ORD-03830,2026-06-21,CUST-0546,Customer 0082,West,Tamil Nadu,Ahmedabad,Office Supplies,Paper,Premium Paper,4,3096.31,0.02,903.6,Credit Card,Corporate
ORD-03831,2026-02-26,CUST-0940,Customer 0117,North,Uttar Pradesh,Jaipur,Technology,Laptops,Ultrabook,3,244021.15,0.0,40176.69,Net Banking,Corporate
ORD-03832,2025-12-20,CUST-0347,Customer 1005,South,Gujarat,Kochi,Technology,Accessories,Wireless Mouse,5,19544.64,0.2,2011.34,Net Banking,Consumer
ORD-03833,2025-02-22,CUST-0004,Customer 0947,North,Karnataka,Delhi,Technology,Smartphones,Budget Phone,4,207831.13,0.08,32276.96,Credit Card,Small Business
ORD-03834,2026-07-12,CUST-0018,Customer 0774,South,Tamil Nadu,Chennai,Furniture,Storage,Storage Box,2,18099.66,0.15,4995.12,Credit Card,Small Business
ORD-03835,2025-06-03,CUST-0288,Customer 0272,East,Tamil Nadu,Bhubaneswar,Furniture,Chairs,Office Chair,5,52472.04,0.0,6354.93,UPI,Small Business
ORD-03836,2025-03-20,CUST-1119,Customer 0140,West,Rajasthan,Pune,Office Supplies,Paper,Premium Paper,4,1364.03,0.0,456.32,Cash,Consumer
ORD-03837,2025-02-10,CUST-0226,Customer 0577,East,Kerala,Kolkata,Technology,Smartphones,Premium Phone,3,121039.86,0.08,26010.74,Debit Card,Consumer
ORD-03838,2025-09-21,CUST-0277,Customer 0675,North,Uttar Pradesh,Lucknow,Technology,Laptops,Ultrabook,1,56236.45,0.0,9604.46,Net Banking,Consumer
ORD-03839,2025-12-01,CUST-0519,Customer 0618,West,Kerala,Surat,Technology,Laptops,Business Laptop,3,269683.71,0.2,55350.58,Net Banking,Corporate
ORD-03840,2026-06-15,CUST-0291,Customer 0667,East,Gujarat,Kolkata,Technology,Accessories,Keyboard,1,3957.58,0.15,369.56,Cash,Consumer
ORD-03841,2025-09-15,CUST-0284,Customer 0858,East,Maharashtra,Patna,Furniture,Storage,Bookshelf,6,5857.5,0.05,852.25,UPI,Corporate
ORD-03842,2025-05-08,CUST-0398,Customer 0315,South,Karnataka,Chennai,Technology,Accessories,Keyboard,2,6131.08,0.08,978.75,UPI,Consumer
ORD-03843,2026-06-21,CUST-0851,Customer 0921,West,Rajasthan,Mumbai,Office Supplies,Paper,Recycled Paper,1,991.65,0.02,169.74,Net Banking,Corporate
ORD-03844,2025-02-14,CUST-0613,Customer 0886,East,Maharashtra,Bhubaneswar,Technology,Accessories,USB Hub,1,2647.36,0.02,472.26,Credit Card,Small Business
ORD-03845,2026-12-28,CUST-0890,Customer 0639,West,Kerala,Surat,Furniture,Tables,Conference Table,2,15921.98,0.15,2359.61,Cash,Consumer
ORD-03846,2025-09-21,CUST-0657,Customer 1029,North,Gujarat,Chandigarh,Office Supplies,Binders,Ring Binder,2,1596.94,0.1,344.19,Debit Card,Corporate
ORD-03847,2025-12-19,CUST-0405,Customer 0522,East,Telangana,Patna,Furniture,Storage,Filing Cabinet,5,18834.48,0.15,3786.42,Net Banking,Small Business
ORD-03848,2026-01-22,CUST-0873,Customer 0657,South,Gujarat,Chennai,Office Supplies,Binders,Ring Binder,5,1062.41,0.02,330.58,Cash,Small Business
ORD-03849,2025-12-17,CUST-0564,Customer 0121,East,Maharashtra,Bhubaneswar,Furniture,Tables,Side Table,2,44640.42,0.08,10889.89,Credit Card,Small Business
ORD-03850,2026-07-31,CUST-0602,Customer 0736,North,Maharashtra,Jaipur,Office Supplies,Paper,Premium Paper,2,755.19,0.2,241.83,Cash,Small Business
ORD-03851,2026-02-01,CUST-0855,Customer 1055,South,Telangana,Chennai,Technology,Laptops,Gaming Laptop,2,204250.99,0.02,23476.22,UPI,Small Business
ORD-03852,2025-08-15,CUST-1121,Customer 0002,West,Tamil Nadu,Ahmedabad,Furniture,Storage,Bookshelf,6,30844.86,0.02,7390.95,UPI,Consumer
ORD-03853,2025-04-12,CUST-0637,Customer 0183,West,Tamil Nadu,Surat,Technology,Accessories,Wireless Mouse,4,16747.25,0.08,3941.14,Credit Card,Corporate
ORD-03854,2025-04-26,CUST-0734,Customer 1117,North,West Bengal,Lucknow,Technology,Laptops,Business Laptop,3,210281.32,0.02,35287.35,Net Banking,Corporate
ORD-03855,2026-03-26,CUST-0281,Customer 0248,North,Delhi,Delhi,Furniture,Chairs,Visitor Chair,4,38909.32,0.0,7254.34,Credit Card,Consumer
ORD-03856,2026-04-16,CUST-1000,Customer 0462,North,Telangana,Delhi,Technology,Accessories,USB Hub,2,8694.63,0.0,744.95,Credit Card,Small Business
ORD-03857,2025-01-09,CUST-1078,Customer 0355,West,Rajasthan,Ahmedabad,Furniture,Storage,Bookshelf,4,10351.31,0.15,1593.74,UPI,Consumer
ORD-03858,2025-03-04,CUST-0940,Customer 0696,West,Maharashtra,Surat,Furniture,Storage,Filing Cabinet,1,10193.18,0.05,1675.42,Cash,Small Business
ORD-03859,2025-10-26,CUST-0275,Customer 0453,West,Karnataka,Mumbai,Furniture,Chairs,Ergonomic Chair,8,115978.53,0.08,28973.44,Net Banking,Small Business
ORD-03860,2025-03-06,CUST-0846,Customer 1019,East,Gujarat,Patna,Technology,Smartphones,Android Phone,1,41610.46,0.15,6699.34,UPI,Small Business
ORD-03861,2026-08-21,CUST-0600,Customer 1001,East,Delhi,Guwahati,Technology,Smartphones,Budget Phone,3,96314.95,0.02,16298.74,UPI,Small Business
ORD-03862,2026-08-27,CUST-1113,Customer 0366,West,Telangana,Pune,Office Supplies,Binders,Lever Arch Binder,3,2034.38,0.1,531.32,Debit Card,Corporate
ORD-03863,2025-11-04,CUST-0819,Customer 0243,East,Tamil Nadu,Guwahati,Technology,Accessories,USB Hub,1,4719.91,0.0,384.71,Net Banking,Corporate
ORD-03864,2026-12-22,CUST-1120,Customer 0779,East,Rajasthan,Guwahati,Furniture,Chairs,Visitor Chair,4,47884.37,0.15,8731.76,UPI,Small Business
ORD-03865,2025-02-03,CUST-0262,Customer 0710,West,Delhi,Pune,Technology,Laptops,Ultrabook,2,119646.49,0.15,25557.25,UPI,Small Business
ORD-03866,2025-08-12,CUST-0217,Customer 0360,East,Delhi,Bhubaneswar,Office Supplies,Binders,Lever Arch Binder,3,1570.93,0.2,388.8,UPI,Corporate
ORD-03867,2025-12-26,CUST-0250,Customer 1005,East,Maharashtra,Patna,Technology,Laptops,Business Laptop,4,479943.94,0.0,43195.77,UPI,Corporate
ORD-03868,2026-08-17,CUST-0633,Customer 0638,South,Maharashtra,Kochi,Technology,Smartphones,Budget Phone,1,58134.43,0.0,7811.34,Cash,Corporate
ORD-03869,2026-12-15,CUST-1052,Customer 1198,West,Tamil Nadu,Mumbai,Furniture,Chairs,Office Chair,4,28277.52,0.1,4491.47,Credit Card,Corporate
ORD-03870,2025-10-15,CUST-0408,Customer 0414,East,Tamil Nadu,Bhubaneswar,Furniture,Tables,Work Desk,3,62206.96,0.1,12218.41,Net Banking,Consumer
ORD-03871,2026-12-22,CUST-0975,Customer 1144,South,Gujarat,Bengaluru,Office Supplies,Writing,Notebook,3,427.24,0.15,109.68,UPI,Small Business
ORD-03872,2026-12-11,CUST-0901,Customer 0725,West,Karnataka,Surat,Furniture,Chairs,Ergonomic Chair,4,20267.16,0.2,2931.01,Net Banking,Corporate
ORD-03873,2025-10-09,CUST-0597,Customer 0162,North,Rajasthan,Jaipur,Office Supplies,Writing,Markers,4,2443.68,0.1,527.65,Debit Card,Small Business
ORD-03874,2025-11-16,CUST-0059,Customer 0349,South,Rajasthan,Chennai,Technology,Laptops,Business Laptop,4,234559.63,0.15,39103.11,UPI,Consumer
ORD-03875,2025-09-13,CUST-0348,Customer 0473,North,Delhi,Lucknow,Office Supplies,Writing,Notebook,4,1813.36,0.2,626.31,Credit Card,Small Business
ORD-03876,2026-12-13,CUST-0127,Customer 0902,East,Maharashtra,Bhubaneswar,Technology,Accessories,USB Hub,5,4141.62,0.08,393.14,Cash,Small Business
ORD-03877,2025-07-23,CUST-0061,Customer 0009,West,West Bengal,Mumbai,Office Supplies,Writing,Markers,4,1508.31,0.05,319.13,Debit Card,Corporate
ORD-03878,2025-12-21,CUST-0206,Customer 1027,West,Maharashtra,Surat,Furniture,Tables,Work Desk,2,39019.63,0.08,10454.5,Credit Card,Corporate
ORD-03879,2025-07-21,CUST-0082,Customer 0681,South,West Bengal,Chennai,Technology,Smartphones,Android Phone,8,585911.15,0.02,113037.77,Debit Card,Corporate
ORD-03880,2026-01-26,CUST-0876,Customer 0874,West,Karnataka,Surat,Technology,Smartphones,Android Phone,6,146143.76,0.05,12234.65,Net Banking,Small Business
ORD-03881,2026-09-24,CUST-0840,Customer 0763,East,Delhi,Kolkata,Office Supplies,Binders,Presentation Folder,1,218.39,0.0,51.14,UPI,Consumer
ORD-03882,2025-01-15,CUST-0533,Customer 0401,West,Kerala,Ahmedabad,Furniture,Tables,Work Desk,2,41576.96,0.02,10022.04,Net Banking,Small Business
ORD-03883,2026-12-04,CUST-0319,Customer 0016,East,Uttar Pradesh,Bhubaneswar,Furniture,Storage,Bookshelf,1,1701.18,0.0,373.22,Net Banking,Consumer
ORD-03884,2025-05-29,CUST-0977,Customer 0167,West,Kerala,Pune,Office Supplies,Writing,Pen Set,4,1610.27,0.1,444.89,Credit Card,Small Business
ORD-03885,2025-04-10,CUST-1075,Customer 0152,South,West Bengal,Bengaluru,Office Supplies,Writing,Markers,1,572.84,0.08,124.02,Debit Card,Corporate
ORD-03886,2025-11-24,CUST-0257,Customer 0259,West,Rajasthan,Mumbai,Technology,Accessories,Wireless Mouse,2,8911.98,0.08,1687.82,UPI,Corporate
ORD-03887,2026-02-18,CUST-0894,Customer 0691,North,Tamil Nadu,Chandigarh,Technology,Accessories,USB Hub,1,3266.03,0.0,735.24,Net Banking,Corporate
ORD-03888,2025-04-29,CUST-0491,Customer 0668,South,Telangana,Bengaluru,Technology,Laptops,Ultrabook,3,292357.22,0.05,50021.49,Net Banking,Small Business
ORD-03889,2025-04-06,CUST-1063,Customer 0262,West,Delhi,Pune,Furniture,Tables,Side Table,3,28498.67,0.15,5317.31,Net Banking,Corporate
ORD-03890,2025-09-15,CUST-1096,Customer 0398,East,Rajasthan,Kolkata,Furniture,Chairs,Visitor Chair,1,4645.68,0.0,1199.09,UPI,Small Business
ORD-03891,2025-01-13,CUST-0970,Customer 0638,North,Kerala,Jaipur,Furniture,Chairs,Office Chair,1,14467.92,0.02,2473.8,Net Banking,Small Business
ORD-03892,2025-09-17,CUST-1104,Customer 0292,West,Tamil Nadu,Ahmedabad,Furniture,Tables,Side Table,2,44882.82,0.05,7846.5,Cash,Corporate
ORD-03893,2025-10-14,CUST-0082,Customer 0720,South,Karnataka,Chennai,Technology,Laptops,Gaming Laptop,3,311637.72,0.08,72718.97,UPI,Consumer
ORD-03894,2025-11-27,CUST-0857,Customer 1153,East,Rajasthan,Kolkata,Technology,Smartphones,Budget Phone,1,33732.15,0.15,6275.55,UPI,Small Business
ORD-03895,2025-09-02,CUST-1063,Customer 0510,West,Gujarat,Ahmedabad,Furniture,Tables,Conference Table,2,13632.42,0.02,2468.88,Credit Card,Consumer
ORD-03896,2026-03-08,CUST-0784,Customer 0751,West,Rajasthan,Ahmedabad,Furniture,Chairs,Visitor Chair,8,100476.06,0.1,29135.51,UPI,Small Business
ORD-03897,2026-01-20,CUST-0903,Customer 0998,North,West Bengal,Lucknow,Furniture,Storage,Filing Cabinet,6,77252.26,0.02,12246.05,Debit Card,Corporate
ORD-03898,2025-04-25,CUST-1065,Customer 0381,North,Karnataka,Delhi,Office Supplies,Writing,Notebook,3,708.58,0.0,212.48,Credit Card,Consumer
ORD-03899,2026-12-02,CUST-0233,Customer 0995,East,Maharashtra,Kolkata,Office Supplies,Writing,Pen Set,4,1128.59,0.02,277.04,UPI,Consumer
ORD-03900,2025-04-09,CUST-1028,Customer 0547,South,West Bengal,Bengaluru,Office Supplies,Paper,Premium Paper,2,1154.62,0.08,335.38,Cash,Small Business
ORD-03901,2026-05-19,CUST-0729,Customer 0953,West,Kerala,Surat,Office Supplies,Writing,Notebook,2,1246.66,0.1,343.01,Net Banking,Consumer
ORD-03902,2026-10-25,CUST-0111,Customer 0770,North,Kerala,Chandigarh,Office Supplies,Paper,Premium Paper,3,3196.31,0.05,745.85,UPI,Consumer
ORD-03903,2025-05-17,CUST-1011,Customer 1059,East,Rajasthan,Kolkata,Technology,Accessories,USB Hub,4,16429.97,0.15,3711.41,Net Banking,Small Business
ORD-03904,2026-10-19,CUST-0468,Customer 0102,West,Delhi,Ahmedabad,Technology,Laptops,Business Laptop,8,397908.77,0.2,52903.34,UPI,Corporate
ORD-03905,2025-08-17,CUST-0443,Customer 0691,North,Telangana,Delhi,Furniture,Chairs,Office Chair,10,133142.54,0.05,36201.87,Cash,Corporate
ORD-03906,2026-12-07,CUST-0145,Customer 0063,East,Uttar Pradesh,Patna,Furniture,Chairs,Office Chair,3,36935.9,0.1,7208.58,Debit Card,Small Business
ORD-03907,2025-03-13,CUST-0294,Customer 1163,South,West Bengal,Kochi,Technology,Smartphones,Premium Phone,8,194677.74,0.1,29410.99,Net Banking,Corporate
ORD-03908,2025-10-15,CUST-0465,Customer 0247,West,Delhi,Pune,Technology,Accessories,Wireless Mouse,3,5544.07,0.08,1109.36,UPI,Small Business
ORD-03909,2025-03-09,CUST-0366,Customer 0104,South,Karnataka,Hyderabad,Office Supplies,Writing,Notebook,4,2348.5,0.05,467.36,Cash,Corporate
ORD-03910,2026-02-19,CUST-0516,Customer 0376,North,Maharashtra,Chandigarh,Technology,Laptops,Business Laptop,8,485576.3,0.08,41333.22,Net Banking,Small Business
ORD-03911,2026-10-04,CUST-0901,Customer 0254,South,Uttar Pradesh,Chennai,Technology,Laptops,Gaming Laptop,1,106293.74,0.0,13475.58,Cash,Corporate
ORD-03912,2025-10-29,CUST-0289,Customer 0364,West,Tamil Nadu,Pune,Technology,Smartphones,Premium Phone,6,269782.26,0.2,53252.62,Credit Card,Consumer
ORD-03913,2026-05-07,CUST-0691,Customer 0041,West,West Bengal,Pune,Furniture,Tables,Side Table,1,22965.12,0.05,6448.8,Cash,Corporate
ORD-03914,2026-08-24,CUST-0798,Customer 0165,South,Kerala,Bengaluru,Technology,Laptops,Gaming Laptop,4,328294.04,0.15,75312.53,Net Banking,Small Business
ORD-03915,2026-03-11,CUST-0649,Customer 1089,East,Rajasthan,Kolkata,Office Supplies,Binders,Lever Arch Binder,1,225.49,0.05,55.66,Cash,Corporate
ORD-03916,2026-04-20,CUST-0252,Customer 0365,South,Tamil Nadu,Chennai,Furniture,Storage,Bookshelf,2,21496.32,0.0,5195.59,Cash,Small Business
ORD-03917,2026-05-17,CUST-0024,Customer 0003,South,Telangana,Bengaluru,Furniture,Tables,Side Table,1,18857.55,0.2,4815.83,UPI,Small Business
ORD-03918,2025-10-25,CUST-0402,Customer 0001,West,Karnataka,Surat,Technology,Accessories,Keyboard,1,1689.64,0.1,402.92,UPI,Small Business
ORD-03919,2026-09-04,CUST-0180,Customer 1107,West,Rajasthan,Mumbai,Furniture,Tables,Conference Table,2,49413.86,0.1,8664.87,Cash,Small Business
ORD-03920,2026-08-19,CUST-0290,Customer 0342,East,Rajasthan,Patna,Office Supplies,Binders,Presentation Folder,4,2673.02,0.0,512.96,Cash,Corporate
ORD-03921,2026-06-29,CUST-0754,Customer 0588,West,Delhi,Mumbai,Office Supplies,Writing,Pen Set,2,631.84,0.15,194.93,Net Banking,Small Business
ORD-03922,2025-01-19,CUST-1035,Customer 0229,West,Maharashtra,Ahmedabad,Technology,Laptops,Ultrabook,4,205154.05,0.08,25861.54,UPI,Consumer
ORD-03923,2025-09-02,CUST-0765,Customer 0007,South,Kerala,Hyderabad,Furniture,Tables,Work Desk,1,10549.74,0.08,2012.7,Debit Card,Corporate
ORD-03924,2025-05-29,CUST-0519,Customer 1007,East,West Bengal,Patna,Technology,Laptops,Gaming Laptop,1,94536.56,0.08,13944.33,Net Banking,Consumer
ORD-03925,2025-11-20,CUST-1077,Customer 1082,South,Rajasthan,Chennai,Office Supplies,Writing,Pen Set,1,378.4,0.0,67.69,Debit Card,Consumer
ORD-03926,2026-10-18,CUST-0459,Customer 0416,West,Maharashtra,Pune,Office Supplies,Writing,Markers,3,1172.53,0.15,380.69,Cash,Consumer
ORD-03927,2026-06-27,CUST-0307,Customer 0708,South,Uttar Pradesh,Kochi,Furniture,Storage,Storage Box,4,14512.14,0.08,3105.03,Credit Card,Corporate
ORD-03928,2026-05-18,CUST-0483,Customer 0983,South,Uttar Pradesh,Kochi,Office Supplies,Paper,Premium Paper,4,2278.16,0.02,493.28,Net Banking,Consumer
ORD-03929,2026-09-04,CUST-0828,Customer 0063,East,Maharashtra,Bhubaneswar,Technology,Accessories,USB Hub,2,5134.43,0.1,620.77,UPI,Corporate
ORD-03930,2026-10-09,CUST-0889,Customer 0380,South,Uttar Pradesh,Hyderabad,Technology,Accessories,Keyboard,10,25349.09,0.02,3684.04,Credit Card,Consumer
ORD-03931,2026-03-30,CUST-0469,Customer 0988,West,Tamil Nadu,Surat,Furniture,Tables,Side Table,5,132854.83,0.1,36350.06,Cash,Consumer
ORD-03932,2026-08-06,CUST-0467,Customer 0445,North,Karnataka,Chandigarh,Office Supplies,Writing,Markers,2,390.65,0.2,103.46,Debit Card,Consumer
ORD-03933,2026-12-28,CUST-0483,Customer 0495,West,Telangana,Ahmedabad,Technology,Accessories,Keyboard,2,2226.85,0.08,219.96,Debit Card,Small Business
ORD-03934,2026-09-21,CUST-1099,Customer 0838,West,Rajasthan,Surat,Technology,Smartphones,Premium Phone,3,47840.13,0.2,8463.13,Credit Card,Consumer
ORD-03935,2026-02-17,CUST-0418,Customer 1128,South,Delhi,Hyderabad,Technology,Smartphones,Android Phone,8,634587.26,0.02,77613.44,Net Banking,Consumer
ORD-03936,2025-08-21,CUST-1041,Customer 0727,West,Uttar Pradesh,Ahmedabad,Technology,Laptops,Gaming Laptop,6,283000.77,0.15,36181.62,Credit Card,Consumer
ORD-03937,2025-11-17,CUST-0034,Customer 0670,West,Tamil Nadu,Surat,Office Supplies,Writing,Notebook,4,683.43,0.05,190.66,Debit Card,Small Business
ORD-03938,2025-08-20,CUST-0588,Customer 0659,North,Maharashtra,Chandigarh,Office Supplies,Binders,Presentation Folder,4,1025.95,0.08,230.78,Net Banking,Corporate
ORD-03939,2026-04-13,CUST-0292,Customer 0307,West,Telangana,Mumbai,Office Supplies,Paper,Premium Paper,6,3912.28,0.1,1084.49,UPI,Small Business
ORD-03940,2025-02-04,CUST-0022,Customer 0303,West,West Bengal,Ahmedabad,Furniture,Storage,Storage Box,10,21403.49,0.02,3481.27,Credit Card,Consumer
ORD-03941,2026-12-11,CUST-0895,Customer 1154,West,Maharashtra,Ahmedabad,Office Supplies,Paper,Premium Paper,5,4726.14,0.1,1153.53,Cash,Small Business
ORD-03942,2025-01-11,CUST-0240,Customer 0891,North,Uttar Pradesh,Chandigarh,Technology,Smartphones,Premium Phone,3,75335.6,0.15,13190.8,Credit Card,Consumer
ORD-03943,2026-12-02,CUST-0166,Customer 0713,North,Delhi,Lucknow,Furniture,Chairs,Office Chair,3,8110.7,0.2,2294.31,Cash,Corporate
ORD-03944,2025-07-05,CUST-0261,Customer 0197,South,Gujarat,Chennai,Technology,Smartphones,Premium Phone,8,268080.6,0.05,29284.58,Cash,Small Business
ORD-03945,2026-04-03,CUST-0824,Customer 1156,East,Kerala,Guwahati,Technology,Laptops,Ultrabook,3,299612.64,0.05,55414.15,UPI,Consumer
ORD-03946,2025-12-24,CUST-0892,Customer 0757,North,Tamil Nadu,Jaipur,Office Supplies,Paper,Premium Paper,2,1324.51,0.0,326.26,Credit Card,Corporate
ORD-03947,2026-12-23,CUST-1030,Customer 0232,South,Tamil Nadu,Kochi,Technology,Accessories,Wireless Mouse,3,11413.24,0.08,1444.95,Net Banking,Consumer
ORD-03948,2026-07-13,CUST-0903,Customer 1064,North,Kerala,Lucknow,Office Supplies,Writing,Pen Set,1,566.53,0.05,120.55,Cash,Small Business
ORD-03949,2026-01-05,CUST-0296,Customer 0154,West,Uttar Pradesh,Pune,Office Supplies,Writing,Pen Set,4,304.62,0.1,63.17,Debit Card,Consumer
ORD-03950,2025-02-24,CUST-0538,Customer 1119,East,Delhi,Patna,Technology,Accessories,Wireless Mouse,3,11313.74,0.02,2086.46,Cash,Small Business
ORD-03951,2026-09-01,CUST-0496,Customer 1114,West,Rajasthan,Ahmedabad,Furniture,Storage,Storage Box,8,14831.15,0.05,4346.11,Debit Card,Corporate
ORD-03952,2025-09-17,CUST-1046,Customer 0937,West,Gujarat,Mumbai,Office Supplies,Paper,Premium Paper,8,5843.87,0.15,1990.3,Cash,Corporate
ORD-03953,2026-01-16,CUST-0804,Customer 0014,North,Kerala,Chandigarh,Furniture,Tables,Work Desk,5,45160.36,0.15,5803.72,Debit Card,Corporate
ORD-03954,2025-08-15,CUST-0686,Customer 0108,West,Rajasthan,Mumbai,Furniture,Chairs,Office Chair,6,24374.04,0.2,5876.62,Net Banking,Small Business
ORD-03955,2026-01-05,CUST-0764,Customer 0938,East,Rajasthan,Patna,Furniture,Chairs,Ergonomic Chair,2,6872.81,0.0,1857.01,Debit Card,Corporate
ORD-03956,2025-08-20,CUST-0946,Customer 0312,South,Kerala,Kochi,Office Supplies,Writing,Pen Set,6,2518.57,0.05,623.35,Cash,Consumer
ORD-03957,2026-02-01,CUST-0038,Customer 0256,South,Karnataka,Hyderabad,Technology,Laptops,Ultrabook,5,443298.64,0.15,101281.05,UPI,Corporate
ORD-03958,2025-04-14,CUST-0153,Customer 1190,West,Karnataka,Ahmedabad,Furniture,Chairs,Ergonomic Chair,4,22772.76,0.02,3422.76,UPI,Corporate
ORD-03959,2025-08-13,CUST-0511,Customer 0016,West,Kerala,Pune,Technology,Smartphones,Premium Phone,3,70272.06,0.1,6848.06,Cash,Consumer
ORD-03960,2025-11-13,CUST-0791,Customer 0445,North,Maharashtra,Chandigarh,Furniture,Chairs,Office Chair,6,49735.34,0.2,6085.18,UPI,Small Business
ORD-03961,2026-06-29,CUST-0070,Customer 0684,West,Uttar Pradesh,Ahmedabad,Office Supplies,Paper,Premium Paper,2,1162.81,0.1,265.75,Credit Card,Consumer
ORD-03962,2025-04-29,CUST-0671,Customer 0961,North,Delhi,Chandigarh,Office Supplies,Writing,Notebook,6,1424.63,0.2,275.02,Credit Card,Consumer
ORD-03963,2025-04-20,CUST-1147,Customer 0102,East,West Bengal,Guwahati,Technology,Accessories,USB Hub,4,18785.85,0.05,2867.64,Net Banking,Small Business
ORD-03964,2026-10-12,CUST-0234,Customer 0605,East,Gujarat,Kolkata,Furniture,Storage,Storage Box,1,11218.76,0.15,2876.32,Net Banking,Corporate
ORD-03965,2026-01-08,CUST-0850,Customer 0290,North,Rajasthan,Chandigarh,Furniture,Chairs,Ergonomic Chair,1,3518.44,0.2,679.77,Net Banking,Corporate
ORD-03966,2026-05-25,CUST-1017,Customer 0872,East,Rajasthan,Guwahati,Furniture,Storage,Bookshelf,5,18229.16,0.15,3496.86,Debit Card,Small Business
ORD-03967,2026-07-29,CUST-0210,Customer 0877,East,Telangana,Kolkata,Technology,Accessories,Wireless Mouse,6,8351.49,0.2,845.54,UPI,Corporate
ORD-03968,2026-01-30,CUST-0329,Customer 1124,West,Uttar Pradesh,Ahmedabad,Office Supplies,Binders,Presentation Folder,3,1702.87,0.08,288.36,UPI,Corporate
ORD-03969,2025-03-26,CUST-0409,Customer 0159,South,Maharashtra,Hyderabad,Office Supplies,Paper,Recycled Paper,1,605.35,0.0,170.5,Debit Card,Corporate
ORD-03970,2026-04-13,CUST-1184,Customer 0393,North,West Bengal,Delhi,Furniture,Chairs,Office Chair,2,20143.31,0.02,3494.44,UPI,Small Business
ORD-03971,2026-02-22,CUST-1142,Customer 0329,South,Telangana,Chennai,Office Supplies,Writing,Pen Set,2,682.57,0.1,197.8,Debit Card,Small Business
ORD-03972,2026-11-29,CUST-1015,Customer 0624,East,Karnataka,Guwahati,Office Supplies,Paper,A4 Paper,4,1727.83,0.05,499.76,Cash,Corporate
ORD-03973,2025-04-17,CUST-0998,Customer 0712,East,Rajasthan,Patna,Furniture,Chairs,Ergonomic Chair,3,16009.89,0.1,3732.27,Debit Card,Corporate
ORD-03974,2025-05-08,CUST-0177,Customer 1037,West,Karnataka,Mumbai,Furniture,Chairs,Visitor Chair,4,62598.02,0.05,9194.39,Cash,Corporate
ORD-03975,2025-05-13,CUST-1053,Customer 0885,East,Maharashtra,Guwahati,Furniture,Chairs,Visitor Chair,4,62580.39,0.05,8686.45,Debit Card,Small Business
ORD-03976,2026-01-25,CUST-0516,Customer 0241,East,Gujarat,Kolkata,Technology,Smartphones,Android Phone,1,48777.17,0.2,8975.65,Debit Card,Corporate
ORD-03977,2026-09-20,CUST-0196,Customer 0566,South,Rajasthan,Chennai,Furniture,Storage,Bookshelf,1,10243.26,0.2,1891.87,Credit Card,Corporate
ORD-03978,2026-09-26,CUST-0182,Customer 0413,East,Gujarat,Kolkata,Furniture,Tables,Work Desk,2,17450.51,0.1,2942.56,Credit Card,Small Business
ORD-03979,2026-11-04,CUST-0613,Customer 0707,West,Tamil Nadu,Mumbai,Technology,Accessories,Wireless Mouse,3,7428.08,0.08,1357.68,Debit Card,Small Business
ORD-03980,2026-05-14,CUST-0436,Customer 0786,East,Uttar Pradesh,Kolkata,Furniture,Storage,Storage Box,2,16193.76,0.2,2495.4,Credit Card,Corporate
ORD-03981,2026-06-17,CUST-1063,Customer 0141,South,Rajasthan,Kochi,Furniture,Storage,Filing Cabinet,3,34637.37,0.1,5760.31,Cash,Corporate
ORD-03982,2026-04-12,CUST-0036,Customer 0639,South,Rajasthan,Kochi,Office Supplies,Paper,A4 Paper,1,782.58,0.1,211.94,Debit Card,Corporate
ORD-03983,2025-05-08,CUST-0098,Customer 1048,East,Tamil Nadu,Kolkata,Technology,Laptops,Ultrabook,4,172953.65,0.05,23732.5,Cash,Corporate
ORD-03984,2025-05-23,CUST-0936,Customer 0376,South,Telangana,Chennai,Technology,Laptops,Business Laptop,5,401670.39,0.02,78052.4,UPI,Corporate
ORD-03985,2025-02-15,CUST-0680,Customer 1199,South,Karnataka,Kochi,Office Supplies,Binders,Ring Binder,1,262.97,0.15,59.74,Debit Card,Corporate
ORD-03986,2025-09-24,CUST-0422,Customer 0108,South,Delhi,Hyderabad,Technology,Smartphones,Android Phone,4,81580.54,0.15,18416.01,UPI,Small Business
ORD-03987,2026-03-21,CUST-0607,Customer 0298,West,Rajasthan,Pune,Furniture,Tables,Work Desk,4,31579.1,0.2,7282.88,Credit Card,Small Business
ORD-03988,2025-01-12,CUST-0644,Customer 0184,West,Gujarat,Mumbai,Office Supplies,Paper,Recycled Paper,4,3071.64,0.02,747.67,UPI,Consumer
ORD-03989,2026-03-06,CUST-0636,Customer 0102,West,Telangana,Ahmedabad,Technology,Laptops,Ultrabook,1,89297.28,0.02,13347.58,Debit Card,Corporate
ORD-03990,2025-06-21,CUST-0388,Customer 1067,South,Gujarat,Kochi,Technology,Laptops,Gaming Laptop,4,196334.77,0.1,36404.78,UPI,Corporate
ORD-03991,2026-07-30,CUST-1158,Customer 0343,West,Telangana,Pune,Office Supplies,Writing,Notebook,3,792.01,0.05,257.56,Debit Card,Consumer
ORD-03992,2026-01-11,CUST-0645,Customer 0210,West,Telangana,Ahmedabad,Furniture,Tables,Work Desk,3,54957.6,0.08,10110.34,Cash,Small Business
ORD-03993,2025-03-01,CUST-0431,Customer 0165,East,Karnataka,Patna,Technology,Accessories,Wireless Mouse,2,4610.75,0.05,938.73,Credit Card,Consumer
ORD-03994,2025-08-04,CUST-0537,Customer 0366,South,Tamil Nadu,Bengaluru,Technology,Laptops,Ultrabook,4,367244.22,0.1,58348.52,Debit Card,Corporate
ORD-03995,2026-12-31,CUST-0474,Customer 0871,South,Uttar Pradesh,Hyderabad,Furniture,Storage,Bookshelf,3,31220.95,0.1,6592.82,UPI,Small Business
ORD-03996,2026-12-07,CUST-0510,Customer 0696,South,Telangana,Hyderabad,Technology,Smartphones,Premium Phone,3,81451.24,0.02,18743.35,Credit Card,Corporate
ORD-03997,2026-03-19,CUST-1091,Customer 1176,North,Kerala,Lucknow,Technology,Accessories,Keyboard,2,6486.22,0.2,540.95,UPI,Small Business
ORD-03998,2025-02-17,CUST-0158,Customer 0080,East,Maharashtra,Patna,Technology,Smartphones,Premium Phone,2,137809.51,0.0,11403.68,Credit Card,Consumer
ORD-03999,2026-03-04,CUST-1049,Customer 0460,South,Telangana,Bengaluru,Office Supplies,Paper,A4 Paper,8,6424.17,0.0,1193.44,UPI,Consumer
ORD-04000,2026-02-27,CUST-0262,Customer 0234,East,Gujarat,Guwahati,Technology,Smartphones,Android Phone,2,157368.33,0.02,28399.55,Debit Card,Corporate
ORD-04001,2026-05-16,CUST-1114,Customer 0903,South,West Bengal,Kochi,Technology,Smartphones,Budget Phone,2,23445.54,0.2,4193.45,Cash,Small Business
ORD-04002,2026-07-04,CUST-0612,Customer 0382,North,Maharashtra,Delhi,Office Supplies,Paper,Recycled Paper,3,1720.8,0.02,319.59,UPI,Small Business
ORD-04003,2026-02-01,CUST-1153,Customer 0386,West,Tamil Nadu,Pune,Furniture,Tables,Conference Table,4,60223.06,0.02,9310.83,Credit Card,Corporate
ORD-04004,2025-12-15,CUST-0694,Customer 0282,West,West Bengal,Mumbai,Office Supplies,Binders,Ring Binder,4,963.16,0.0,212.67,Cash,Small Business
ORD-04005,2025-10-19,CUST-0045,Customer 1195,West,Maharashtra,Surat,Office Supplies,Paper,Recycled Paper,6,3598.01,0.02,776.98,Credit Card,Small Business
ORD-04006,2026-08-06,CUST-0803,Customer 1167,West,Kerala,Mumbai,Office Supplies,Writing,Markers,4,322.81,0.08,80.41,Cash,Small Business
ORD-04007,2026-11-30,CUST-0943,Customer 0559,South,Rajasthan,Bengaluru,Office Supplies,Writing,Pen Set,3,1795.18,0.05,471.04,Credit Card,Consumer
ORD-04008,2025-04-26,CUST-1013,Customer 0670,South,Uttar Pradesh,Bengaluru,Office Supplies,Writing,Notebook,1,85.44,0.0,19.01,Net Banking,Consumer
ORD-04009,2026-08-31,CUST-0823,Customer 0837,West,Rajasthan,Pune,Furniture,Chairs,Office Chair,3,16132.68,0.02,3401.49,Cash,Corporate
ORD-04010,2026-12-12,CUST-0830,Customer 0727,East,Tamil Nadu,Guwahati,Technology,Laptops,Business Laptop,6,443344.11,0.0,86001.01,Debit Card,Small Business
ORD-04011,2025-03-22,CUST-0038,Customer 0697,East,Delhi,Patna,Technology,Accessories,Keyboard,4,14452.42,0.05,2888.29,Net Banking,Corporate
ORD-04012,2026-03-01,CUST-0085,Customer 1142,North,Uttar Pradesh,Delhi,Technology,Accessories,Wireless Mouse,4,18371.64,0.08,2441.33,Cash,Corporate
ORD-04013,2025-07-12,CUST-0205,Customer 0537,West,Kerala,Surat,Office Supplies,Paper,Premium Paper,2,2041.11,0.05,674.23,Debit Card,Corporate
ORD-04014,2025-05-23,CUST-0011,Customer 1049,South,Tamil Nadu,Bengaluru,Technology,Smartphones,Budget Phone,6,416742.64,0.08,36364.88,Cash,Consumer
ORD-04015,2025-05-08,CUST-0619,Customer 0213,East,Gujarat,Kolkata,Office Supplies,Writing,Notebook,5,2393.52,0.1,414.29,Credit Card,Corporate
ORD-04016,2025-06-15,CUST-0823,Customer 0449,North,Rajasthan,Chandigarh,Technology,Accessories,Wireless Mouse,4,13498.83,0.08,2438.96,Debit Card,Consumer
ORD-04017,2026-08-12,CUST-0366,Customer 0585,South,Delhi,Chennai,Furniture,Tables,Conference Table,4,28530.85,0.15,4549.47,UPI,Small Business
ORD-04018,2026-10-07,CUST-0567,Customer 0284,West,Delhi,Mumbai,Furniture,Chairs,Ergonomic Chair,8,24968.89,0.08,4268.97,UPI,Small Business
ORD-04019,2025-07-01,CUST-0040,Customer 1165,West,Tamil Nadu,Ahmedabad,Office Supplies,Paper,Premium Paper,8,7388.08,0.08,1851.62,Cash,Small Business
ORD-04020,2026-07-04,CUST-0081,Customer 1000,North,Karnataka,Jaipur,Technology,Smartphones,Premium Phone,6,237879.03,0.02,48692.65,UPI,Consumer
ORD-04021,2026-12-04,CUST-0652,Customer 0159,West,Tamil Nadu,Mumbai,Office Supplies,Binders,Presentation Folder,5,1487.35,0.0,470.31,Net Banking,Corporate
ORD-04022,2026-09-05,CUST-0971,Customer 0004,South,Uttar Pradesh,Chennai,Technology,Smartphones,Android Phone,5,107187.94,0.02,12678.09,Net Banking,Consumer
ORD-04023,2025-03-30,CUST-1009,Customer 0284,East,Karnataka,Bhubaneswar,Furniture,Tables,Conference Table,1,17820.59,0.05,2774.6,Credit Card,Corporate
ORD-04024,2026-08-13,CUST-0852,Customer 0557,South,West Bengal,Chennai,Technology,Laptops,Business Laptop,5,284892.69,0.05,66143.75,Debit Card,Consumer
ORD-04025,2026-07-07,CUST-0617,Customer 0324,South,Telangana,Chennai,Technology,Laptops,Gaming Laptop,2,101641.5,0.02,18054.59,Net Banking,Small Business
ORD-04026,2025-07-31,CUST-0638,Customer 1165,West,Tamil Nadu,Pune,Technology,Smartphones,Premium Phone,1,61185.88,0.2,10914.52,UPI,Consumer
ORD-04027,2025-08-01,CUST-0822,Customer 0627,East,Rajasthan,Patna,Office Supplies,Binders,Ring Binder,4,2896.5,0.08,721.89,UPI,Corporate
ORD-04028,2025-11-29,CUST-0444,Customer 0633,North,Uttar Pradesh,Chandigarh,Furniture,Chairs,Office Chair,4,42044.23,0.02,6098.81,Debit Card,Small Business
ORD-04029,2026-03-25,CUST-0935,Customer 0646,South,Uttar Pradesh,Kochi,Office Supplies,Writing,Pen Set,3,1439.23,0.08,318.15,UPI,Small Business
ORD-04030,2025-01-07,CUST-0888,Customer 0591,South,Tamil Nadu,Hyderabad,Technology,Laptops,Ultrabook,1,76973.29,0.15,10930.97,UPI,Consumer
ORD-04031,2026-04-09,CUST-0685,Customer 0030,North,Tamil Nadu,Chandigarh,Furniture,Chairs,Office Chair,10,68603.07,0.1,10756.07,Net Banking,Consumer
ORD-04032,2025-01-17,CUST-0710,Customer 0257,South,Rajasthan,Kochi,Office Supplies,Paper,A4 Paper,3,2474.38,0.05,421.74,Cash,Small Business
ORD-04033,2026-02-20,CUST-0536,Customer 0642,West,Gujarat,Pune,Furniture,Tables,Work Desk,1,16611.48,0.0,2554.01,UPI,Corporate
ORD-04034,2026-05-06,CUST-0381,Customer 0792,West,Kerala,Surat,Office Supplies,Writing,Markers,2,780.21,0.15,164.75,Cash,Corporate
ORD-04035,2026-07-18,CUST-0277,Customer 0194,South,West Bengal,Bengaluru,Technology,Accessories,Wireless Mouse,1,1284.8,0.1,262.07,Credit Card,Consumer
ORD-04036,2025-04-07,CUST-1107,Customer 0721,West,Tamil Nadu,Surat,Technology,Accessories,USB Hub,2,4016.94,0.1,503.32,Debit Card,Small Business
ORD-04037,2025-12-01,CUST-0308,Customer 0816,West,Karnataka,Ahmedabad,Furniture,Chairs,Ergonomic Chair,5,63383.61,0.1,10836.64,Net Banking,Small Business
ORD-04038,2025-01-12,CUST-1159,Customer 0779,South,Rajasthan,Chennai,Office Supplies,Binders,Presentation Folder,2,666.35,0.05,203.73,Credit Card,Small Business
ORD-04039,2025-02-17,CUST-1121,Customer 1034,East,Delhi,Bhubaneswar,Office Supplies,Paper,A4 Paper,8,6956.17,0.08,1777.76,Credit Card,Corporate
ORD-04040,2025-03-14,CUST-0161,Customer 0377,North,Karnataka,Jaipur,Technology,Accessories,Wireless Mouse,4,6569.59,0.08,1299.95,UPI,Corporate
ORD-04041,2025-12-05,CUST-0200,Customer 0286,South,Kerala,Bengaluru,Office Supplies,Paper,A4 Paper,3,3076.87,0.05,854.41,UPI,Consumer
ORD-04042,2025-08-16,CUST-0460,Customer 1181,West,Uttar Pradesh,Pune,Technology,Laptops,Business Laptop,2,177148.26,0.15,29858.67,Cash,Small Business
ORD-04043,2026-04-26,CUST-0499,Customer 1109,East,West Bengal,Kolkata,Technology,Accessories,Wireless Mouse,3,12981.28,0.1,2248.49,Cash,Consumer
ORD-04044,2025-10-28,CUST-0374,Customer 0267,West,Kerala,Surat,Furniture,Tables,Side Table,2,51081.26,0.0,11966.65,Net Banking,Corporate
ORD-04045,2025-07-22,CUST-0049,Customer 0826,East,Telangana,Kolkata,Furniture,Tables,Side Table,3,32790.55,0.05,6647.03,Credit Card,Corporate
ORD-04046,2026-08-25,CUST-1036,Customer 0900,North,Telangana,Chandigarh,Office Supplies,Writing,Notebook,5,2134.34,0.1,587.47,Credit Card,Consumer
ORD-04047,2025-05-03,CUST-0594,Customer 0173,North,Kerala,Delhi,Technology,Laptops,Business Laptop,2,142509.27,0.15,16381.75,Cash,Consumer
ORD-04048,2026-04-11,CUST-0573,Customer 1171,North,Delhi,Lucknow,Office Supplies,Binders,Ring Binder,1,773.55,0.05,270.08,Credit Card,Corporate
ORD-04049,2026-10-28,CUST-0013,Customer 0291,East,Uttar Pradesh,Bhubaneswar,Technology,Smartphones,Android Phone,3,195161.57,0.1,33050.98,Debit Card,Small Business
ORD-04050,2025-07-03,CUST-0560,Customer 0120,East,Uttar Pradesh,Kolkata,Furniture,Chairs,Visitor Chair,1,7366.5,0.15,2158.98,Cash,Corporate
ORD-04051,2025-11-24,CUST-0989,Customer 0603,North,Tamil Nadu,Lucknow,Technology,Laptops,Business Laptop,1,82945.22,0.0,19627.24,Credit Card,Consumer
ORD-04052,2025-12-01,CUST-0264,Customer 0738,West,Uttar Pradesh,Surat,Technology,Laptops,Gaming Laptop,2,207056.26,0.05,20612.01,UPI,Small Business
ORD-04053,2025-10-17,CUST-0570,Customer 0889,East,Rajasthan,Kolkata,Furniture,Chairs,Ergonomic Chair,1,8316.82,0.2,1175.6,Cash,Corporate
ORD-04054,2025-07-02,CUST-0207,Customer 0694,West,Uttar Pradesh,Mumbai,Technology,Laptops,Ultrabook,1,113299.02,0.0,23132.04,Debit Card,Small Business
ORD-04055,2026-01-29,CUST-0094,Customer 0270,North,Maharashtra,Delhi,Office Supplies,Binders,Presentation Folder,1,164.97,0.0,27.84,Debit Card,Consumer
ORD-04056,2026-07-05,CUST-0233,Customer 0288,East,Maharashtra,Patna,Office Supplies,Paper,Recycled Paper,1,771.95,0.05,264.29,Debit Card,Corporate
ORD-04057,2026-08-21,CUST-0369,Customer 0949,South,Uttar Pradesh,Bengaluru,Furniture,Tables,Conference Table,1,14880.3,0.0,2849.1,Cash,Small Business
ORD-04058,2026-06-29,CUST-0471,Customer 0630,East,West Bengal,Patna,Office Supplies,Writing,Markers,3,1617.99,0.2,441.93,Net Banking,Small Business
ORD-04059,2025-01-02,CUST-1137,Customer 0063,North,Telangana,Chandigarh,Technology,Laptops,Ultrabook,4,404145.62,0.05,63002.81,Cash,Consumer
ORD-04060,2025-04-05,CUST-0617,Customer 0480,North,Karnataka,Jaipur,Technology,Accessories,Wireless Mouse,5,17824.26,0.02,2313.01,Debit Card,Corporate
ORD-04061,2026-02-27,CUST-0453,Customer 0616,East,Kerala,Patna,Office Supplies,Binders,Presentation Folder,2,962.28,0.2,207.4,Credit Card,Consumer
ORD-04062,2025-03-04,CUST-0530,Customer 0213,North,Kerala,Lucknow,Furniture,Storage,Storage Box,2,21328.26,0.05,3940.32,Debit Card,Consumer
ORD-04063,2026-05-04,CUST-0009,Customer 0793,North,Tamil Nadu,Jaipur,Office Supplies,Paper,A4 Paper,5,1100.05,0.2,250.85,Net Banking,Small Business
ORD-04064,2025-02-01,CUST-1070,Customer 1001,West,Telangana,Ahmedabad,Furniture,Tables,Side Table,6,88616.15,0.2,20858.01,Cash,Corporate
ORD-04065,2025-09-20,CUST-0115,Customer 0669,North,Delhi,Delhi,Office Supplies,Binders,Presentation Folder,1,331.65,0.2,68.37,Net Banking,Consumer
ORD-04066,2026-10-28,CUST-0827,Customer 0313,East,Karnataka,Patna,Furniture,Chairs,Office Chair,5,68370.78,0.08,18707.76,Cash,Consumer
ORD-04067,2026-12-19,CUST-0323,Customer 0397,West,Tamil Nadu,Mumbai,Office Supplies,Binders,Presentation Folder,2,1283.25,0.0,314.93,Cash,Consumer
ORD-04068,2026-03-25,CUST-0275,Customer 0205,North,Uttar Pradesh,Lucknow,Technology,Accessories,Keyboard,5,11066.0,0.08,1315.14,Debit Card,Small Business
ORD-04069,2025-11-09,CUST-0986,Customer 0081,South,Delhi,Hyderabad,Office Supplies,Binders,Presentation Folder,4,2702.76,0.0,841.47,Net Banking,Consumer
ORD-04070,2026-03-15,CUST-0647,Customer 0810,South,Rajasthan,Kochi,Furniture,Tables,Conference Table,6,83234.05,0.05,11498.85,Net Banking,Corporate
ORD-04071,2026-06-19,CUST-0037,Customer 0692,North,Uttar Pradesh,Chandigarh,Furniture,Chairs,Office Chair,1,14106.08,0.08,1738.3,Cash,Consumer
ORD-04072,2025-12-14,CUST-0282,Customer 0707,East,West Bengal,Patna,Furniture,Storage,Storage Box,5,56655.57,0.08,8659.0,Net Banking,Consumer
ORD-04073,2026-06-10,CUST-0529,Customer 1097,East,Karnataka,Kolkata,Office Supplies,Writing,Pen Set,5,883.22,0.1,273.46,Cash,Corporate
ORD-04074,2025-09-16,CUST-0419,Customer 0574,North,Telangana,Lucknow,Office Supplies,Writing,Notebook,4,1858.62,0.02,558.27,UPI,Small Business
ORD-04075,2026-08-20,CUST-1115,Customer 1158,West,Maharashtra,Ahmedabad,Technology,Laptops,Business Laptop,1,82297.42,0.15,9749.83,Credit Card,Small Business
ORD-04076,2025-11-13,CUST-1162,Customer 0033,North,Tamil Nadu,Chandigarh,Technology,Laptops,Business Laptop,5,376045.88,0.08,50823.07,Debit Card,Consumer
ORD-04077,2026-11-20,CUST-0096,Customer 0666,East,Kerala,Patna,Furniture,Storage,Filing Cabinet,2,5531.01,0.1,1150.01,Credit Card,Consumer
ORD-04078,2026-08-13,CUST-0229,Customer 1058,West,Maharashtra,Mumbai,Furniture,Tables,Work Desk,5,59493.06,0.2,13509.58,Cash,Corporate
ORD-04079,2025-07-18,CUST-0797,Customer 0912,East,West Bengal,Bhubaneswar,Furniture,Chairs,Ergonomic Chair,8,94410.02,0.0,18347.89,Credit Card,Corporate
ORD-04080,2026-11-21,CUST-0369,Customer 0788,West,Kerala,Ahmedabad,Technology,Accessories,Keyboard,4,12652.6,0.15,1617.82,Credit Card,Corporate
ORD-04081,2025-09-22,CUST-0672,Customer 0336,East,West Bengal,Patna,Office Supplies,Writing,Notebook,4,538.07,0.0,154.98,Net Banking,Consumer
ORD-04082,2025-10-30,CUST-1095,Customer 0165,East,Uttar Pradesh,Kolkata,Office Supplies,Binders,Lever Arch Binder,1,777.97,0.08,142.06,Cash,Small Business
ORD-04083,2025-04-26,CUST-1182,Customer 0412,West,Uttar Pradesh,Surat,Office Supplies,Writing,Notebook,1,302.0,0.02,98.88,Net Banking,Consumer
ORD-04084,2026-10-01,CUST-1102,Customer 0635,West,Maharashtra,Ahmedabad,Office Supplies,Paper,Premium Paper,1,1060.25,0.02,217.67,Cash,Small Business
ORD-04085,2025-07-20,CUST-0733,Customer 0902,South,Telangana,Bengaluru,Furniture,Chairs,Ergonomic Chair,2,15941.11,0.1,3168.2,UPI,Corporate
ORD-04086,2025-10-31,CUST-0635,Customer 0813,South,Uttar Pradesh,Kochi,Technology,Laptops,Business Laptop,3,242891.94,0.02,31315.92,Debit Card,Consumer
ORD-04087,2025-04-15,CUST-0998,Customer 0944,South,Maharashtra,Bengaluru,Office Supplies,Paper,Recycled Paper,8,4090.58,0.08,1073.47,Credit Card,Corporate
ORD-04088,2026-05-28,CUST-0572,Customer 0813,North,West Bengal,Delhi,Office Supplies,Writing,Notebook,6,2339.46,0.15,655.99,Net Banking,Consumer
ORD-04089,2025-12-26,CUST-0828,Customer 0334,West,Delhi,Mumbai,Office Supplies,Writing,Markers,4,600.64,0.02,175.96,Net Banking,Small Business
ORD-04090,2026-04-10,CUST-0704,Customer 0766,West,Karnataka,Pune,Technology,Laptops,Ultrabook,1,82744.06,0.1,6961.64,Credit Card,Consumer
ORD-04091,2025-09-01,CUST-0085,Customer 0767,East,West Bengal,Guwahati,Furniture,Chairs,Ergonomic Chair,5,37586.21,0.2,7096.37,UPI,Corporate
ORD-04092,2026-07-29,CUST-0435,Customer 1156,East,Karnataka,Patna,Technology,Laptops,Business Laptop,3,154662.3,0.1,26434.71,Debit Card,Consumer
ORD-04093,2026-11-13,CUST-0935,Customer 0379,West,Karnataka,Mumbai,Technology,Accessories,Wireless Mouse,4,11523.66,0.15,2288.03,UPI,Consumer
ORD-04094,2026-05-03,CUST-0555,Customer 0770,East,Rajasthan,Bhubaneswar,Technology,Laptops,Ultrabook,6,455504.89,0.05,67082.67,Cash,Corporate
ORD-04095,2026-09-11,CUST-1041,Customer 1128,South,Karnataka,Chennai,Furniture,Chairs,Ergonomic Chair,1,8993.22,0.15,2660.75,Net Banking,Corporate
ORD-04096,2026-07-17,CUST-0762,Customer 0808,East,Gujarat,Patna,Office Supplies,Binders,Lever Arch Binder,3,1873.07,0.15,561.85,Debit Card,Consumer
ORD-04097,2026-10-31,CUST-1146,Customer 0744,South,Tamil Nadu,Hyderabad,Technology,Smartphones,Budget Phone,2,50441.66,0.15,5063.86,Net Banking,Corporate
ORD-04098,2026-04-24,CUST-0985,Customer 1087,South,Rajasthan,Chennai,Office Supplies,Writing,Markers,1,684.72,0.0,114.55,UPI,Corporate
ORD-04099,2025-07-21,CUST-1197,Customer 0913,North,Tamil Nadu,Chandigarh,Furniture,Storage,Bookshelf,2,18973.97,0.08,5489.88,Credit Card,Consumer
ORD-04100,2026-11-15,CUST-1105,Customer 1036,North,Uttar Pradesh,Lucknow,Technology,Smartphones,Premium Phone,8,606224.67,0.0,133358.31,Net Banking,Corporate
ORD-04101,2026-07-02,CUST-0607,Customer 0827,East,Telangana,Bhubaneswar,Technology,Smartphones,Budget Phone,4,202598.52,0.2,26723.77,UPI,Consumer
ORD-04102,2025-04-27,CUST-0709,Customer 0477,West,Tamil Nadu,Pune,Furniture,Tables,Conference Table,4,23411.47,0.2,4149.41,UPI,Consumer
ORD-04103,2026-05-11,CUST-0097,Customer 1089,East,Rajasthan,Kolkata,Office Supplies,Paper,Recycled Paper,3,2012.05,0.1,560.01,Cash,Corporate
ORD-04104,2026-05-22,CUST-0029,Customer 0717,East,Kerala,Kolkata,Office Supplies,Binders,Lever Arch Binder,5,3081.98,0.2,948.43,UPI,Small Business
ORD-04105,2025-11-12,CUST-0160,Customer 0274,West,Gujarat,Surat,Technology,Laptops,Ultrabook,4,274823.43,0.02,30075.66,Net Banking,Corporate
ORD-04106,2025-07-20,CUST-0650,Customer 0235,East,Rajasthan,Bhubaneswar,Office Supplies,Writing,Notebook,4,1629.65,0.1,391.88,Cash,Consumer
ORD-04107,2025-02-21,CUST-0123,Customer 0294,South,Tamil Nadu,Bengaluru,Technology,Laptops,Gaming Laptop,1,83933.31,0.15,7798.79,Debit Card,Small Business
ORD-04108,2026-01-04,CUST-0915,Customer 0996,North,Maharashtra,Delhi,Office Supplies,Writing,Markers,4,1134.6,0.2,363.9,Debit Card,Small Business
ORD-04109,2026-12-25,CUST-0136,Customer 1126,South,Maharashtra,Chennai,Office Supplies,Paper,A4 Paper,1,1067.49,0.02,372.39,Net Banking,Corporate
ORD-04110,2026-05-25,CUST-0423,Customer 0284,East,Kerala,Bhubaneswar,Furniture,Storage,Storage Box,3,27533.45,0.08,6279.72,Net Banking,Corporate
ORD-04111,2025-05-28,CUST-0532,Customer 0613,East,Rajasthan,Guwahati,Furniture,Chairs,Ergonomic Chair,4,16947.99,0.08,2196.46,Cash,Small Business
ORD-04112,2025-01-29,CUST-1175,Customer 0609,East,West Bengal,Guwahati,Office Supplies,Writing,Notebook,3,1463.6,0.08,336.4,Cash,Consumer
ORD-04113,2026-08-03,CUST-1134,Customer 1024,North,Telangana,Lucknow,Technology,Smartphones,Premium Phone,10,374402.17,0.1,83608.97,Debit Card,Corporate
ORD-04114,2025-02-13,CUST-1187,Customer 0354,East,West Bengal,Patna,Technology,Laptops,Business Laptop,4,318689.23,0.2,32623.12,Debit Card,Small Business
ORD-04115,2025-03-17,CUST-0699,Customer 0198,South,Telangana,Bengaluru,Office Supplies,Writing,Pen Set,1,504.97,0.0,94.09,Cash,Corporate
ORD-04116,2026-11-17,CUST-0680,Customer 0339,North,Maharashtra,Jaipur,Furniture,Storage,Bookshelf,2,2897.36,0.0,720.62,Net Banking,Consumer
ORD-04117,2025-06-12,CUST-0883,Customer 0055,North,West Bengal,Lucknow,Furniture,Tables,Conference Table,1,6932.69,0.0,1088.54,UPI,Corporate
ORD-04118,2025-10-06,CUST-0449,Customer 0159,West,Karnataka,Ahmedabad,Technology,Laptops,Gaming Laptop,2,144139.89,0.1,18670.77,UPI,Consumer
ORD-04119,2026-05-08,CUST-0484,Customer 0113,South,Delhi,Chennai,Office Supplies,Writing,Markers,2,990.8,0.15,234.75,Cash,Corporate
ORD-04120,2025-06-02,CUST-0284,Customer 0556,South,Maharashtra,Bengaluru,Office Supplies,Binders,Presentation Folder,2,579.78,0.1,135.62,Credit Card,Consumer
ORD-04121,2026-12-07,CUST-0422,Customer 0043,North,West Bengal,Jaipur,Furniture,Tables,Side Table,3,44741.03,0.15,10335.85,Cash,Consumer
ORD-04122,2026-09-27,CUST-0382,Customer 0615,East,Gujarat,Kolkata,Technology,Smartphones,Premium Phone,2,27027.66,0.0,4139.63,Debit Card,Corporate
ORD-04123,2026-12-12,CUST-0851,Customer 1079,West,West Bengal,Ahmedabad,Office Supplies,Writing,Markers,2,246.06,0.0,55.31,UPI,Consumer
ORD-04124,2025-08-25,CUST-1172,Customer 0573,North,Rajasthan,Jaipur,Furniture,Chairs,Ergonomic Chair,2,25610.33,0.15,6772.1,Cash,Corporate
ORD-04125,2026-11-27,CUST-0707,Customer 1032,East,West Bengal,Bhubaneswar,Office Supplies,Paper,A4 Paper,1,808.24,0.2,177.2,UPI,Corporate
ORD-04126,2025-06-08,CUST-0797,Customer 0627,South,Telangana,Chennai,Office Supplies,Binders,Lever Arch Binder,1,108.44,0.15,17.8,Credit Card,Small Business
ORD-04127,2026-07-15,CUST-0064,Customer 1001,North,Maharashtra,Jaipur,Technology,Accessories,Keyboard,6,22482.53,0.1,5231.73,Net Banking,Corporate
ORD-04128,2026-12-01,CUST-0240,Customer 1154,East,Rajasthan,Patna,Technology,Smartphones,Budget Phone,2,97961.23,0.15,17562.47,Debit Card,Consumer
ORD-04129,2025-03-21,CUST-0248,Customer 1042,South,West Bengal,Hyderabad,Furniture,Chairs,Office Chair,5,57414.58,0.02,7645.66,Credit Card,Small Business
ORD-04130,2025-06-20,CUST-0088,Customer 1110,North,Kerala,Delhi,Technology,Accessories,Wireless Mouse,10,12392.9,0.05,1458.97,UPI,Small Business
ORD-04131,2026-04-03,CUST-0239,Customer 0032,East,Tamil Nadu,Patna,Technology,Accessories,USB Hub,2,5294.64,0.08,483.62,Debit Card,Corporate
ORD-04132,2025-07-16,CUST-1163,Customer 0091,South,Rajasthan,Hyderabad,Furniture,Tables,Side Table,1,20346.23,0.0,5754.34,Net Banking,Corporate
ORD-04133,2025-02-09,CUST-0375,Customer 0953,North,Maharashtra,Lucknow,Office Supplies,Writing,Notebook,2,902.95,0.15,213.03,Credit Card,Corporate
ORD-04134,2025-07-24,CUST-0260,Customer 0949,North,Karnataka,Jaipur,Furniture,Chairs,Office Chair,6,75985.52,0.05,9331.77,Debit Card,Consumer
ORD-04135,2026-03-18,CUST-0614,Customer 0782,East,Uttar Pradesh,Kolkata,Office Supplies,Binders,Presentation Folder,5,3191.39,0.15,953.06,Net Banking,Corporate
ORD-04136,2025-10-12,CUST-0340,Customer 1035,West,Gujarat,Surat,Office Supplies,Writing,Notebook,2,833.96,0.2,281.53,Credit Card,Consumer
ORD-04137,2026-06-07,CUST-0556,Customer 1002,North,Tamil Nadu,Delhi,Office Supplies,Paper,A4 Paper,8,7387.5,0.05,1390.87,Credit Card,Corporate
ORD-04138,2026-12-08,CUST-0457,Customer 0458,South,West Bengal,Chennai,Technology,Laptops,Business Laptop,4,235905.35,0.15,44731.92,Net Banking,Consumer
ORD-04139,2026-05-21,CUST-0830,Customer 0756,South,West Bengal,Chennai,Office Supplies,Paper,Premium Paper,1,534.88,0.05,92.92,Cash,Corporate
ORD-04140,2025-05-06,CUST-1085,Customer 0781,West,Telangana,Mumbai,Technology,Accessories,USB Hub,1,690.73,0.05,121.4,Debit Card,Corporate
ORD-04141,2026-02-09,CUST-0797,Customer 0462,South,Tamil Nadu,Chennai,Office Supplies,Paper,Premium Paper,3,2088.46,0.05,336.7,Debit Card,Small Business
ORD-04142,2025-12-13,CUST-0944,Customer 0673,East,Tamil Nadu,Guwahati,Office Supplies,Writing,Pen Set,3,1373.9,0.05,343.0,UPI,Consumer
ORD-04143,2026-07-03,CUST-0655,Customer 0034,South,Tamil Nadu,Chennai,Technology,Smartphones,Android Phone,3,172615.15,0.05,20882.86,UPI,Small Business
ORD-04144,2025-11-13,CUST-0363,Customer 0463,North,Telangana,Jaipur,Office Supplies,Binders,Presentation Folder,4,2849.23,0.2,489.58,Net Banking,Small Business
ORD-04145,2026-05-14,CUST-0078,Customer 0137,East,Karnataka,Guwahati,Furniture,Chairs,Office Chair,5,46225.59,0.08,7623.92,Net Banking,Corporate
ORD-04146,2026-04-30,CUST-1183,Customer 0478,South,Tamil Nadu,Kochi,Technology,Smartphones,Premium Phone,5,320460.99,0.08,29888.46,Credit Card,Small Business
ORD-04147,2026-09-05,CUST-0001,Customer 0890,South,Karnataka,Kochi,Technology,Accessories,USB Hub,2,4259.57,0.2,868.67,Debit Card,Consumer
ORD-04148,2026-07-24,CUST-0383,Customer 1128,West,Kerala,Surat,Technology,Accessories,Keyboard,5,11145.01,0.0,1043.07,UPI,Consumer
ORD-04149,2026-08-23,CUST-1010,Customer 0659,North,Maharashtra,Lucknow,Furniture,Storage,Bookshelf,2,8414.55,0.2,1369.4,UPI,Small Business
ORD-04150,2026-02-22,CUST-1186,Customer 0194,West,Uttar Pradesh,Pune,Technology,Smartphones,Budget Phone,8,540968.25,0.1,97761.52,Net Banking,Consumer
ORD-04151,2026-08-29,CUST-0783,Customer 0573,West,Telangana,Ahmedabad,Office Supplies,Binders,Presentation Folder,2,846.6,0.05,238.67,UPI,Consumer
ORD-04152,2025-12-25,CUST-1096,Customer 0121,West,Uttar Pradesh,Pune,Furniture,Tables,Side Table,1,23858.06,0.02,6297.5,Net Banking,Corporate
ORD-04153,2026-06-15,CUST-0713,Customer 0477,West,Gujarat,Pune,Furniture,Storage,Bookshelf,4,30846.33,0.2,3919.14,Cash,Small Business
ORD-04154,2026-03-30,CUST-1037,Customer 0430,South,Gujarat,Bengaluru,Office Supplies,Paper,Premium Paper,1,863.43,0.08,275.55,Credit Card,Corporate
ORD-04155,2026-05-18,CUST-0926,Customer 0193,South,Tamil Nadu,Chennai,Office Supplies,Paper,Recycled Paper,4,1337.95,0.0,441.15,Credit Card,Consumer
ORD-04156,2026-04-11,CUST-0536,Customer 0217,East,West Bengal,Kolkata,Technology,Laptops,Gaming Laptop,2,203097.76,0.08,26350.82,Cash,Consumer
ORD-04157,2025-03-02,CUST-0346,Customer 0241,East,Gujarat,Kolkata,Technology,Laptops,Business Laptop,5,506874.64,0.0,59013.3,Cash,Small Business
ORD-04158,2026-10-20,CUST-1169,Customer 0332,North,Tamil Nadu,Chandigarh,Technology,Laptops,Business Laptop,6,477590.78,0.2,98362.41,Debit Card,Small Business
ORD-04159,2025-10-23,CUST-0661,Customer 0773,North,Tamil Nadu,Jaipur,Furniture,Tables,Work Desk,2,21462.08,0.08,5320.93,Cash,Small Business
ORD-04160,2025-07-20,CUST-0423,Customer 0814,East,Delhi,Patna,Office Supplies,Writing,Pen Set,4,1121.21,0.1,335.1,Cash,Corporate
ORD-04161,2025-05-02,CUST-0380,Customer 0031,East,Uttar Pradesh,Patna,Technology,Accessories,USB Hub,3,2471.47,0.15,591.36,UPI,Consumer
ORD-04162,2026-01-23,CUST-1113,Customer 0145,South,Telangana,Kochi,Furniture,Tables,Work Desk,3,45993.82,0.2,11966.89,Net Banking,Corporate
ORD-04163,2026-04-14,CUST-0928,Customer 0055,West,Uttar Pradesh,Mumbai,Furniture,Storage,Storage Box,5,54462.89,0.15,13565.6,Net Banking,Small Business
ORD-04164,2026-11-11,CUST-0655,Customer 0951,West,West Bengal,Ahmedabad,Furniture,Tables,Side Table,2,42000.12,0.1,8441.41,Net Banking,Corporate
ORD-04165,2026-11-03,CUST-0509,Customer 0973,South,Maharashtra,Bengaluru,Technology,Smartphones,Premium Phone,5,65166.95,0.1,6601.23,UPI,Small Business
ORD-04166,2026-07-30,CUST-1025,Customer 0829,South,Delhi,Hyderabad,Furniture,Tables,Side Table,4,28746.89,0.02,5695.35,Net Banking,Consumer
ORD-04167,2026-01-04,CUST-0319,Customer 0167,West,West Bengal,Pune,Office Supplies,Writing,Markers,2,411.64,0.15,122.95,UPI,Consumer
ORD-04168,2025-06-21,CUST-1041,Customer 1076,North,Karnataka,Jaipur,Technology,Laptops,Ultrabook,5,297161.04,0.15,50420.31,UPI,Small Business
ORD-04169,2025-08-09,CUST-1021,Customer 0066,South,West Bengal,Hyderabad,Furniture,Tables,Conference Table,1,18416.18,0.1,3942.39,Cash,Small Business
ORD-04170,2025-08-19,CUST-0628,Customer 0602,North,Kerala,Delhi,Furniture,Chairs,Office Chair,4,50444.34,0.05,12780.54,Credit Card,Small Business
ORD-04171,2026-05-15,CUST-0255,Customer 0229,West,West Bengal,Ahmedabad,Furniture,Chairs,Visitor Chair,6,60422.2,0.1,15326.78,UPI,Corporate
ORD-04172,2026-09-24,CUST-0514,Customer 0214,East,Rajasthan,Patna,Technology,Smartphones,Android Phone,5,182078.7,0.15,39571.89,UPI,Small Business
ORD-04173,2025-02-28,CUST-0171,Customer 0506,West,Telangana,Surat,Technology,Smartphones,Android Phone,2,88015.81,0.1,16402.33,Credit Card,Corporate
ORD-04174,2026-04-21,CUST-0228,Customer 0015,West,Gujarat,Surat,Furniture,Chairs,Office Chair,3,35515.14,0.1,7235.02,Debit Card,Small Business
ORD-04175,2025-06-03,CUST-0354,Customer 0162,South,Maharashtra,Bengaluru,Furniture,Chairs,Visitor Chair,3,40790.21,0.15,12070.49,Credit Card,Small Business
ORD-04176,2025-04-03,CUST-0971,Customer 0488,West,Gujarat,Mumbai,Furniture,Chairs,Office Chair,2,26852.17,0.2,7685.78,Credit Card,Corporate
ORD-04177,2025-09-11,CUST-0423,Customer 0697,East,Delhi,Kolkata,Furniture,Tables,Conference Table,2,22568.57,0.2,6714.02,Cash,Consumer
ORD-04178,2025-07-21,CUST-0783,Customer 0410,West,Maharashtra,Ahmedabad,Office Supplies,Writing,Pen Set,2,580.83,0.02,89.86,Cash,Corporate
ORD-04179,2025-11-21,CUST-0003,Customer 0132,East,Kerala,Patna,Furniture,Chairs,Office Chair,2,19005.78,0.02,3394.5,Credit Card,Corporate
ORD-04180,2026-10-03,CUST-0983,Customer 0995,East,Uttar Pradesh,Bhubaneswar,Furniture,Tables,Conference Table,2,10105.29,0.08,2328.25,Credit Card,Consumer
ORD-04181,2025-10-09,CUST-1196,Customer 0133,East,Delhi,Kolkata,Furniture,Tables,Work Desk,5,53329.13,0.1,15389.22,UPI,Corporate
ORD-04182,2025-10-11,CUST-0081,Customer 0776,North,Maharashtra,Delhi,Office Supplies,Binders,Ring Binder,4,3483.07,0.0,1103.07,Cash,Consumer
ORD-04183,2026-09-26,CUST-1194,Customer 0213,East,Telangana,Patna,Furniture,Chairs,Office Chair,3,15515.18,0.0,1958.28,Net Banking,Corporate
ORD-04184,2026-10-25,CUST-0036,Customer 0743,South,Karnataka,Hyderabad,Furniture,Storage,Filing Cabinet,3,30403.03,0.1,8030.99,Cash,Consumer
ORD-04185,2026-02-05,CUST-0261,Customer 0651,West,Kerala,Pune,Technology,Accessories,USB Hub,1,3729.26,0.02,786.57,UPI,Consumer
ORD-04186,2025-10-28,CUST-1176,Customer 0222,West,Telangana,Ahmedabad,Furniture,Storage,Filing Cabinet,4,9200.59,0.1,1383.67,Cash,Small Business
ORD-04187,2026-11-03,CUST-0349,Customer 0550,South,Delhi,Bengaluru,Technology,Smartphones,Android Phone,4,302322.17,0.0,48968.25,Credit Card,Corporate
ORD-04188,2026-09-28,CUST-0175,Customer 0195,West,West Bengal,Mumbai,Furniture,Tables,Conference Table,4,29655.78,0.08,3600.7,UPI,Small Business
ORD-04189,2025-03-26,CUST-0765,Customer 0507,South,Delhi,Chennai,Technology,Accessories,Keyboard,2,5963.3,0.02,821.86,Net Banking,Consumer
ORD-04190,2026-12-10,CUST-0058,Customer 1177,West,Gujarat,Pune,Office Supplies,Binders,Lever Arch Binder,4,2107.02,0.2,430.95,Credit Card,Corporate
ORD-04191,2026-07-04,CUST-0264,Customer 0595,West,Gujarat,Surat,Technology,Smartphones,Budget Phone,4,86770.16,0.1,9346.12,Net Banking,Small Business
ORD-04192,2026-10-20,CUST-0584,Customer 0900,South,Maharashtra,Bengaluru,Furniture,Chairs,Ergonomic Chair,3,14560.58,0.02,3118.49,UPI,Small Business
ORD-04193,2026-07-24,CUST-0440,Customer 0805,South,Uttar Pradesh,Chennai,Technology,Laptops,Gaming Laptop,2,104703.0,0.08,24876.48,Credit Card,Consumer
ORD-04194,2026-07-09,CUST-0574,Customer 0977,East,Delhi,Guwahati,Technology,Smartphones,Premium Phone,6,407722.83,0.2,64266.26,Cash,Consumer
ORD-04195,2025-03-21,CUST-0008,Customer 0705,East,West Bengal,Guwahati,Furniture,Tables,Side Table,2,14223.64,0.02,2406.01,Cash,Corporate
ORD-04196,2025-05-12,CUST-0550,Customer 0613,North,Gujarat,Lucknow,Office Supplies,Binders,Ring Binder,1,634.08,0.1,126.4,Cash,Consumer
ORD-04197,2026-12-16,CUST-0921,Customer 0989,East,Delhi,Guwahati,Technology,Accessories,USB Hub,6,10371.36,0.2,1742.6,Debit Card,Corporate
ORD-04198,2025-01-01,CUST-0213,Customer 0879,South,Telangana,Bengaluru,Office Supplies,Binders,Presentation Folder,6,2541.27,0.08,471.62,UPI,Consumer
ORD-04199,2026-05-03,CUST-0338,Customer 0578,East,Uttar Pradesh,Bhubaneswar,Office Supplies,Binders,Lever Arch Binder,2,1425.77,0.2,295.21,Debit Card,Small Business
ORD-04200,2025-09-01,CUST-0012,Customer 0661,South,Rajasthan,Kochi,Technology,Smartphones,Android Phone,5,338182.48,0.15,79976.84,Cash,Consumer
ORD-04201,2026-05-29,CUST-1054,Customer 0374,North,Telangana,Delhi,Office Supplies,Paper,A4 Paper,4,3002.68,0.2,452.99,Credit Card,Small Business
ORD-04202,2025-05-28,CUST-0401,Customer 0708,South,Gujarat,Hyderabad,Technology,Accessories,Wireless Mouse,4,1863.37,0.1,230.68,Net Banking,Small Business
ORD-04203,2026-08-18,CUST-0024,Customer 0344,North,Delhi,Jaipur,Technology,Accessories,Wireless Mouse,5,13252.22,0.02,2305.84,Credit Card,Consumer
ORD-04204,2026-04-20,CUST-1172,Customer 1169,North,Uttar Pradesh,Jaipur,Technology,Smartphones,Budget Phone,5,211937.98,0.2,29200.55,Cash,Consumer
ORD-04205,2025-02-20,CUST-1129,Customer 0010,East,West Bengal,Guwahati,Technology,Laptops,Gaming Laptop,2,166784.94,0.2,17899.01,Net Banking,Small Business
ORD-04206,2026-01-24,CUST-1111,Customer 0672,North,Telangana,Delhi,Technology,Smartphones,Budget Phone,1,18620.4,0.05,1636.28,Debit Card,Corporate
ORD-04207,2025-07-11,CUST-0288,Customer 1045,North,Rajasthan,Chandigarh,Office Supplies,Paper,Recycled Paper,2,565.22,0.05,94.31,Net Banking,Consumer
ORD-04208,2026-01-18,CUST-1194,Customer 0128,North,Maharashtra,Lucknow,Office Supplies,Binders,Presentation Folder,1,259.62,0.2,61.9,Net Banking,Corporate
ORD-04209,2025-04-19,CUST-0299,Customer 0648,West,Kerala,Pune,Furniture,Chairs,Visitor Chair,4,27739.64,0.15,7209.57,Cash,Corporate
ORD-04210,2026-07-08,CUST-0874,Customer 1005,East,Tamil Nadu,Bhubaneswar,Furniture,Chairs,Visitor Chair,3,12825.57,0.15,3126.72,Debit Card,Corporate
ORD-04211,2026-08-19,CUST-0619,Customer 0900,South,West Bengal,Hyderabad,Office Supplies,Writing,Notebook,2,1012.89,0.08,168.49,Credit Card,Consumer
ORD-04212,2025-07-13,CUST-0449,Customer 0823,West,Maharashtra,Mumbai,Office Supplies,Paper,Recycled Paper,4,3448.0,0.0,677.31,Debit Card,Small Business
ORD-04213,2025-03-30,CUST-0764,Customer 0657,South,Uttar Pradesh,Bengaluru,Office Supplies,Binders,Ring Binder,1,248.52,0.05,74.72,Cash,Small Business
ORD-04214,2026-01-20,CUST-0226,Customer 0132,West,Delhi,Surat,Technology,Laptops,Ultrabook,4,337246.5,0.1,52139.85,Debit Card,Consumer
ORD-04215,2025-04-28,CUST-0303,Customer 0792,North,Delhi,Delhi,Office Supplies,Writing,Notebook,2,883.15,0.05,237.99,Cash,Corporate
ORD-04216,2025-08-17,CUST-0181,Customer 0447,North,West Bengal,Lucknow,Technology,Laptops,Gaming Laptop,2,169315.65,0.1,16795.68,Debit Card,Consumer
ORD-04217,2025-09-11,CUST-1138,Customer 0338,North,Telangana,Delhi,Office Supplies,Writing,Pen Set,5,3160.81,0.0,1041.23,Debit Card,Corporate
ORD-04218,2026-11-14,CUST-1053,Customer 1027,South,Tamil Nadu,Chennai,Furniture,Tables,Conference Table,3,74289.59,0.15,13116.78,Cash,Corporate
ORD-04219,2026-07-26,CUST-0084,Customer 0438,East,Gujarat,Guwahati,Technology,Smartphones,Budget Phone,2,39657.93,0.02,5715.22,Debit Card,Small Business
ORD-04220,2025-02-04,CUST-0012,Customer 0853,East,Kerala,Bhubaneswar,Technology,Smartphones,Budget Phone,3,86167.89,0.1,19004.28,Debit Card,Corporate
ORD-04221,2026-01-30,CUST-0590,Customer 0036,North,Maharashtra,Jaipur,Technology,Laptops,Business Laptop,3,179562.13,0.2,19204.38,Credit Card,Corporate
ORD-04222,2026-06-13,CUST-0237,Customer 0124,East,Rajasthan,Kolkata,Furniture,Storage,Storage Box,4,32885.78,0.08,5592.43,Net Banking,Consumer
ORD-04223,2026-09-12,CUST-0333,Customer 0053,North,Uttar Pradesh,Delhi,Furniture,Storage,Bookshelf,1,4938.69,0.2,1475.2,Net Banking,Corporate
ORD-04224,2025-07-12,CUST-0175,Customer 1076,South,Delhi,Kochi,Furniture,Storage,Bookshelf,2,10717.44,0.1,1663.62,Net Banking,Corporate
ORD-04225,2026-02-25,CUST-1060,Customer 1123,East,Uttar Pradesh,Guwahati,Office Supplies,Paper,Premium Paper,8,8981.85,0.0,2771.89,Credit Card,Consumer
ORD-04226,2026-10-06,CUST-0447,Customer 0047,West,West Bengal,Surat,Office Supplies,Writing,Notebook,1,204.97,0.1,49.78,Cash,Consumer
ORD-04227,2025-03-28,CUST-0239,Customer 0339,West,West Bengal,Surat,Technology,Laptops,Ultrabook,2,104328.29,0.1,17431.53,Net Banking,Corporate
ORD-04228,2025-09-27,CUST-0797,Customer 0960,North,Rajasthan,Chandigarh,Technology,Accessories,Wireless Mouse,3,7194.26,0.05,933.59,Credit Card,Consumer
ORD-04229,2025-09-20,CUST-0611,Customer 0717,East,Uttar Pradesh,Bhubaneswar,Furniture,Storage,Bookshelf,2,26687.5,0.0,4084.59,Debit Card,Corporate
ORD-04230,2025-03-10,CUST-0542,Customer 0058,East,Kerala,Kolkata,Office Supplies,Binders,Ring Binder,5,1365.36,0.1,209.68,Credit Card,Corporate
ORD-04231,2025-04-23,CUST-0863,Customer 0716,East,Maharashtra,Guwahati,Furniture,Storage,Bookshelf,4,12841.99,0.05,1875.46,Cash,Small Business
ORD-04232,2026-01-01,CUST-0311,Customer 0526,West,Gujarat,Pune,Office Supplies,Writing,Pen Set,2,618.19,0.15,142.47,UPI,Consumer
ORD-04233,2025-03-09,CUST-0210,Customer 0269,South,Gujarat,Bengaluru,Furniture,Tables,Side Table,1,18851.0,0.05,4921.0,Debit Card,Consumer
ORD-04234,2026-06-08,CUST-0100,Customer 0211,West,Kerala,Surat,Office Supplies,Paper,Premium Paper,1,370.04,0.2,101.68,UPI,Consumer
ORD-04235,2025-07-04,CUST-0860,Customer 0003,West,Tamil Nadu,Mumbai,Furniture,Tables,Work Desk,6,51805.44,0.15,8351.45,Net Banking,Small Business
ORD-04236,2026-03-22,CUST-0202,Customer 0389,West,Delhi,Pune,Furniture,Tables,Conference Table,5,86354.53,0.02,12339.31,Debit Card,Consumer
ORD-04237,2026-10-22,CUST-0118,Customer 0106,West,Telangana,Mumbai,Technology,Accessories,USB Hub,1,860.84,0.2,185.64,Debit Card,Small Business
ORD-04238,2026-07-12,CUST-0763,Customer 0451,South,Maharashtra,Bengaluru,Furniture,Storage,Bookshelf,2,12151.43,0.2,2449.36,Credit Card,Consumer
ORD-04239,2026-07-23,CUST-0944,Customer 0696,East,Maharashtra,Patna,Furniture,Storage,Storage Box,5,19986.59,0.02,5819.42,Credit Card,Small Business
ORD-04240,2026-08-25,CUST-0850,Customer 0519,East,Delhi,Bhubaneswar,Technology,Smartphones,Premium Phone,1,52016.43,0.02,10989.99,Cash,Corporate
ORD-04241,2025-06-14,CUST-0197,Customer 0889,North,Uttar Pradesh,Lucknow,Furniture,Chairs,Visitor Chair,4,47717.62,0.02,14270.17,Cash,Consumer
ORD-04242,2025-12-09,CUST-0689,Customer 1003,West,Gujarat,Mumbai,Technology,Accessories,Wireless Mouse,1,3750.23,0.15,794.23,Credit Card,Consumer
ORD-04243,2025-01-16,CUST-0160,Customer 0961,East,Kerala,Kolkata,Technology,Laptops,Ultrabook,8,584532.99,0.15,65002.97,Credit Card,Small Business
ORD-04244,2026-08-19,CUST-0772,Customer 0309,East,Delhi,Guwahati,Office Supplies,Writing,Markers,6,2596.0,0.08,771.98,UPI,Corporate
ORD-04245,2026-12-08,CUST-0983,Customer 0550,West,Tamil Nadu,Mumbai,Technology,Smartphones,Android Phone,1,63398.52,0.05,14963.81,Net Banking,Corporate
ORD-04246,2025-07-02,CUST-0265,Customer 0474,West,West Bengal,Ahmedabad,Office Supplies,Writing,Pen Set,1,204.9,0.02,38.31,Credit Card,Corporate
ORD-04247,2025-12-31,CUST-0174,Customer 0925,West,Telangana,Ahmedabad,Technology,Laptops,Ultrabook,4,319247.59,0.2,74378.12,Credit Card,Consumer
ORD-04248,2026-09-23,CUST-1185,Customer 0435,North,Karnataka,Chandigarh,Technology,Accessories,Wireless Mouse,5,9954.75,0.2,2060.29,Net Banking,Corporate
ORD-04249,2025-04-06,CUST-1022,Customer 0503,West,Tamil Nadu,Ahmedabad,Technology,Laptops,Ultrabook,4,465359.77,0.0,91411.21,Credit Card,Consumer
ORD-04250,2025-02-17,CUST-0638,Customer 1199,North,Delhi,Delhi,Technology,Accessories,Keyboard,1,2152.34,0.05,236.22,Net Banking,Corporate
ORD-04251,2026-10-11,CUST-0372,Customer 0278,West,West Bengal,Ahmedabad,Technology,Laptops,Business Laptop,3,253201.98,0.02,39385.13,Cash,Consumer
ORD-04252,2025-01-23,CUST-1008,Customer 0839,South,Kerala,Bengaluru,Technology,Smartphones,Android Phone,2,45433.88,0.1,7592.13,Net Banking,Corporate
ORD-04253,2026-07-22,CUST-1161,Customer 0205,West,Gujarat,Surat,Furniture,Tables,Conference Table,2,18600.23,0.1,5429.31,Net Banking,Consumer
ORD-04254,2026-11-28,CUST-0135,Customer 0157,North,Rajasthan,Jaipur,Office Supplies,Binders,Lever Arch Binder,2,1229.27,0.05,327.47,Credit Card,Small Business
ORD-04255,2025-09-30,CUST-0556,Customer 1174,East,Gujarat,Patna,Office Supplies,Writing,Pen Set,1,417.45,0.02,116.29,Debit Card,Corporate
ORD-04256,2025-11-05,CUST-0673,Customer 0165,East,Gujarat,Guwahati,Office Supplies,Binders,Presentation Folder,3,998.55,0.2,296.61,UPI,Consumer
ORD-04257,2026-05-07,CUST-0132,Customer 0450,East,Maharashtra,Patna,Technology,Accessories,USB Hub,2,5775.6,0.08,1125.46,Cash,Consumer
ORD-04258,2025-05-16,CUST-0434,Customer 0721,East,Delhi,Bhubaneswar,Office Supplies,Paper,Premium Paper,2,1164.83,0.08,201.58,Debit Card,Corporate
ORD-04259,2026-02-28,CUST-0960,Customer 0904,South,Maharashtra,Hyderabad,Office Supplies,Writing,Pen Set,2,957.28,0.2,328.12,Credit Card,Small Business
ORD-04260,2025-02-22,CUST-0981,Customer 0704,West,Maharashtra,Mumbai,Technology,Accessories,USB Hub,2,6771.13,0.1,969.77,Cash,Consumer
ORD-04261,2025-08-04,CUST-0657,Customer 0027,North,West Bengal,Jaipur,Office Supplies,Paper,Recycled Paper,3,3414.32,0.0,860.47,UPI,Small Business
ORD-04262,2025-03-30,CUST-0543,Customer 0849,East,Telangana,Guwahati,Furniture,Chairs,Ergonomic Chair,3,10123.49,0.05,1385.97,Net Banking,Small Business
ORD-04263,2025-06-15,CUST-0947,Customer 0363,East,Gujarat,Patna,Office Supplies,Binders,Ring Binder,6,801.31,0.15,240.96,UPI,Small Business
ORD-04264,2025-10-02,CUST-0927,Customer 0703,North,Maharashtra,Chandigarh,Furniture,Tables,Conference Table,10,267124.5,0.0,66167.54,Credit Card,Consumer
ORD-04265,2025-01-04,CUST-0183,Customer 0257,East,Telangana,Guwahati,Furniture,Storage,Filing Cabinet,2,8393.38,0.05,1436.15,UPI,Consumer
ORD-04266,2026-07-21,CUST-1176,Customer 1066,East,Kerala,Kolkata,Technology,Laptops,Business Laptop,8,848826.6,0.1,101186.37,UPI,Consumer
ORD-04267,2026-05-27,CUST-0874,Customer 0835,South,Kerala,Chennai,Technology,Accessories,Wireless Mouse,8,9440.29,0.05,2079.84,Net Banking,Consumer
ORD-04268,2025-03-03,CUST-0038,Customer 0015,West,Kerala,Pune,Office Supplies,Writing,Pen Set,2,777.72,0.08,186.4,Net Banking,Corporate
ORD-04269,2025-12-25,CUST-0038,Customer 0237,South,Telangana,Hyderabad,Office Supplies,Binders,Presentation Folder,1,532.85,0.15,168.29,Credit Card,Consumer
ORD-04270,2026-03-19,CUST-0530,Customer 0797,East,Rajasthan,Guwahati,Technology,Laptops,Business Laptop,1,48564.4,0.15,11623.39,Cash,Consumer
ORD-04271,2026-10-07,CUST-0177,Customer 0549,West,Uttar Pradesh,Mumbai,Furniture,Tables,Side Table,2,25092.36,0.05,3114.38,UPI,Consumer
ORD-04272,2025-07-04,CUST-0039,Customer 0711,North,Delhi,Delhi,Office Supplies,Writing,Markers,2,1030.45,0.2,298.39,Debit Card,Consumer
ORD-04273,2025-12-27,CUST-0650,Customer 0002,South,Telangana,Bengaluru,Furniture,Storage,Storage Box,5,45376.94,0.1,12304.76,Net Banking,Small Business
ORD-04274,2025-06-02,CUST-1148,Customer 1030,East,Gujarat,Guwahati,Technology,Smartphones,Budget Phone,4,286387.68,0.0,44107.45,Cash,Small Business
ORD-04275,2026-02-02,CUST-1036,Customer 1185,South,Uttar Pradesh,Chennai,Office Supplies,Writing,Notebook,4,2312.08,0.15,534.7,Credit Card,Consumer
ORD-04276,2025-12-19,CUST-0584,Customer 0639,North,Maharashtra,Lucknow,Office Supplies,Writing,Markers,6,3382.17,0.15,629.1,Credit Card,Corporate
ORD-04277,2025-08-28,CUST-0912,Customer 0037,South,West Bengal,Chennai,Office Supplies,Binders,Ring Binder,5,3435.39,0.2,580.99,UPI,Corporate
ORD-04278,2026-10-28,CUST-0602,Customer 0010,East,West Bengal,Bhubaneswar,Technology,Laptops,Ultrabook,4,423665.62,0.05,37482.13,Cash,Small Business
ORD-04279,2026-08-23,CUST-0206,Customer 0713,South,Kerala,Kochi,Furniture,Storage,Storage Box,1,7767.57,0.05,1642.12,Credit Card,Small Business
ORD-04280,2025-04-18,CUST-0630,Customer 1023,East,Tamil Nadu,Guwahati,Technology,Smartphones,Budget Phone,3,171537.58,0.15,14931.88,Debit Card,Consumer
ORD-04281,2025-06-14,CUST-0275,Customer 0235,West,Maharashtra,Surat,Office Supplies,Binders,Ring Binder,8,2582.03,0.1,691.36,Net Banking,Small Business
ORD-04282,2026-02-18,CUST-0483,Customer 0471,North,Karnataka,Delhi,Furniture,Storage,Storage Box,1,4205.23,0.15,866.21,Cash,Small Business
ORD-04283,2026-08-14,CUST-0381,Customer 1027,East,Gujarat,Patna,Office Supplies,Writing,Pen Set,6,1371.68,0.15,478.47,UPI,Corporate
ORD-04284,2026-02-22,CUST-0769,Customer 0903,West,Uttar Pradesh,Surat,Furniture,Tables,Work Desk,2,29137.55,0.08,4964.64,Debit Card,Corporate
ORD-04285,2026-02-19,CUST-1061,Customer 0756,South,Kerala,Kochi,Technology,Smartphones,Premium Phone,1,24878.13,0.15,2442.17,Debit Card,Consumer
ORD-04286,2026-02-21,CUST-0508,Customer 0559,East,Maharashtra,Kolkata,Furniture,Chairs,Ergonomic Chair,2,19498.15,0.1,2915.15,UPI,Corporate
ORD-04287,2026-12-12,CUST-0241,Customer 0549,North,Kerala,Delhi,Technology,Laptops,Business Laptop,6,310040.03,0.1,50768.96,Credit Card,Corporate
ORD-04288,2025-11-09,CUST-0958,Customer 0529,North,Uttar Pradesh,Delhi,Technology,Laptops,Ultrabook,5,232445.1,0.15,35456.62,Credit Card,Corporate
ORD-04289,2025-03-11,CUST-0354,Customer 0528,West,Delhi,Surat,Technology,Accessories,Keyboard,1,4038.78,0.1,359.61,Cash,Consumer
ORD-04290,2026-04-18,CUST-1060,Customer 0744,East,West Bengal,Patna,Office Supplies,Paper,Recycled Paper,4,4680.23,0.0,1249.31,Debit Card,Small Business
ORD-04291,2025-03-04,CUST-0353,Customer 0791,South,Kerala,Kochi,Office Supplies,Binders,Ring Binder,1,345.85,0.05,98.84,Credit Card,Small Business
ORD-04292,2026-12-17,CUST-0357,Customer 1171,East,West Bengal,Guwahati,Furniture,Tables,Conference Table,1,16131.1,0.2,1940.09,UPI,Consumer
ORD-04293,2025-09-04,CUST-0427,Customer 0620,South,Gujarat,Bengaluru,Office Supplies,Writing,Notebook,1,323.25,0.08,109.39,Debit Card,Consumer
ORD-04294,2026-06-10,CUST-0660,Customer 0798,West,Kerala,Ahmedabad,Technology,Accessories,Wireless Mouse,4,10414.53,0.15,1168.31,Cash,Consumer
ORD-04295,2026-01-23,CUST-1131,Customer 0566,South,Kerala,Hyderabad,Furniture,Chairs,Office Chair,1,8296.88,0.15,1192.58,Debit Card,Consumer
ORD-04296,2026-05-18,CUST-0342,Customer 0821,East,Karnataka,Patna,Office Supplies,Paper,Premium Paper,2,991.85,0.05,195.28,Net Banking,Consumer
ORD-04297,2025-06-26,CUST-0968,Customer 1099,South,Karnataka,Chennai,Office Supplies,Writing,Pen Set,4,348.22,0.0,99.73,Net Banking,Small Business
ORD-04298,2025-06-02,CUST-0371,Customer 0349,West,Tamil Nadu,Pune,Office Supplies,Binders,Lever Arch Binder,2,702.5,0.0,191.03,UPI,Small Business
ORD-04299,2025-06-28,CUST-0307,Customer 0467,North,Telangana,Lucknow,Office Supplies,Paper,A4 Paper,2,1809.2,0.1,567.83,Net Banking,Consumer
ORD-04300,2026-06-13,CUST-0439,Customer 1140,South,Uttar Pradesh,Hyderabad,Furniture,Chairs,Ergonomic Chair,4,14981.5,0.08,4089.03,Credit Card,Corporate
ORD-04301,2025-11-05,CUST-0871,Customer 0810,East,Tamil Nadu,Bhubaneswar,Office Supplies,Paper,A4 Paper,1,883.45,0.02,221.24,Cash,Small Business
ORD-04302,2025-04-24,CUST-0492,Customer 0465,West,West Bengal,Mumbai,Technology,Accessories,USB Hub,3,2711.04,0.02,280.52,Debit Card,Small Business
ORD-04303,2026-05-05,CUST-0058,Customer 0106,South,Gujarat,Bengaluru,Furniture,Tables,Side Table,2,25630.45,0.08,3681.07,Cash,Small Business
ORD-04304,2025-02-02,CUST-0448,Customer 1007,West,Gujarat,Ahmedabad,Furniture,Chairs,Office Chair,3,30874.61,0.2,6219.37,Cash,Corporate
ORD-04305,2025-01-05,CUST-1128,Customer 0505,North,Karnataka,Jaipur,Furniture,Tables,Work Desk,1,8626.44,0.0,1656.52,Net Banking,Corporate
ORD-04306,2026-06-16,CUST-0905,Customer 0997,South,Tamil Nadu,Kochi,Office Supplies,Writing,Markers,2,683.01,0.1,151.04,Debit Card,Corporate
ORD-04307,2025-07-08,CUST-0506,Customer 1094,South,Kerala,Chennai,Technology,Smartphones,Android Phone,3,131253.51,0.1,30797.22,Debit Card,Small Business
ORD-04308,2026-09-19,CUST-0346,Customer 0949,North,Uttar Pradesh,Chandigarh,Furniture,Storage,Storage Box,5,23240.25,0.08,5976.72,Credit Card,Consumer
ORD-04309,2025-12-28,CUST-0325,Customer 0328,North,Gujarat,Lucknow,Office Supplies,Writing,Markers,3,475.04,0.1,147.03,UPI,Corporate
ORD-04310,2026-05-03,CUST-0047,Customer 0131,East,Tamil Nadu,Patna,Technology,Smartphones,Budget Phone,8,234554.95,0.02,20804.73,Net Banking,Corporate
ORD-04311,2025-02-14,CUST-0858,Customer 0929,East,Gujarat,Guwahati,Office Supplies,Binders,Lever Arch Binder,2,916.69,0.02,205.04,Debit Card,Corporate
ORD-04312,2026-06-12,CUST-0108,Customer 0482,North,Karnataka,Lucknow,Technology,Accessories,Keyboard,3,6472.57,0.2,1282.66,UPI,Corporate
ORD-04313,2025-11-06,CUST-0248,Customer 1093,South,West Bengal,Chennai,Office Supplies,Writing,Notebook,6,438.49,0.1,84.58,Credit Card,Corporate
ORD-04314,2025-01-11,CUST-0390,Customer 0757,East,Gujarat,Kolkata,Technology,Accessories,USB Hub,5,6730.33,0.02,1087.14,UPI,Consumer
ORD-04315,2025-01-30,CUST-0555,Customer 1129,South,Uttar Pradesh,Kochi,Office Supplies,Paper,A4 Paper,4,1495.14,0.05,462.3,Cash,Consumer
ORD-04316,2026-05-08,CUST-1076,Customer 0080,West,Kerala,Ahmedabad,Office Supplies,Writing,Markers,4,753.2,0.15,200.85,Cash,Consumer
ORD-04317,2026-03-16,CUST-0943,Customer 1151,South,Rajasthan,Kochi,Technology,Accessories,Wireless Mouse,2,6661.67,0.0,827.58,UPI,Consumer
ORD-04318,2025-02-10,CUST-0958,Customer 0778,South,Kerala,Bengaluru,Furniture,Storage,Filing Cabinet,4,49630.86,0.1,9465.95,Cash,Small Business
ORD-04319,2025-12-18,CUST-0539,Customer 0341,West,West Bengal,Ahmedabad,Furniture,Tables,Side Table,3,19819.36,0.0,2529.15,UPI,Corporate
ORD-04320,2025-05-19,CUST-0692,Customer 1031,East,Gujarat,Patna,Technology,Laptops,Ultrabook,3,158057.45,0.0,25932.26,UPI,Consumer
ORD-04321,2026-12-09,CUST-0763,Customer 0325,North,Tamil Nadu,Jaipur,Technology,Accessories,USB Hub,8,16891.36,0.2,1836.96,Debit Card,Consumer
ORD-04322,2026-01-28,CUST-0479,Customer 1111,West,Telangana,Pune,Technology,Laptops,Business Laptop,1,97579.71,0.0,19176.16,Net Banking,Corporate
ORD-04323,2026-12-19,CUST-0564,Customer 0835,West,Karnataka,Ahmedabad,Office Supplies,Binders,Ring Binder,3,1203.85,0.15,318.26,Debit Card,Consumer
ORD-04324,2026-09-21,CUST-0781,Customer 1103,East,Maharashtra,Patna,Office Supplies,Binders,Presentation Folder,2,1320.2,0.2,396.54,Debit Card,Small Business
ORD-04325,2025-05-09,CUST-1157,Customer 0192,West,West Bengal,Surat,Technology,Smartphones,Budget Phone,8,212422.55,0.2,22373.63,Net Banking,Consumer
ORD-04326,2025-03-29,CUST-0027,Customer 0048,West,Karnataka,Mumbai,Furniture,Chairs,Visitor Chair,6,16363.87,0.1,4643.93,Net Banking,Small Business
ORD-04327,2026-08-24,CUST-1106,Customer 0993,West,Karnataka,Pune,Technology,Accessories,Wireless Mouse,1,3226.61,0.15,387.27,UPI,Consumer
ORD-04328,2025-06-14,CUST-0973,Customer 0529,South,Gujarat,Hyderabad,Technology,Accessories,USB Hub,1,808.25,0.1,151.83,Debit Card,Corporate
ORD-04329,2025-06-28,CUST-0595,Customer 0579,East,West Bengal,Guwahati,Furniture,Tables,Work Desk,6,82070.26,0.15,18707.65,Net Banking,Consumer
ORD-04330,2025-09-25,CUST-0258,Customer 0012,West,Rajasthan,Ahmedabad,Technology,Smartphones,Premium Phone,3,126571.16,0.2,21828.1,Credit Card,Consumer
ORD-04331,2025-11-21,CUST-0419,Customer 0061,West,Uttar Pradesh,Surat,Office Supplies,Writing,Pen Set,2,317.54,0.2,83.25,Net Banking,Small Business
ORD-04332,2026-02-20,CUST-0445,Customer 0648,West,Uttar Pradesh,Mumbai,Office Supplies,Paper,A4 Paper,1,725.29,0.0,245.52,Credit Card,Corporate
ORD-04333,2025-04-15,CUST-0410,Customer 0394,West,Delhi,Surat,Technology,Laptops,Business Laptop,2,229329.37,0.02,44375.5,Net Banking,Consumer
ORD-04334,2025-04-12,CUST-0344,Customer 0727,East,Telangana,Guwahati,Technology,Smartphones,Budget Phone,3,68526.01,0.1,8268.53,Credit Card,Consumer
ORD-04335,2025-05-01,CUST-0315,Customer 0598,East,West Bengal,Bhubaneswar,Technology,Laptops,Ultrabook,3,320002.1,0.1,64610.73,Cash,Corporate
ORD-04336,2026-09-04,CUST-0546,Customer 0103,West,Kerala,Surat,Office Supplies,Binders,Presentation Folder,1,264.98,0.0,65.73,Cash,Consumer
ORD-04337,2025-09-22,CUST-1087,Customer 0231,West,Gujarat,Ahmedabad,Technology,Laptops,Gaming Laptop,6,411427.48,0.1,95168.71,Credit Card,Small Business
ORD-04338,2025-01-03,CUST-1042,Customer 0557,West,Kerala,Surat,Office Supplies,Writing,Pen Set,5,2125.5,0.0,583.94,Net Banking,Corporate
ORD-04339,2026-12-01,CUST-0711,Customer 1192,South,Maharashtra,Hyderabad,Technology,Accessories,Keyboard,6,3652.75,0.1,461.73,Debit Card,Consumer
ORD-04340,2025-06-18,CUST-0286,Customer 0696,North,West Bengal,Delhi,Furniture,Tables,Work Desk,4,67391.86,0.1,15573.94,Debit Card,Consumer
ORD-04341,2025-07-09,CUST-0973,Customer 0346,South,Delhi,Chennai,Furniture,Storage,Filing Cabinet,5,57467.32,0.15,8515.0,Debit Card,Corporate
ORD-04342,2025-12-05,CUST-0515,Customer 0877,East,West Bengal,Guwahati,Office Supplies,Paper,A4 Paper,3,2556.18,0.05,662.49,Net Banking,Consumer
ORD-04343,2025-03-24,CUST-0834,Customer 0413,South,Uttar Pradesh,Kochi,Furniture,Storage,Bookshelf,3,22859.04,0.08,4057.05,Credit Card,Corporate
ORD-04344,2025-02-09,CUST-0941,Customer 0428,West,West Bengal,Pune,Furniture,Tables,Side Table,1,23843.74,0.15,5343.44,UPI,Consumer
ORD-04345,2025-12-31,CUST-0622,Customer 0514,North,Karnataka,Lucknow,Furniture,Tables,Side Table,2,10213.26,0.05,2391.9,UPI,Small Business
ORD-04346,2025-11-04,CUST-0146,Customer 0556,North,Kerala,Chandigarh,Furniture,Tables,Work Desk,2,38938.26,0.1,6640.52,UPI,Consumer
ORD-04347,2026-01-01,CUST-0132,Customer 0168,South,West Bengal,Hyderabad,Office Supplies,Binders,Ring Binder,1,600.54,0.1,118.2,Debit Card,Small Business
ORD-04348,2026-02-06,CUST-0069,Customer 0972,West,Karnataka,Pune,Furniture,Storage,Filing Cabinet,4,53042.62,0.05,11510.21,Debit Card,Consumer
ORD-04349,2025-03-09,CUST-0069,Customer 1109,East,Gujarat,Kolkata,Furniture,Tables,Side Table,2,18007.21,0.08,5172.91,Debit Card,Corporate
ORD-04350,2025-12-10,CUST-0103,Customer 1081,South,Uttar Pradesh,Bengaluru,Furniture,Tables,Side Table,2,31666.58,0.2,4823.41,Cash,Small Business
ORD-04351,2026-07-06,CUST-1048,Customer 0167,West,Rajasthan,Ahmedabad,Furniture,Storage,Bookshelf,3,10052.81,0.1,2412.67,Net Banking,Small Business
ORD-04352,2025-10-20,CUST-0621,Customer 0973,North,Maharashtra,Lucknow,Furniture,Chairs,Office Chair,8,83631.78,0.1,18370.88,UPI,Consumer
ORD-04353,2026-04-19,CUST-0048,Customer 0813,West,Karnataka,Surat,Office Supplies,Binders,Lever Arch Binder,2,652.17,0.08,218.3,Cash,Small Business
ORD-04354,2026-03-01,CUST-0581,Customer 0475,East,Telangana,Guwahati,Office Supplies,Writing,Notebook,2,792.48,0.2,178.03,Net Banking,Small Business
ORD-04355,2025-02-22,CUST-0173,Customer 0706,East,Rajasthan,Guwahati,Technology,Laptops,Ultrabook,2,209379.98,0.02,32589.01,UPI,Corporate
ORD-04356,2025-02-16,CUST-1144,Customer 0668,West,Gujarat,Mumbai,Office Supplies,Paper,Premium Paper,10,3325.46,0.1,598.23,Net Banking,Consumer
ORD-04357,2025-11-13,CUST-1156,Customer 0412,North,Telangana,Lucknow,Office Supplies,Binders,Presentation Folder,1,714.83,0.15,164.67,UPI,Corporate
ORD-04358,2026-11-01,CUST-0183,Customer 0540,East,Kerala,Guwahati,Office Supplies,Writing,Pen Set,1,319.56,0.2,62.31,UPI,Small Business
ORD-04359,2026-10-08,CUST-0357,Customer 0017,South,Rajasthan,Hyderabad,Furniture,Storage,Bookshelf,4,50524.78,0.1,13349.08,Net Banking,Corporate
ORD-04360,2025-01-22,CUST-0044,Customer 0311,East,Uttar Pradesh,Bhubaneswar,Furniture,Tables,Side Table,4,64845.9,0.0,8189.62,Credit Card,Consumer
ORD-04361,2025-01-14,CUST-1041,Customer 1048,North,Rajasthan,Delhi,Technology,Laptops,Ultrabook,2,152720.12,0.0,23616.5,Debit Card,Corporate
ORD-04362,2026-09-16,CUST-0605,Customer 0332,North,Delhi,Lucknow,Technology,Smartphones,Budget Phone,2,94994.12,0.0,9844.71,Credit Card,Consumer
ORD-04363,2026-08-23,CUST-0321,Customer 0986,South,Tamil Nadu,Chennai,Office Supplies,Paper,Premium Paper,2,2132.2,0.08,459.57,Cash,Corporate
ORD-04364,2026-06-28,CUST-0051,Customer 0225,West,Karnataka,Surat,Technology,Smartphones,Android Phone,3,79367.85,0.2,8761.41,Net Banking,Small Business
ORD-04365,2026-07-27,CUST-0769,Customer 0544,North,Kerala,Delhi,Furniture,Tables,Conference Table,1,12458.45,0.02,2158.84,Credit Card,Corporate
ORD-04366,2025-11-23,CUST-0464,Customer 0559,East,Kerala,Kolkata,Furniture,Storage,Filing Cabinet,1,2285.63,0.02,365.87,Net Banking,Corporate
ORD-04367,2025-12-23,CUST-0215,Customer 0611,South,Tamil Nadu,Bengaluru,Furniture,Tables,Work Desk,5,89082.62,0.15,14238.12,Net Banking,Corporate
ORD-04368,2026-04-10,CUST-0395,Customer 0268,West,West Bengal,Surat,Office Supplies,Writing,Notebook,6,2510.88,0.02,682.73,Cash,Corporate
ORD-04369,2026-01-04,CUST-0751,Customer 0729,North,Karnataka,Jaipur,Office Supplies,Binders,Presentation Folder,5,2757.76,0.08,532.49,Credit Card,Consumer
ORD-04370,2025-12-11,CUST-1182,Customer 0749,North,Maharashtra,Delhi,Furniture,Storage,Storage Box,2,20916.04,0.05,3230.23,Credit Card,Consumer
ORD-04371,2025-09-20,CUST-0739,Customer 1163,West,Tamil Nadu,Ahmedabad,Furniture,Storage,Storage Box,2,14097.88,0.1,3873.71,Debit Card,Corporate
ORD-04372,2025-01-02,CUST-0926,Customer 0150,South,Maharashtra,Bengaluru,Technology,Laptops,Business Laptop,1,83692.94,0.1,15616.75,Net Banking,Consumer
ORD-04373,2026-05-12,CUST-0966,Customer 0725,East,Telangana,Bhubaneswar,Technology,Laptops,Business Laptop,1,100070.0,0.05,14526.15,Credit Card,Consumer
ORD-04374,2026-12-23,CUST-1060,Customer 0786,North,Telangana,Chandigarh,Office Supplies,Binders,Lever Arch Binder,2,645.37,0.05,188.14,UPI,Consumer
ORD-04375,2025-08-08,CUST-0295,Customer 0444,North,Rajasthan,Chandigarh,Furniture,Tables,Work Desk,1,13199.76,0.2,2493.37,Cash,Consumer
ORD-04376,2026-06-22,CUST-0385,Customer 1151,West,Kerala,Mumbai,Furniture,Tables,Side Table,3,45667.4,0.15,7455.69,Debit Card,Consumer
ORD-04377,2025-07-20,CUST-0015,Customer 0915,West,Rajasthan,Ahmedabad,Office Supplies,Paper,A4 Paper,3,1616.87,0.0,341.54,UPI,Corporate
ORD-04378,2026-07-26,CUST-0480,Customer 0320,South,Rajasthan,Chennai,Furniture,Tables,Work Desk,3,47567.98,0.15,8336.51,UPI,Consumer
ORD-04379,2025-05-21,CUST-0475,Customer 0006,East,Tamil Nadu,Kolkata,Furniture,Chairs,Ergonomic Chair,3,27903.14,0.15,6764.48,Debit Card,Corporate
ORD-04380,2025-10-30,CUST-0175,Customer 1109,East,Delhi,Patna,Furniture,Tables,Work Desk,1,10101.73,0.1,2990.25,UPI,Consumer
ORD-04381,2025-08-12,CUST-0074,Customer 0745,South,Karnataka,Kochi,Technology,Laptops,Business Laptop,1,77528.5,0.2,9556.53,Cash,Small Business
ORD-04382,2026-06-26,CUST-0985,Customer 0828,North,Uttar Pradesh,Jaipur,Furniture,Chairs,Visitor Chair,2,23396.98,0.0,3038.61,Debit Card,Small Business
ORD-04383,2026-03-27,CUST-0800,Customer 1071,West,Delhi,Ahmedabad,Furniture,Storage,Storage Box,1,5139.59,0.02,1402.67,Net Banking,Corporate
ORD-04384,2026-09-10,CUST-0431,Customer 0300,East,Delhi,Patna,Furniture,Tables,Work Desk,3,55668.79,0.05,6911.29,UPI,Small Business
ORD-04385,2026-03-11,CUST-0790,Customer 0119,West,Kerala,Surat,Furniture,Storage,Bookshelf,1,2341.32,0.2,353.9,Debit Card,Consumer
ORD-04386,2026-12-19,CUST-0456,Customer 0652,South,West Bengal,Bengaluru,Furniture,Storage,Storage Box,4,28620.23,0.02,7281.24,Net Banking,Corporate
ORD-04387,2025-08-07,CUST-0769,Customer 0301,South,Maharashtra,Bengaluru,Technology,Smartphones,Android Phone,2,61018.72,0.08,11824.93,Credit Card,Corporate
ORD-04388,2026-10-28,CUST-0885,Customer 0446,East,Karnataka,Guwahati,Technology,Laptops,Ultrabook,3,220860.58,0.08,52397.99,Net Banking,Corporate
ORD-04389,2026-09-29,CUST-0139,Customer 0708,East,Uttar Pradesh,Bhubaneswar,Furniture,Tables,Conference Table,5,50002.35,0.2,9495.87,Cash,Corporate
ORD-04390,2025-04-16,CUST-0550,Customer 0639,South,Telangana,Bengaluru,Office Supplies,Paper,Recycled Paper,3,2043.56,0.05,715.03,Cash,Small Business
ORD-04391,2026-02-10,CUST-0161,Customer 0204,South,Delhi,Kochi,Office Supplies,Binders,Lever Arch Binder,1,181.99,0.05,28.16,Debit Card,Corporate
ORD-04392,2026-09-13,CUST-0781,Customer 0214,North,Tamil Nadu,Delhi,Furniture,Tables,Side Table,1,18575.75,0.1,3571.28,Debit Card,Small Business
ORD-04393,2025-01-09,CUST-0163,Customer 0382,North,Rajasthan,Delhi,Furniture,Chairs,Visitor Chair,5,47438.76,0.1,9588.4,Cash,Consumer
ORD-04394,2026-10-17,CUST-0142,Customer 0198,North,Rajasthan,Chandigarh,Furniture,Chairs,Visitor Chair,1,14810.0,0.08,1906.66,Cash,Corporate
ORD-04395,2025-05-09,CUST-0138,Customer 0610,West,West Bengal,Mumbai,Furniture,Tables,Work Desk,1,12275.07,0.08,3409.25,Credit Card,Small Business
ORD-04396,2025-09-10,CUST-0259,Customer 0697,North,West Bengal,Jaipur,Office Supplies,Paper,A4 Paper,1,577.41,0.2,167.12,Debit Card,Small Business
ORD-04397,2026-08-01,CUST-0126,Customer 0665,South,Rajasthan,Bengaluru,Technology,Laptops,Business Laptop,1,100242.42,0.05,16178.56,Debit Card,Consumer
ORD-04398,2025-08-03,CUST-0137,Customer 0146,North,Uttar Pradesh,Lucknow,Technology,Laptops,Ultrabook,4,157779.97,0.2,37506.35,Net Banking,Small Business
ORD-04399,2025-01-21,CUST-0655,Customer 0617,West,Gujarat,Mumbai,Office Supplies,Paper,Recycled Paper,3,1825.18,0.2,350.16,Debit Card,Small Business
ORD-04400,2025-01-04,CUST-1183,Customer 1189,South,West Bengal,Bengaluru,Office Supplies,Paper,A4 Paper,1,1115.13,0.05,368.46,UPI,Corporate
ORD-04401,2026-02-26,CUST-0521,Customer 0989,North,Tamil Nadu,Jaipur,Furniture,Storage,Filing Cabinet,2,28107.23,0.0,5647.42,Cash,Small Business
ORD-04402,2025-10-30,CUST-0683,Customer 0480,West,Kerala,Pune,Office Supplies,Writing,Markers,3,596.88,0.0,112.15,Debit Card,Small Business
ORD-04403,2026-11-14,CUST-1061,Customer 0568,North,Delhi,Lucknow,Technology,Laptops,Gaming Laptop,5,434934.18,0.15,96325.42,Cash,Corporate
ORD-04404,2025-04-09,CUST-1135,Customer 0112,North,Rajasthan,Jaipur,Technology,Laptops,Gaming Laptop,8,673084.37,0.15,54470.41,Net Banking,Corporate
ORD-04405,2025-10-05,CUST-0719,Customer 0252,South,Kerala,Hyderabad,Technology,Smartphones,Budget Phone,4,83239.02,0.2,10437.84,Credit Card,Corporate
ORD-04406,2026-07-25,CUST-0394,Customer 0031,West,Rajasthan,Surat,Furniture,Storage,Filing Cabinet,5,7658.97,0.2,1964.34,UPI,Small Business
ORD-04407,2025-12-06,CUST-0911,Customer 0709,East,Gujarat,Guwahati,Technology,Accessories,Keyboard,4,3465.96,0.1,419.35,UPI,Consumer
ORD-04408,2026-06-19,CUST-0859,Customer 1066,West,Kerala,Pune,Furniture,Chairs,Visitor Chair,5,33669.83,0.02,9965.4,Cash,Small Business
ORD-04409,2026-04-02,CUST-0536,Customer 0811,South,Kerala,Chennai,Technology,Smartphones,Android Phone,1,35843.71,0.02,5432.66,Credit Card,Consumer
ORD-04410,2026-05-21,CUST-1006,Customer 0687,South,Telangana,Hyderabad,Furniture,Chairs,Office Chair,6,96427.53,0.05,20733.31,UPI,Consumer
ORD-04411,2025-10-15,CUST-0273,Customer 0097,North,Maharashtra,Jaipur,Office Supplies,Paper,A4 Paper,1,928.29,0.02,179.12,UPI,Small Business
ORD-04412,2025-02-25,CUST-0257,Customer 0199,West,Delhi,Pune,Office Supplies,Binders,Lever Arch Binder,5,3968.44,0.05,1258.5,Net Banking,Consumer
ORD-04413,2026-06-04,CUST-0769,Customer 0623,South,Kerala,Kochi,Furniture,Tables,Side Table,4,44143.68,0.08,12221.42,Credit Card,Small Business
ORD-04414,2025-11-25,CUST-0508,Customer 0331,West,Kerala,Ahmedabad,Office Supplies,Paper,A4 Paper,6,5268.25,0.05,1634.54,Net Banking,Corporate
ORD-04415,2026-05-31,CUST-1114,Customer 1076,West,Rajasthan,Pune,Furniture,Tables,Side Table,6,69067.77,0.1,10886.34,Credit Card,Corporate
ORD-04416,2025-04-10,CUST-0695,Customer 0532,West,Tamil Nadu,Surat,Technology,Laptops,Gaming Laptop,3,176573.62,0.0,31167.96,Net Banking,Small Business
ORD-04417,2025-04-27,CUST-0145,Customer 0534,South,Karnataka,Hyderabad,Office Supplies,Binders,Lever Arch Binder,2,198.65,0.05,56.29,Net Banking,Corporate
ORD-04418,2026-10-18,CUST-0561,Customer 0036,East,West Bengal,Patna,Furniture,Tables,Work Desk,6,162457.24,0.08,33603.65,Debit Card,Consumer
ORD-04419,2025-08-10,CUST-0453,Customer 0619,East,Kerala,Kolkata,Technology,Accessories,Wireless Mouse,2,3279.38,0.02,693.41,Debit Card,Corporate
ORD-04420,2026-09-01,CUST-0614,Customer 0998,East,Rajasthan,Kolkata,Furniture,Storage,Storage Box,4,12345.58,0.02,3361.19,Credit Card,Corporate
ORD-04421,2026-07-16,CUST-0448,Customer 0472,West,Gujarat,Surat,Furniture,Storage,Bookshelf,2,20344.73,0.02,3441.7,Debit Card,Consumer
ORD-04422,2025-06-03,CUST-0762,Customer 0338,East,Kerala,Patna,Furniture,Storage,Bookshelf,4,35829.94,0.02,7583.94,Credit Card,Corporate
ORD-04423,2025-08-19,CUST-0173,Customer 0165,South,Rajasthan,Kochi,Technology,Smartphones,Budget Phone,1,59603.54,0.0,9720.12,Cash,Corporate
ORD-04424,2025-01-04,CUST-0937,Customer 0130,West,Uttar Pradesh,Ahmedabad,Furniture,Tables,Side Table,5,136492.95,0.08,21278.36,Credit Card,Consumer
ORD-04425,2026-11-17,CUST-0169,Customer 1033,West,West Bengal,Ahmedabad,Furniture,Chairs,Visitor Chair,1,8982.86,0.2,2052.66,Credit Card,Small Business
ORD-04426,2025-10-06,CUST-0159,Customer 1184,North,Tamil Nadu,Chandigarh,Technology,Accessories,USB Hub,3,7205.91,0.2,600.63,Cash,Small Business
ORD-04427,2025-05-15,CUST-0291,Customer 0910,East,Gujarat,Guwahati,Office Supplies,Paper,A4 Paper,2,2059.66,0.08,341.86,Credit Card,Corporate
ORD-04428,2026-08-03,CUST-0448,Customer 0943,East,Karnataka,Kolkata,Technology,Laptops,Ultrabook,5,383909.68,0.2,79972.92,Cash,Consumer
ORD-04429,2025-04-30,CUST-0076,Customer 0061,North,Gujarat,Jaipur,Furniture,Tables,Side Table,6,64271.91,0.1,14266.67,Cash,Consumer
ORD-04430,2026-08-12,CUST-0938,Customer 0366,East,Rajasthan,Patna,Technology,Laptops,Business Laptop,2,145614.33,0.15,26904.29,UPI,Consumer
ORD-04431,2026-11-24,CUST-0265,Customer 1185,East,Delhi,Kolkata,Office Supplies,Paper,A4 Paper,2,1241.48,0.2,199.33,Net Banking,Small Business
ORD-04432,2026-10-31,CUST-1082,Customer 0326,North,Maharashtra,Jaipur,Furniture,Tables,Side Table,5,29220.79,0.05,4293.94,Debit Card,Small Business
ORD-04433,2026-06-15,CUST-0579,Customer 0156,East,Telangana,Patna,Furniture,Storage,Storage Box,4,7734.45,0.08,1321.54,Credit Card,Consumer
ORD-04434,2025-02-13,CUST-0803,Customer 0300,South,West Bengal,Hyderabad,Office Supplies,Binders,Ring Binder,6,2235.2,0.02,673.78,UPI,Consumer
ORD-04435,2026-06-15,CUST-1094,Customer 0972,East,Karnataka,Bhubaneswar,Furniture,Tables,Side Table,1,29092.9,0.0,4071.82,Debit Card,Corporate
ORD-04436,2025-02-15,CUST-0108,Customer 1165,North,Rajasthan,Lucknow,Technology,Accessories,USB Hub,4,6691.21,0.05,1074.63,Debit Card,Corporate
ORD-04437,2026-10-08,CUST-0722,Customer 0830,North,Karnataka,Chandigarh,Furniture,Storage,Storage Box,2,7861.78,0.2,2063.68,Credit Card,Corporate
ORD-04438,2025-05-21,CUST-0629,Customer 0923,West,Delhi,Ahmedabad,Office Supplies,Binders,Lever Arch Binder,2,1590.6,0.1,344.5,UPI,Small Business
ORD-04439,2025-05-09,CUST-0775,Customer 0045,South,Maharashtra,Bengaluru,Technology,Accessories,Keyboard,5,21126.05,0.1,3593.61,Cash,Small Business
ORD-04440,2025-07-13,CUST-0805,Customer 1096,West,Maharashtra,Mumbai,Office Supplies,Binders,Presentation Folder,4,1712.68,0.05,594.05,Net Banking,Small Business
ORD-04441,2025-01-22,CUST-0935,Customer 0584,North,Rajasthan,Jaipur,Furniture,Chairs,Ergonomic Chair,2,7365.02,0.1,2050.83,Credit Card,Small Business
ORD-04442,2026-12-08,CUST-0790,Customer 0430,South,Rajasthan,Bengaluru,Furniture,Tables,Conference Table,2,23114.02,0.08,4395.59,UPI,Small Business
ORD-04443,2025-10-18,CUST-0375,Customer 0199,North,Karnataka,Jaipur,Office Supplies,Paper,Recycled Paper,6,5999.75,0.02,1933.16,UPI,Corporate
ORD-04444,2025-02-17,CUST-0190,Customer 0358,South,Maharashtra,Bengaluru,Furniture,Storage,Storage Box,6,36942.71,0.15,5862.21,UPI,Corporate
ORD-04445,2025-07-03,CUST-0266,Customer 0266,West,Kerala,Pune,Office Supplies,Binders,Presentation Folder,4,1716.91,0.1,259.89,UPI,Consumer
ORD-04446,2025-01-08,CUST-1132,Customer 0660,North,Karnataka,Jaipur,Technology,Smartphones,Android Phone,2,122039.62,0.08,26991.99,Net Banking,Small Business
ORD-04447,2026-08-17,CUST-0866,Customer 0640,East,Kerala,Kolkata,Technology,Laptops,Ultrabook,1,45324.88,0.2,10754.61,UPI,Small Business
ORD-04448,2025-08-12,CUST-0512,Customer 1152,South,Maharashtra,Kochi,Office Supplies,Paper,A4 Paper,1,476.66,0.0,139.59,UPI,Corporate
ORD-04449,2026-02-28,CUST-0157,Customer 0591,West,Delhi,Pune,Office Supplies,Binders,Ring Binder,8,2578.99,0.05,644.2,Net Banking,Consumer
ORD-04450,2026-11-09,CUST-0310,Customer 1185,East,Telangana,Kolkata,Office Supplies,Paper,Recycled Paper,2,577.85,0.1,156.29,UPI,Consumer
ORD-04451,2026-08-18,CUST-0431,Customer 0302,North,Karnataka,Lucknow,Office Supplies,Writing,Notebook,5,2216.17,0.15,632.3,Credit Card,Consumer
ORD-04452,2026-11-20,CUST-1020,Customer 0615,North,West Bengal,Delhi,Furniture,Chairs,Office Chair,5,22179.83,0.15,6234.34,Cash,Consumer
ORD-04453,2025-10-03,CUST-0513,Customer 0311,North,Delhi,Delhi,Office Supplies,Binders,Lever Arch Binder,3,537.03,0.1,102.41,UPI,Corporate
ORD-04454,2026-05-02,CUST-1023,Customer 0089,East,Telangana,Bhubaneswar,Furniture,Storage,Bookshelf,3,6525.13,0.05,1427.75,UPI,Small Business
ORD-04455,2025-04-06,CUST-0022,Customer 0599,South,Maharashtra,Chennai,Technology,Laptops,Ultrabook,2,99862.95,0.0,17530.67,Cash,Corporate
ORD-04456,2025-12-23,CUST-0095,Customer 0660,South,Kerala,Chennai,Furniture,Chairs,Office Chair,5,52170.5,0.2,9085.3,Net Banking,Consumer
ORD-04457,2026-04-25,CUST-0959,Customer 0885,North,Uttar Pradesh,Delhi,Furniture,Chairs,Ergonomic Chair,2,31186.53,0.0,9052.19,Cash,Corporate
ORD-04458,2025-01-21,CUST-0618,Customer 0349,North,Kerala,Lucknow,Furniture,Storage,Storage Box,1,6560.45,0.08,935.26,Net Banking,Corporate
ORD-04459,2025-06-03,CUST-0705,Customer 0367,North,Maharashtra,Delhi,Technology,Accessories,Keyboard,4,2826.49,0.1,555.11,Credit Card,Corporate
ORD-04460,2025-11-24,CUST-0312,Customer 1035,East,Uttar Pradesh,Kolkata,Technology,Smartphones,Premium Phone,5,250326.92,0.05,55916.87,Credit Card,Consumer
ORD-04461,2025-11-04,CUST-0685,Customer 0179,East,West Bengal,Patna,Technology,Smartphones,Premium Phone,1,34064.34,0.2,2959.94,Credit Card,Corporate
ORD-04462,2026-07-11,CUST-0904,Customer 0679,South,Telangana,Bengaluru,Furniture,Tables,Work Desk,6,124763.65,0.2,24853.31,Net Banking,Consumer
ORD-04463,2026-07-20,CUST-0112,Customer 0359,South,Tamil Nadu,Chennai,Office Supplies,Writing,Markers,2,447.52,0.15,84.31,Credit Card,Consumer
ORD-04464,2025-12-05,CUST-0049,Customer 0895,West,Telangana,Surat,Technology,Laptops,Business Laptop,1,56612.72,0.1,5791.67,Net Banking,Corporate
ORD-04465,2026-06-04,CUST-0806,Customer 0074,North,Gujarat,Chandigarh,Furniture,Chairs,Visitor Chair,5,76867.07,0.1,12014.5,Credit Card,Corporate
ORD-04466,2026-10-26,CUST-1031,Customer 1173,North,Telangana,Chandigarh,Technology,Smartphones,Premium Phone,4,100972.89,0.1,22779.13,Debit Card,Corporate
ORD-04467,2025-08-25,CUST-0116,Customer 0558,East,Karnataka,Patna,Office Supplies,Binders,Presentation Folder,2,855.69,0.02,161.87,UPI,Consumer
ORD-04468,2026-03-17,CUST-0257,Customer 0312,East,Delhi,Kolkata,Office Supplies,Paper,Premium Paper,10,8619.19,0.02,1884.48,Cash,Small Business
ORD-04469,2025-07-20,CUST-0488,Customer 0438,North,Tamil Nadu,Chandigarh,Office Supplies,Paper,Recycled Paper,4,2790.35,0.2,552.6,UPI,Small Business
ORD-04470,2025-06-10,CUST-0281,Customer 0020,South,Uttar Pradesh,Kochi,Office Supplies,Binders,Lever Arch Binder,3,1013.72,0.2,285.4,Credit Card,Corporate
ORD-04471,2025-03-08,CUST-0435,Customer 0378,South,Gujarat,Hyderabad,Furniture,Storage,Storage Box,4,33384.0,0.08,7575.81,Net Banking,Corporate
ORD-04472,2025-04-28,CUST-0544,Customer 0084,North,West Bengal,Jaipur,Office Supplies,Binders,Presentation Folder,2,305.2,0.15,55.99,Cash,Small Business
ORD-04473,2026-03-08,CUST-0123,Customer 0205,South,Karnataka,Hyderabad,Technology,Laptops,Gaming Laptop,5,426499.52,0.2,81031.46,Cash,Small Business
ORD-04474,2025-04-08,CUST-0754,Customer 0737,South,Maharashtra,Bengaluru,Furniture,Chairs,Ergonomic Chair,4,56986.58,0.08,8919.78,UPI,Small Business
ORD-04475,2025-04-13,CUST-0379,Customer 0325,West,Gujarat,Ahmedabad,Technology,Laptops,Gaming Laptop,1,94923.59,0.2,15891.17,Credit Card,Small Business
ORD-04476,2025-03-27,CUST-1092,Customer 0467,North,Delhi,Delhi,Technology,Smartphones,Budget Phone,5,125421.63,0.05,27222.96,Credit Card,Small Business
ORD-04477,2026-05-18,CUST-0762,Customer 1000,North,Uttar Pradesh,Jaipur,Technology,Accessories,Keyboard,2,8141.44,0.15,1342.39,Debit Card,Consumer
ORD-04478,2026-03-21,CUST-0637,Customer 0372,South,Tamil Nadu,Hyderabad,Technology,Accessories,USB Hub,1,3773.73,0.2,398.56,Debit Card,Small Business
ORD-04479,2026-05-18,CUST-0960,Customer 0383,South,West Bengal,Hyderabad,Technology,Smartphones,Budget Phone,6,165155.08,0.05,36342.78,Cash,Corporate
ORD-04480,2026-10-28,CUST-0953,Customer 0012,South,Gujarat,Chennai,Technology,Smartphones,Premium Phone,5,289978.68,0.2,40217.95,Debit Card,Small Business
ORD-04481,2026-08-04,CUST-1152,Customer 1048,South,Telangana,Chennai,Technology,Smartphones,Android Phone,2,60521.61,0.0,8343.91,Net Banking,Small Business
ORD-04482,2025-09-27,CUST-0024,Customer 0293,West,Kerala,Ahmedabad,Furniture,Chairs,Office Chair,6,77001.29,0.02,10784.1,Credit Card,Consumer
ORD-04483,2026-10-21,CUST-0614,Customer 0026,North,West Bengal,Delhi,Office Supplies,Paper,Recycled Paper,1,1006.42,0.0,165.1,Debit Card,Corporate
ORD-04484,2025-10-22,CUST-0480,Customer 0122,West,Delhi,Surat,Technology,Laptops,Gaming Laptop,2,214645.12,0.05,42567.87,UPI,Corporate
ORD-04485,2026-06-25,CUST-1093,Customer 1144,East,Tamil Nadu,Patna,Furniture,Tables,Work Desk,1,24323.01,0.02,5346.9,Net Banking,Consumer
ORD-04486,2025-01-30,CUST-1005,Customer 0463,South,Telangana,Kochi,Office Supplies,Paper,Recycled Paper,4,3925.67,0.1,1261.35,Net Banking,Consumer
ORD-04487,2026-03-01,CUST-0440,Customer 1113,East,West Bengal,Patna,Technology,Smartphones,Premium Phone,3,92399.06,0.08,19437.0,UPI,Consumer
ORD-04488,2026-09-17,CUST-0536,Customer 0490,South,Telangana,Chennai,Technology,Accessories,Wireless Mouse,4,14497.09,0.08,1300.21,Net Banking,Small Business
ORD-04489,2026-07-28,CUST-0104,Customer 0339,East,Maharashtra,Kolkata,Technology,Smartphones,Premium Phone,2,72575.57,0.02,8851.98,UPI,Consumer
ORD-04490,2026-11-30,CUST-0191,Customer 0519,North,Maharashtra,Delhi,Office Supplies,Binders,Presentation Folder,3,970.56,0.0,304.32,Cash,Small Business
ORD-04491,2026-08-10,CUST-0531,Customer 0574,South,West Bengal,Kochi,Technology,Smartphones,Budget Phone,2,123324.83,0.1,10776.29,Credit Card,Small Business
ORD-04492,2026-02-23,CUST-0195,Customer 0476,North,Maharashtra,Jaipur,Technology,Smartphones,Android Phone,6,212516.91,0.15,26692.91,Debit Card,Corporate
ORD-04493,2026-12-08,CUST-0801,Customer 0392,West,Gujarat,Pune,Office Supplies,Paper,Premium Paper,5,1452.9,0.05,311.52,Cash,Consumer
ORD-04494,2026-04-06,CUST-0516,Customer 1157,East,Telangana,Kolkata,Office Supplies,Binders,Lever Arch Binder,4,3176.79,0.1,512.43,UPI,Small Business
ORD-04495,2025-04-19,CUST-0001,Customer 1050,South,Telangana,Kochi,Furniture,Tables,Work Desk,2,36622.52,0.0,8606.05,Net Banking,Corporate
ORD-04496,2025-06-03,CUST-0761,Customer 0037,East,West Bengal,Patna,Furniture,Tables,Conference Table,6,69994.17,0.15,17894.04,Net Banking,Consumer
ORD-04497,2025-08-25,CUST-1015,Customer 0230,South,Telangana,Kochi,Office Supplies,Paper,Premium Paper,4,1991.38,0.05,599.69,Credit Card,Corporate
ORD-04498,2025-01-22,CUST-0527,Customer 0352,West,Uttar Pradesh,Pune,Technology,Smartphones,Android Phone,1,56398.64,0.05,9298.53,Net Banking,Consumer
ORD-04499,2025-09-28,CUST-0597,Customer 0410,South,Rajasthan,Chennai,Technology,Laptops,Business Laptop,4,276991.91,0.08,34628.56,Net Banking,Corporate
ORD-04500,2026-06-04,CUST-0935,Customer 0573,South,Karnataka,Hyderabad,Technology,Laptops,Gaming Laptop,2,92415.73,0.0,9862.41,Cash,Consumer
ORD-04501,2025-07-21,CUST-0746,Customer 0449,South,Kerala,Hyderabad,Office Supplies,Writing,Notebook,3,774.03,0.2,208.9,Debit Card,Corporate
ORD-04502,2026-04-11,CUST-0167,Customer 1077,South,Uttar Pradesh,Bengaluru,Office Supplies,Binders,Lever Arch Binder,5,1076.25,0.02,340.33,Cash,Small Business
ORD-04503,2026-02-01,CUST-0900,Customer 0449,South,Telangana,Kochi,Office Supplies,Binders,Ring Binder,2,309.34,0.1,52.11,UPI,Consumer
ORD-04504,2025-07-02,CUST-0050,Customer 0574,West,Delhi,Surat,Furniture,Storage,Bookshelf,2,22740.08,0.08,4690.05,UPI,Consumer
ORD-04505,2025-10-07,CUST-0502,Customer 1179,West,Rajasthan,Surat,Office Supplies,Binders,Presentation Folder,2,333.0,0.08,76.51,Credit Card,Corporate
ORD-04506,2026-10-17,CUST-1138,Customer 1192,South,Tamil Nadu,Bengaluru,Technology,Smartphones,Budget Phone,8,397777.9,0.02,76924.87,Net Banking,Small Business
ORD-04507,2026-05-31,CUST-0930,Customer 1135,West,Tamil Nadu,Pune,Office Supplies,Writing,Markers,1,603.22,0.02,99.44,Net Banking,Consumer
ORD-04508,2026-12-04,CUST-0947,Customer 0435,West,Gujarat,Surat,Furniture,Chairs,Ergonomic Chair,1,14097.47,0.0,2588.12,Debit Card,Corporate
ORD-04509,2026-08-30,CUST-0336,Customer 1199,East,Maharashtra,Kolkata,Technology,Accessories,Keyboard,4,9264.66,0.08,1864.23,Net Banking,Small Business
ORD-04510,2026-08-11,CUST-0272,Customer 1167,North,Rajasthan,Lucknow,Furniture,Chairs,Visitor Chair,3,40603.15,0.0,8852.8,Cash,Corporate
ORD-04511,2025-08-24,CUST-0763,Customer 0263,South,West Bengal,Kochi,Office Supplies,Writing,Markers,2,649.48,0.1,146.15,UPI,Corporate
ORD-04512,2026-12-28,CUST-0401,Customer 1046,North,Maharashtra,Delhi,Furniture,Tables,Conference Table,1,4751.49,0.1,805.98,Cash,Small Business
ORD-04513,2026-10-20,CUST-0961,Customer 0025,North,West Bengal,Delhi,Technology,Smartphones,Premium Phone,5,335211.03,0.15,33845.92,Net Banking,Small Business
ORD-04514,2025-06-25,CUST-1132,Customer 0008,West,Telangana,Mumbai,Office Supplies,Paper,Premium Paper,1,592.05,0.08,119.71,Cash,Consumer
ORD-04515,2026-02-28,CUST-0668,Customer 0190,South,West Bengal,Chennai,Technology,Accessories,Keyboard,2,3647.65,0.0,859.34,Debit Card,Small Business
ORD-04516,2025-08-12,CUST-1116,Customer 1086,West,Maharashtra,Surat,Furniture,Chairs,Ergonomic Chair,3,24968.93,0.0,4338.78,UPI,Small Business
ORD-04517,2026-02-09,CUST-0160,Customer 0933,South,Rajasthan,Chennai,Office Supplies,Writing,Notebook,3,623.07,0.15,108.22,Debit Card,Small Business
ORD-04518,2025-09-26,CUST-0114,Customer 0936,East,Karnataka,Patna,Furniture,Tables,Work Desk,5,72476.95,0.1,15909.72,Debit Card,Corporate
ORD-04519,2025-05-26,CUST-0846,Customer 0941,West,Kerala,Pune,Technology,Accessories,Wireless Mouse,5,11270.15,0.08,2141.96,Debit Card,Corporate
ORD-04520,2025-02-17,CUST-0059,Customer 0163,North,West Bengal,Delhi,Office Supplies,Binders,Lever Arch Binder,3,1357.87,0.15,234.78,Cash,Corporate
ORD-04521,2025-09-13,CUST-0881,Customer 0631,West,Telangana,Surat,Furniture,Storage,Filing Cabinet,1,1733.31,0.0,410.28,UPI,Small Business
ORD-04522,2025-09-24,CUST-0689,Customer 0823,South,Telangana,Chennai,Technology,Smartphones,Premium Phone,1,23929.96,0.05,2302.76,Credit Card,Consumer
ORD-04523,2025-07-13,CUST-1166,Customer 0825,North,Delhi,Jaipur,Furniture,Tables,Side Table,3,76529.53,0.0,10281.72,Debit Card,Corporate
ORD-04524,2026-07-28,CUST-0452,Customer 0864,South,Gujarat,Hyderabad,Office Supplies,Binders,Ring Binder,2,838.52,0.08,245.93,Cash,Corporate
ORD-04525,2026-05-18,CUST-0313,Customer 0122,North,Maharashtra,Jaipur,Furniture,Chairs,Visitor Chair,5,80348.15,0.05,19424.72,Credit Card,Corporate
ORD-04526,2026-06-26,CUST-1183,Customer 0594,South,West Bengal,Bengaluru,Furniture,Chairs,Ergonomic Chair,1,5890.48,0.1,1711.14,Credit Card,Small Business
ORD-04527,2026-04-29,CUST-0147,Customer 0123,North,Gujarat,Lucknow,Office Supplies,Writing,Notebook,1,485.94,0.1,85.39,Debit Card,Small Business
ORD-04528,2026-09-22,CUST-0111,Customer 0789,North,Uttar Pradesh,Lucknow,Technology,Accessories,Wireless Mouse,2,2771.17,0.08,461.31,Cash,Corporate
ORD-04529,2026-09-25,CUST-0077,Customer 0689,East,Maharashtra,Kolkata,Technology,Accessories,Wireless Mouse,5,4560.3,0.2,983.05,Cash,Small Business
ORD-04530,2025-09-15,CUST-0370,Customer 1183,West,West Bengal,Ahmedabad,Technology,Accessories,USB Hub,5,13213.49,0.05,1505.85,Credit Card,Consumer
ORD-04531,2025-07-18,CUST-0338,Customer 0856,West,Kerala,Surat,Technology,Laptops,Ultrabook,1,45240.69,0.0,5473.69,Debit Card,Small Business
ORD-04532,2026-12-15,CUST-1130,Customer 0793,East,Delhi,Kolkata,Technology,Smartphones,Android Phone,5,404232.47,0.0,34509.03,Cash,Corporate
ORD-04533,2025-06-21,CUST-0191,Customer 0131,South,Gujarat,Chennai,Technology,Smartphones,Budget Phone,1,46517.24,0.02,5942.06,Net Banking,Small Business
ORD-04534,2025-09-14,CUST-0224,Customer 0683,East,Rajasthan,Patna,Furniture,Tables,Conference Table,4,41945.67,0.0,10381.15,Credit Card,Corporate
ORD-04535,2025-06-07,CUST-0518,Customer 0971,South,Rajasthan,Bengaluru,Technology,Smartphones,Android Phone,4,84358.13,0.08,14474.92,Credit Card,Corporate
ORD-04536,2026-01-28,CUST-1067,Customer 0555,East,Tamil Nadu,Kolkata,Technology,Smartphones,Budget Phone,4,255931.49,0.0,51962.59,Net Banking,Consumer
ORD-04537,2025-04-30,CUST-0466,Customer 0373,West,Rajasthan,Pune,Furniture,Chairs,Ergonomic Chair,6,55077.24,0.2,9878.04,UPI,Small Business
ORD-04538,2026-06-01,CUST-0414,Customer 0092,North,Kerala,Delhi,Furniture,Chairs,Visitor Chair,4,67442.37,0.02,9689.36,UPI,Consumer
ORD-04539,2026-10-26,CUST-1054,Customer 0839,North,Karnataka,Jaipur,Technology,Smartphones,Android Phone,2,51802.03,0.15,4488.29,Net Banking,Consumer
ORD-04540,2025-05-22,CUST-1175,Customer 0757,East,Tamil Nadu,Bhubaneswar,Technology,Smartphones,Android Phone,1,46341.8,0.05,6191.1,Cash,Corporate
ORD-04541,2025-02-10,CUST-0317,Customer 0969,South,Uttar Pradesh,Hyderabad,Furniture,Storage,Bookshelf,4,31956.48,0.0,6017.24,Net Banking,Consumer
ORD-04542,2025-02-26,CUST-0837,Customer 0714,East,Delhi,Patna,Furniture,Tables,Side Table,6,88803.61,0.0,12787.18,UPI,Consumer
ORD-04543,2026-02-05,CUST-0967,Customer 1134,North,Delhi,Delhi,Office Supplies,Writing,Markers,2,422.94,0.0,91.71,Cash,Corporate
ORD-04544,2026-07-04,CUST-1065,Customer 0138,North,Karnataka,Jaipur,Furniture,Chairs,Office Chair,5,80823.3,0.1,11843.3,Debit Card,Consumer
ORD-04545,2025-10-24,CUST-0728,Customer 0089,South,Uttar Pradesh,Hyderabad,Office Supplies,Paper,Premium Paper,2,1153.31,0.15,365.38,Debit Card,Corporate
ORD-04546,2025-11-10,CUST-0493,Customer 1187,East,Uttar Pradesh,Guwahati,Office Supplies,Writing,Notebook,5,2574.33,0.08,681.55,Net Banking,Small Business
ORD-04547,2025-02-05,CUST-1170,Customer 0750,East,Kerala,Guwahati,Furniture,Chairs,Ergonomic Chair,5,16117.37,0.1,4127.16,Debit Card,Consumer
ORD-04548,2026-05-24,CUST-0953,Customer 1022,East,Maharashtra,Bhubaneswar,Technology,Accessories,USB Hub,1,3082.25,0.0,638.72,Credit Card,Small Business
ORD-04549,2026-04-22,CUST-0920,Customer 0125,North,Delhi,Chandigarh,Technology,Laptops,Business Laptop,1,115374.66,0.02,26831.06,UPI,Small Business
ORD-04550,2026-12-14,CUST-0920,Customer 0213,West,Maharashtra,Pune,Furniture,Chairs,Visitor Chair,4,29845.7,0.02,8613.2,UPI,Corporate
ORD-04551,2026-10-23,CUST-0036,Customer 0623,South,Tamil Nadu,Chennai,Technology,Accessories,Keyboard,3,6816.69,0.2,828.96,Net Banking,Consumer
ORD-04552,2025-11-30,CUST-0617,Customer 0557,West,Gujarat,Ahmedabad,Technology,Laptops,Business Laptop,5,273258.26,0.0,54407.43,Cash,Corporate
ORD-04553,2026-07-01,CUST-0192,Customer 0008,North,West Bengal,Jaipur,Office Supplies,Binders,Lever Arch Binder,1,559.73,0.15,91.86,Credit Card,Consumer
ORD-04554,2025-12-09,CUST-0196,Customer 0622,West,Rajasthan,Surat,Office Supplies,Writing,Notebook,1,345.27,0.1,95.58,Credit Card,Corporate
ORD-04555,2025-01-10,CUST-0582,Customer 0622,South,Karnataka,Kochi,Technology,Laptops,Gaming Laptop,4,163129.76,0.15,33635.33,Credit Card,Consumer
ORD-04556,2026-11-03,CUST-0636,Customer 0410,North,Rajasthan,Lucknow,Office Supplies,Binders,Lever Arch Binder,10,6962.18,0.2,1330.11,Credit Card,Corporate
ORD-04557,2026-06-26,CUST-0891,Customer 1099,East,Rajasthan,Guwahati,Technology,Laptops,Business Laptop,2,180013.38,0.0,40675.14,Net Banking,Corporate
ORD-04558,2026-11-18,CUST-0413,Customer 0784,West,Maharashtra,Ahmedabad,Furniture,Tables,Conference Table,8,175250.19,0.2,36852.8,UPI,Consumer
ORD-04559,2026-08-20,CUST-1186,Customer 0004,North,Uttar Pradesh,Chandigarh,Office Supplies,Writing,Pen Set,5,1626.78,0.02,271.8,Net Banking,Consumer
ORD-04560,2025-06-17,CUST-0976,Customer 0468,North,Kerala,Chandigarh,Furniture,Chairs,Visitor Chair,8,64283.21,0.2,14983.84,UPI,Corporate
ORD-04561,2025-12-08,CUST-0060,Customer 1041,West,Uttar Pradesh,Surat,Office Supplies,Paper,A4 Paper,4,1985.68,0.08,409.12,UPI,Consumer
ORD-04562,2025-11-09,CUST-0918,Customer 1005,South,Maharashtra,Hyderabad,Office Supplies,Paper,Recycled Paper,3,1536.87,0.2,423.18,UPI,Consumer
ORD-04563,2025-08-25,CUST-0284,Customer 0627,West,Karnataka,Pune,Furniture,Storage,Storage Box,3,28087.47,0.15,3809.05,Net Banking,Consumer
ORD-04564,2025-09-16,CUST-0760,Customer 0056,West,Delhi,Ahmedabad,Furniture,Chairs,Ergonomic Chair,5,43818.15,0.02,12447.05,Net Banking,Small Business
ORD-04565,2026-10-06,CUST-1070,Customer 0145,East,Telangana,Bhubaneswar,Furniture,Chairs,Ergonomic Chair,1,13348.52,0.05,3924.58,Debit Card,Small Business
ORD-04566,2025-11-03,CUST-0609,Customer 0120,North,Gujarat,Jaipur,Furniture,Tables,Work Desk,2,13035.02,0.08,2586.78,UPI,Corporate
ORD-04567,2026-02-09,CUST-0113,Customer 0526,North,Rajasthan,Chandigarh,Technology,Accessories,USB Hub,2,4368.57,0.08,398.65,Debit Card,Consumer
ORD-04568,2025-01-11,CUST-0732,Customer 0447,North,Tamil Nadu,Delhi,Furniture,Chairs,Ergonomic Chair,2,18299.79,0.08,5397.04,UPI,Small Business
ORD-04569,2026-05-20,CUST-0968,Customer 0987,West,Telangana,Pune,Furniture,Tables,Conference Table,5,64827.79,0.1,16906.55,Debit Card,Small Business
ORD-04570,2026-11-15,CUST-1007,Customer 0845,South,Tamil Nadu,Hyderabad,Technology,Smartphones,Budget Phone,4,136291.79,0.02,29363.95,UPI,Small Business
ORD-04571,2026-04-18,CUST-0919,Customer 1162,South,Kerala,Kochi,Technology,Laptops,Gaming Laptop,3,258216.02,0.2,55328.41,Debit Card,Small Business
ORD-04572,2026-02-16,CUST-0185,Customer 0022,North,Gujarat,Chandigarh,Office Supplies,Paper,Premium Paper,1,737.19,0.2,178.12,Credit Card,Small Business
ORD-04573,2026-06-18,CUST-0147,Customer 0062,West,Rajasthan,Surat,Technology,Laptops,Gaming Laptop,6,563427.24,0.1,131742.39,UPI,Corporate
ORD-04574,2026-07-03,CUST-0859,Customer 0650,West,Tamil Nadu,Mumbai,Furniture,Tables,Conference Table,3,48940.1,0.2,12026.44,UPI,Consumer
ORD-04575,2025-11-03,CUST-0952,Customer 0991,East,Karnataka,Guwahati,Technology,Smartphones,Android Phone,4,175211.06,0.1,25821.47,Credit Card,Corporate
ORD-04576,2025-02-01,CUST-0820,Customer 0761,West,Maharashtra,Pune,Technology,Accessories,Wireless Mouse,1,3415.63,0.02,541.9,Cash,Consumer
ORD-04577,2025-08-20,CUST-0749,Customer 0139,South,Telangana,Kochi,Office Supplies,Writing,Markers,4,2610.92,0.02,562.79,Cash,Consumer
ORD-04578,2026-01-08,CUST-0283,Customer 0595,East,Karnataka,Guwahati,Office Supplies,Writing,Markers,3,517.96,0.2,140.16,Debit Card,Consumer
ORD-04579,2026-02-22,CUST-0026,Customer 0765,North,Uttar Pradesh,Chandigarh,Furniture,Chairs,Visitor Chair,1,13724.17,0.08,3234.42,Cash,Consumer
ORD-04580,2026-06-24,CUST-1048,Customer 0505,East,Telangana,Bhubaneswar,Office Supplies,Binders,Ring Binder,8,4056.11,0.1,677.55,UPI,Corporate
ORD-04581,2025-02-14,CUST-0330,Customer 1104,West,Kerala,Mumbai,Technology,Laptops,Business Laptop,4,279231.33,0.08,65714.75,UPI,Small Business
ORD-04582,2026-08-27,CUST-0194,Customer 0988,North,Uttar Pradesh,Chandigarh,Office Supplies,Writing,Notebook,2,596.51,0.08,192.11,Credit Card,Corporate
ORD-04583,2026-01-22,CUST-0796,Customer 0626,East,Gujarat,Bhubaneswar,Furniture,Chairs,Visitor Chair,2,26488.14,0.1,4229.51,Cash,Consumer
ORD-04584,2026-04-22,CUST-1121,Customer 0550,East,Delhi,Patna,Office Supplies,Binders,Ring Binder,2,278.24,0.02,65.68,Net Banking,Corporate
ORD-04585,2026-09-03,CUST-0785,Customer 0630,North,Karnataka,Delhi,Furniture,Tables,Conference Table,1,17532.14,0.08,5007.25,Debit Card,Corporate
ORD-04586,2026-09-30,CUST-0781,Customer 0197,West,Gujarat,Surat,Furniture,Chairs,Visitor Chair,3,47462.24,0.1,7041.68,Net Banking,Consumer
ORD-04587,2026-12-18,CUST-0275,Customer 1017,North,Maharashtra,Lucknow,Furniture,Storage,Storage Box,3,3860.63,0.08,971.05,Credit Card,Consumer
ORD-04588,2025-11-18,CUST-1139,Customer 1192,West,Uttar Pradesh,Ahmedabad,Furniture,Tables,Work Desk,2,14520.59,0.05,3447.64,Cash,Corporate
ORD-04589,2026-06-20,CUST-0561,Customer 0218,South,Gujarat,Kochi,Office Supplies,Binders,Lever Arch Binder,4,3096.23,0.0,877.99,Debit Card,Corporate
ORD-04590,2026-04-08,CUST-1184,Customer 0961,East,Telangana,Guwahati,Office Supplies,Writing,Markers,5,960.18,0.05,265.64,Cash,Consumer
ORD-04591,2025-06-15,CUST-0986,Customer 0825,East,Maharashtra,Patna,Technology,Laptops,Ultrabook,10,396101.85,0.15,46053.66,Cash,Consumer
ORD-04592,2026-04-20,CUST-0786,Customer 0751,West,Kerala,Ahmedabad,Office Supplies,Binders,Ring Binder,5,4036.94,0.08,923.06,Net Banking,Corporate
ORD-04593,2026-08-18,CUST-0886,Customer 0221,West,Kerala,Mumbai,Office Supplies,Paper,Recycled Paper,2,2230.32,0.02,453.29,Cash,Corporate
ORD-04594,2025-10-14,CUST-0120,Customer 0845,East,Karnataka,Kolkata,Technology,Smartphones,Premium Phone,1,34079.64,0.2,4270.3,UPI,Consumer
ORD-04595,2025-06-16,CUST-0932,Customer 1033,North,Maharashtra,Delhi,Furniture,Chairs,Ergonomic Chair,3,33737.77,0.08,9656.57,UPI,Consumer
ORD-04596,2025-07-18,CUST-0862,Customer 1192,South,Uttar Pradesh,Kochi,Technology,Smartphones,Android Phone,2,30158.2,0.1,3253.81,Credit Card,Consumer
ORD-04597,2026-01-15,CUST-0865,Customer 1198,North,Tamil Nadu,Delhi,Furniture,Tables,Side Table,2,40865.43,0.08,8277.69,Debit Card,Small Business
ORD-04598,2025-09-19,CUST-0731,Customer 0600,West,Tamil Nadu,Mumbai,Technology,Laptops,Ultrabook,3,272838.93,0.15,55342.92,Net Banking,Corporate
ORD-04599,2026-02-07,CUST-0712,Customer 0340,West,Uttar Pradesh,Mumbai,Furniture,Storage,Filing Cabinet,1,5029.22,0.15,1232.82,Debit Card,Consumer
ORD-04600,2025-12-10,CUST-0374,Customer 0308,North,Telangana,Delhi,Furniture,Tables,Conference Table,4,61588.38,0.08,13310.12,UPI,Small Business
ORD-04601,2026-10-20,CUST-0237,Customer 0609,North,Gujarat,Delhi,Furniture,Tables,Side Table,6,112063.77,0.15,22560.76,UPI,Small Business
ORD-04602,2026-01-23,CUST-1126,Customer 0957,North,Telangana,Delhi,Office Supplies,Writing,Pen Set,2,413.07,0.02,62.07,Credit Card,Corporate
ORD-04603,2026-11-09,CUST-1143,Customer 0248,North,West Bengal,Chandigarh,Office Supplies,Binders,Lever Arch Binder,3,1247.87,0.2,194.05,Cash,Corporate
ORD-04604,2025-12-18,CUST-1040,Customer 0463,South,Rajasthan,Bengaluru,Technology,Smartphones,Premium Phone,2,37875.25,0.05,5390.86,Debit Card,Small Business
ORD-04605,2026-03-09,CUST-0835,Customer 0336,North,Telangana,Delhi,Furniture,Storage,Bookshelf,5,30057.57,0.0,8106.7,UPI,Consumer
ORD-04606,2025-01-26,CUST-1170,Customer 0781,West,Maharashtra,Mumbai,Office Supplies,Paper,A4 Paper,5,1468.17,0.15,425.23,Cash,Small Business
ORD-04607,2026-11-20,CUST-1144,Customer 0298,East,Gujarat,Patna,Office Supplies,Paper,Premium Paper,1,715.52,0.05,164.07,Net Banking,Corporate
ORD-04608,2026-11-18,CUST-0957,Customer 0756,North,Rajasthan,Lucknow,Office Supplies,Writing,Markers,2,1242.21,0.05,384.64,Net Banking,Corporate
ORD-04609,2026-09-28,CUST-0765,Customer 0021,North,Tamil Nadu,Lucknow,Technology,Laptops,Business Laptop,8,415932.99,0.1,95563.81,Cash,Corporate
ORD-04610,2026-12-25,CUST-0010,Customer 1140,West,West Bengal,Mumbai,Technology,Laptops,Business Laptop,2,168351.96,0.2,35153.22,UPI,Corporate
ORD-04611,2026-07-03,CUST-0439,Customer 0127,West,Kerala,Mumbai,Office Supplies,Binders,Presentation Folder,1,157.34,0.02,50.19,Credit Card,Corporate
ORD-04612,2025-09-06,CUST-0021,Customer 0556,East,Telangana,Kolkata,Furniture,Storage,Bookshelf,3,38180.25,0.0,8710.2,Credit Card,Consumer
ORD-04613,2026-02-08,CUST-0720,Customer 0842,East,West Bengal,Kolkata,Furniture,Chairs,Ergonomic Chair,1,5768.11,0.1,1147.46,UPI,Consumer
ORD-04614,2026-06-13,CUST-0640,Customer 0256,East,Karnataka,Kolkata,Technology,Accessories,Keyboard,4,15835.12,0.15,1896.1,Credit Card,Small Business
ORD-04615,2025-09-27,CUST-0057,Customer 0820,East,Rajasthan,Bhubaneswar,Technology,Laptops,Gaming Laptop,4,337817.5,0.05,40797.63,Credit Card,Corporate
ORD-04616,2026-07-08,CUST-0792,Customer 0135,South,Uttar Pradesh,Chennai,Technology,Laptops,Ultrabook,2,139063.23,0.15,17298.26,UPI,Small Business
ORD-04617,2025-04-28,CUST-0989,Customer 0350,South,Gujarat,Hyderabad,Furniture,Storage,Storage Box,1,2130.82,0.2,284.22,Debit Card,Corporate
ORD-04618,2026-04-08,CUST-1052,Customer 0005,North,Uttar Pradesh,Chandigarh,Technology,Accessories,Wireless Mouse,4,2698.36,0.1,394.57,Net Banking,Consumer
ORD-04619,2025-06-08,CUST-0122,Customer 0734,South,West Bengal,Hyderabad,Technology,Accessories,USB Hub,5,9217.68,0.02,2186.69,Credit Card,Small Business
ORD-04620,2025-07-11,CUST-0982,Customer 1179,South,Telangana,Kochi,Furniture,Storage,Bookshelf,2,18252.48,0.0,3808.37,Cash,Consumer
ORD-04621,2025-03-13,CUST-0897,Customer 0294,East,Tamil Nadu,Patna,Office Supplies,Writing,Notebook,4,1476.81,0.2,489.47,UPI,Corporate
ORD-04622,2026-05-02,CUST-0371,Customer 1019,North,Karnataka,Jaipur,Office Supplies,Binders,Presentation Folder,3,433.49,0.08,144.03,UPI,Consumer
ORD-04623,2025-07-31,CUST-0383,Customer 0039,East,Kerala,Kolkata,Technology,Laptops,Gaming Laptop,1,56008.85,0.02,4599.57,Credit Card,Corporate
ORD-04624,2025-12-04,CUST-0508,Customer 0186,South,Tamil Nadu,Bengaluru,Office Supplies,Paper,Recycled Paper,6,4882.93,0.2,797.37,Cash,Small Business
ORD-04625,2026-06-16,CUST-0967,Customer 0368,South,Uttar Pradesh,Chennai,Technology,Smartphones,Android Phone,3,52379.49,0.02,8949.26,Net Banking,Corporate
ORD-04626,2026-06-01,CUST-0047,Customer 0015,North,Karnataka,Jaipur,Office Supplies,Paper,Premium Paper,2,705.95,0.08,200.57,Net Banking,Small Business
ORD-04627,2026-04-19,CUST-1086,Customer 0755,West,Telangana,Surat,Furniture,Chairs,Visitor Chair,3,29725.72,0.0,6811.29,Debit Card,Consumer
ORD-04628,2026-10-05,CUST-0535,Customer 0513,North,Uttar Pradesh,Jaipur,Office Supplies,Binders,Lever Arch Binder,2,1374.12,0.2,402.63,Debit Card,Small Business
ORD-04629,2026-01-17,CUST-1140,Customer 1037,North,Delhi,Chandigarh,Furniture,Tables,Work Desk,1,20688.58,0.05,2636.98,Debit Card,Consumer
ORD-04630,2025-10-08,CUST-1097,Customer 0666,North,Maharashtra,Jaipur,Office Supplies,Paper,Premium Paper,1,307.08,0.1,86.87,Credit Card,Corporate
ORD-04631,2025-12-13,CUST-0514,Customer 1023,West,West Bengal,Ahmedabad,Office Supplies,Binders,Presentation Folder,4,370.24,0.15,65.51,Net Banking,Corporate
ORD-04632,2026-06-21,CUST-0164,Customer 0230,South,Karnataka,Bengaluru,Office Supplies,Binders,Lever Arch Binder,2,1037.87,0.02,212.84,Credit Card,Corporate
ORD-04633,2026-03-08,CUST-1190,Customer 0413,South,Tamil Nadu,Bengaluru,Office Supplies,Writing,Notebook,3,1487.02,0.2,519.94,Net Banking,Small Business
ORD-04634,2026-05-21,CUST-0097,Customer 0555,North,Gujarat,Chandigarh,Office Supplies,Writing,Pen Set,3,817.95,0.15,223.23,Debit Card,Consumer
ORD-04635,2026-09-24,CUST-0029,Customer 0235,West,West Bengal,Ahmedabad,Office Supplies,Paper,A4 Paper,2,1770.38,0.08,288.64,Debit Card,Small Business
ORD-04636,2025-08-12,CUST-0128,Customer 0784,East,Gujarat,Bhubaneswar,Furniture,Chairs,Ergonomic Chair,5,73025.4,0.08,10331.79,Net Banking,Consumer
ORD-04637,2025-10-07,CUST-0427,Customer 0675,North,Kerala,Lucknow,Furniture,Chairs,Ergonomic Chair,3,32346.09,0.02,4824.08,Debit Card,Consumer
ORD-04638,2025-07-21,CUST-0274,Customer 0502,South,Telangana,Chennai,Technology,Laptops,Ultrabook,4,436901.07,0.05,98377.01,Debit Card,Corporate
ORD-04639,2026-05-24,CUST-0970,Customer 0987,South,Telangana,Hyderabad,Furniture,Chairs,Ergonomic Chair,3,29416.75,0.2,4563.25,Credit Card,Corporate
ORD-04640,2026-01-20,CUST-0872,Customer 0648,South,Rajasthan,Kochi,Technology,Accessories,USB Hub,2,5463.79,0.08,1176.48,Debit Card,Corporate
ORD-04641,2026-09-05,CUST-0823,Customer 0614,East,Delhi,Bhubaneswar,Office Supplies,Paper,Recycled Paper,5,2364.47,0.05,584.94,Debit Card,Corporate
ORD-04642,2026-06-12,CUST-0387,Customer 0813,North,Kerala,Lucknow,Furniture,Storage,Storage Box,2,17636.73,0.05,2804.58,UPI,Consumer
ORD-04643,2026-08-05,CUST-1114,Customer 0388,North,Karnataka,Delhi,Technology,Accessories,USB Hub,3,12782.28,0.0,2353.58,UPI,Consumer
ORD-04644,2026-07-04,CUST-0879,Customer 0253,North,Rajasthan,Chandigarh,Furniture,Storage,Storage Box,6,33987.66,0.02,8150.49,Credit Card,Consumer
ORD-04645,2026-03-18,CUST-0555,Customer 0122,West,Rajasthan,Mumbai,Office Supplies,Paper,A4 Paper,4,3664.93,0.2,1103.69,Cash,Corporate
ORD-04646,2026-05-15,CUST-0495,Customer 0726,North,Karnataka,Chandigarh,Office Supplies,Paper,Recycled Paper,1,873.87,0.15,217.42,UPI,Consumer
ORD-04647,2026-02-21,CUST-0458,Customer 0472,East,Rajasthan,Patna,Furniture,Chairs,Ergonomic Chair,1,5720.05,0.1,1008.42,Net Banking,Small Business
ORD-04648,2026-08-11,CUST-0275,Customer 0217,North,Tamil Nadu,Jaipur,Technology,Smartphones,Android Phone,4,302467.54,0.0,48289.27,Cash,Consumer
ORD-04649,2025-12-27,CUST-1067,Customer 0180,North,Gujarat,Jaipur,Technology,Accessories,Keyboard,1,833.88,0.0,148.15,Net Banking,Small Business
ORD-04650,2025-09-19,CUST-0940,Customer 1182,West,West Bengal,Mumbai,Office Supplies,Binders,Lever Arch Binder,8,1665.77,0.02,261.59,Net Banking,Small Business
ORD-04651,2025-06-09,CUST-0664,Customer 0530,East,Rajasthan,Guwahati,Technology,Smartphones,Budget Phone,5,190671.2,0.05,25164.13,UPI,Corporate
ORD-04652,2026-11-15,CUST-0830,Customer 0311,South,Maharashtra,Chennai,Technology,Laptops,Business Laptop,1,56768.15,0.08,5441.52,Debit Card,Small Business
ORD-04653,2026-10-07,CUST-0183,Customer 0591,South,Karnataka,Hyderabad,Technology,Accessories,USB Hub,10,41555.41,0.02,7535.95,Credit Card,Consumer
ORD-04654,2026-05-22,CUST-0599,Customer 0201,North,Gujarat,Jaipur,Office Supplies,Binders,Ring Binder,4,508.5,0.1,86.66,Net Banking,Corporate
ORD-04655,2025-08-30,CUST-0973,Customer 0400,West,West Bengal,Surat,Office Supplies,Paper,Premium Paper,1,277.6,0.05,84.23,Debit Card,Consumer
ORD-04656,2025-06-06,CUST-1097,Customer 0616,East,West Bengal,Bhubaneswar,Furniture,Chairs,Ergonomic Chair,2,14063.86,0.15,2106.26,Net Banking,Corporate
ORD-04657,2025-04-04,CUST-0316,Customer 0780,North,Tamil Nadu,Delhi,Office Supplies,Binders,Lever Arch Binder,6,3919.45,0.1,589.06,Cash,Consumer
ORD-04658,2025-11-01,CUST-0117,Customer 0119,East,Gujarat,Kolkata,Furniture,Chairs,Ergonomic Chair,5,21131.04,0.05,4902.22,Cash,Small Business
ORD-04659,2026-09-04,CUST-0643,Customer 0774,West,Kerala,Ahmedabad,Furniture,Chairs,Visitor Chair,3,19238.36,0.05,4629.88,Net Banking,Corporate
ORD-04660,2025-12-02,CUST-0274,Customer 0367,East,Kerala,Guwahati,Furniture,Chairs,Office Chair,1,6688.75,0.0,1711.4,Credit Card,Corporate
ORD-04661,2025-01-24,CUST-0202,Customer 0303,North,Tamil Nadu,Delhi,Furniture,Chairs,Ergonomic Chair,3,22696.3,0.2,3827.89,Net Banking,Consumer
ORD-04662,2025-11-01,CUST-0174,Customer 1122,South,Delhi,Bengaluru,Office Supplies,Binders,Ring Binder,1,274.15,0.1,91.79,Net Banking,Corporate
ORD-04663,2026-12-21,CUST-0936,Customer 0463,West,Delhi,Pune,Furniture,Chairs,Visitor Chair,8,107632.37,0.02,16944.17,Net Banking,Consumer
ORD-04664,2026-08-30,CUST-0737,Customer 0428,South,Delhi,Kochi,Office Supplies,Paper,Recycled Paper,2,1237.23,0.08,312.77,UPI,Corporate
ORD-04665,2025-04-18,CUST-0598,Customer 0509,East,Rajasthan,Bhubaneswar,Furniture,Tables,Side Table,3,70265.86,0.0,12415.01,Credit Card,Corporate
ORD-04666,2026-02-19,CUST-0067,Customer 0873,South,Gujarat,Kochi,Technology,Smartphones,Android Phone,3,34673.86,0.05,5871.81,Credit Card,Corporate
ORD-04667,2025-09-12,CUST-1018,Customer 0680,East,West Bengal,Bhubaneswar,Furniture,Storage,Storage Box,5,7807.57,0.08,1750.6,Cash,Small Business
ORD-04668,2025-12-14,CUST-1067,Customer 0591,North,Delhi,Delhi,Furniture,Tables,Work Desk,1,16771.16,0.08,2622.58,Debit Card,Corporate
ORD-04669,2026-05-10,CUST-0095,Customer 0521,North,West Bengal,Chandigarh,Office Supplies,Writing,Notebook,6,1060.68,0.08,232.07,Net Banking,Small Business
ORD-04670,2025-08-31,CUST-0567,Customer 0631,North,Karnataka,Chandigarh,Furniture,Storage,Filing Cabinet,1,13737.8,0.0,3686.4,UPI,Corporate
ORD-04671,2026-08-27,CUST-0696,Customer 0043,East,Maharashtra,Guwahati,Furniture,Storage,Bookshelf,1,9948.15,0.05,1511.46,UPI,Corporate
ORD-04672,2025-12-21,CUST-0611,Customer 1169,South,Uttar Pradesh,Kochi,Office Supplies,Paper,Premium Paper,5,1418.64,0.0,220.98,Credit Card,Small Business
ORD-04673,2026-09-28,CUST-0867,Customer 0842,East,Rajasthan,Patna,Technology,Smartphones,Premium Phone,2,46246.32,0.1,5275.46,UPI,Corporate
ORD-04674,2026-08-12,CUST-0082,Customer 0535,North,Delhi,Lucknow,Furniture,Chairs,Ergonomic Chair,3,41561.43,0.02,11344.6,Debit Card,Small Business
ORD-04675,2025-08-05,CUST-0152,Customer 0319,East,Tamil Nadu,Bhubaneswar,Furniture,Chairs,Office Chair,3,15030.11,0.15,4478.98,Credit Card,Small Business
ORD-04676,2026-07-16,CUST-0054,Customer 0069,North,West Bengal,Delhi,Office Supplies,Paper,A4 Paper,3,1952.2,0.15,670.32,Net Banking,Small Business
ORD-04677,2026-06-06,CUST-1039,Customer 0612,North,Maharashtra,Lucknow,Office Supplies,Binders,Ring Binder,2,1204.95,0.08,407.62,UPI,Consumer
ORD-04678,2026-05-18,CUST-0288,Customer 0601,West,Kerala,Ahmedabad,Technology,Accessories,USB Hub,6,8772.71,0.0,1633.6,Credit Card,Consumer
ORD-04679,2026-06-14,CUST-1068,Customer 0544,East,West Bengal,Kolkata,Furniture,Tables,Work Desk,2,55005.62,0.08,16135.93,UPI,Small Business
ORD-04680,2025-01-13,CUST-0186,Customer 0689,East,Maharashtra,Bhubaneswar,Office Supplies,Binders,Ring Binder,1,746.59,0.05,219.75,Debit Card,Small Business
ORD-04681,2025-04-25,CUST-0278,Customer 0778,East,Uttar Pradesh,Patna,Technology,Laptops,Business Laptop,5,301676.61,0.0,31972.68,Net Banking,Consumer
ORD-04682,2025-04-08,CUST-1114,Customer 0189,North,West Bengal,Lucknow,Technology,Accessories,Keyboard,2,3714.08,0.05,326.43,Net Banking,Consumer
ORD-04683,2026-12-25,CUST-0007,Customer 0527,East,Tamil Nadu,Bhubaneswar,Furniture,Tables,Work Desk,2,22809.07,0.08,4697.43,Credit Card,Consumer
ORD-04684,2025-11-26,CUST-0977,Customer 0530,North,Uttar Pradesh,Delhi,Office Supplies,Paper,Recycled Paper,6,5797.57,0.1,989.18,Cash,Corporate
ORD-04685,2026-08-22,CUST-0144,Customer 0014,West,Delhi,Ahmedabad,Technology,Smartphones,Android Phone,4,191563.78,0.0,28907.73,UPI,Corporate
ORD-04686,2025-07-16,CUST-0630,Customer 1120,South,Uttar Pradesh,Hyderabad,Furniture,Tables,Conference Table,1,10387.81,0.02,3032.64,Cash,Consumer
ORD-04687,2025-05-16,CUST-0921,Customer 0947,North,Rajasthan,Delhi,Technology,Laptops,Business Laptop,1,51045.21,0.2,4673.81,Credit Card,Corporate
ORD-04688,2025-11-02,CUST-0228,Customer 0199,West,Telangana,Pune,Furniture,Storage,Storage Box,4,22270.85,0.1,4566.02,Cash,Corporate
ORD-04689,2026-10-09,CUST-0305,Customer 0160,East,Kerala,Bhubaneswar,Technology,Smartphones,Budget Phone,5,117825.24,0.05,23930.4,Debit Card,Consumer
ORD-04690,2025-04-24,CUST-0895,Customer 0144,East,Rajasthan,Patna,Office Supplies,Writing,Notebook,4,2377.65,0.02,562.33,Cash,Corporate
ORD-04691,2025-11-12,CUST-0178,Customer 0628,North,Delhi,Jaipur,Furniture,Chairs,Visitor Chair,5,50446.56,0.08,14042.7,Debit Card,Consumer
ORD-04692,2026-06-11,CUST-0331,Customer 0562,West,Telangana,Pune,Technology,Laptops,Business Laptop,3,270771.92,0.0,31270.62,Cash,Small Business
ORD-04693,2025-11-10,CUST-0799,Customer 0430,East,Gujarat,Bhubaneswar,Furniture,Chairs,Ergonomic Chair,3,35942.84,0.02,6109.73,Net Banking,Corporate
ORD-04694,2026-01-17,CUST-0261,Customer 0339,West,Tamil Nadu,Ahmedabad,Office Supplies,Binders,Lever Arch Binder,2,1108.25,0.0,169.44,Cash,Consumer
ORD-04695,2026-02-26,CUST-0787,Customer 0068,East,Uttar Pradesh,Guwahati,Office Supplies,Writing,Pen Set,2,308.8,0.15,80.96,Cash,Consumer
ORD-04696,2025-06-26,CUST-0661,Customer 0542,South,Kerala,Chennai,Technology,Smartphones,Android Phone,4,65434.87,0.05,12671.47,Debit Card,Corporate
ORD-04697,2025-03-30,CUST-0440,Customer 0325,West,Gujarat,Mumbai,Technology,Laptops,Gaming Laptop,4,300638.54,0.0,63426.91,Net Banking,Consumer
ORD-04698,2026-03-25,CUST-0565,Customer 0704,West,Gujarat,Pune,Technology,Accessories,Wireless Mouse,2,3560.16,0.02,534.84,Debit Card,Small Business
ORD-04699,2026-06-04,CUST-0933,Customer 0804,North,Delhi,Lucknow,Technology,Accessories,Wireless Mouse,2,888.72,0.15,211.04,Net Banking,Small Business
ORD-04700,2026-10-14,CUST-0191,Customer 0899,North,Telangana,Chandigarh,Office Supplies,Writing,Pen Set,6,1636.01,0.2,360.95,Cash,Corporate
ORD-04701,2026-05-11,CUST-0328,Customer 0356,East,Telangana,Bhubaneswar,Technology,Laptops,Gaming Laptop,1,39179.04,0.2,3717.59,Cash,Small Business
ORD-04702,2025-10-25,CUST-0202,Customer 1121,East,Karnataka,Guwahati,Technology,Laptops,Ultrabook,5,377043.23,0.0,53355.16,Debit Card,Corporate
ORD-04703,2026-11-11,CUST-0560,Customer 0327,North,Karnataka,Delhi,Office Supplies,Binders,Presentation Folder,4,895.34,0.2,136.73,Net Banking,Small Business
ORD-04704,2026-08-29,CUST-0873,Customer 0675,West,Kerala,Mumbai,Office Supplies,Writing,Notebook,3,284.62,0.08,76.34,Credit Card,Consumer
ORD-04705,2025-03-20,CUST-0683,Customer 0917,North,Gujarat,Delhi,Office Supplies,Binders,Ring Binder,4,3172.25,0.1,767.22,Cash,Small Business
ORD-04706,2026-06-23,CUST-0881,Customer 0882,North,West Bengal,Lucknow,Furniture,Chairs,Ergonomic Chair,2,32437.24,0.0,7836.59,Cash,Small Business
ORD-04707,2026-01-12,CUST-0299,Customer 1057,East,Delhi,Kolkata,Office Supplies,Binders,Presentation Folder,1,218.09,0.1,76.05,Net Banking,Small Business
ORD-04708,2026-02-13,CUST-1054,Customer 1199,East,Uttar Pradesh,Kolkata,Technology,Smartphones,Premium Phone,1,76143.71,0.05,17545.61,Debit Card,Consumer
ORD-04709,2025-07-24,CUST-0557,Customer 1048,North,Karnataka,Delhi,Technology,Smartphones,Budget Phone,5,276763.71,0.2,45835.99,Cash,Corporate
ORD-04710,2026-01-25,CUST-1171,Customer 0649,North,Gujarat,Chandigarh,Office Supplies,Binders,Lever Arch Binder,3,1386.75,0.0,401.0,Credit Card,Consumer
ORD-04711,2026-11-01,CUST-0784,Customer 0705,South,West Bengal,Bengaluru,Technology,Accessories,Keyboard,4,17419.78,0.1,1940.91,Credit Card,Consumer
ORD-04712,2025-05-30,CUST-0345,Customer 0555,East,Karnataka,Patna,Technology,Laptops,Business Laptop,8,582785.96,0.05,52751.36,UPI,Consumer
ORD-04713,2025-02-22,CUST-0564,Customer 0006,West,Kerala,Pune,Technology,Laptops,Ultrabook,2,98709.94,0.08,14095.19,Net Banking,Small Business
ORD-04714,2026-12-30,CUST-0732,Customer 0416,South,West Bengal,Kochi,Technology,Accessories,Wireless Mouse,5,5300.08,0.1,1088.74,Net Banking,Consumer
ORD-04715,2026-03-26,CUST-0279,Customer 0083,North,Rajasthan,Delhi,Office Supplies,Writing,Notebook,1,519.35,0.15,124.11,Net Banking,Corporate
ORD-04716,2025-09-04,CUST-0936,Customer 0663,East,Maharashtra,Guwahati,Office Supplies,Writing,Pen Set,3,898.36,0.02,307.82,Net Banking,Corporate
ORD-04717,2026-08-01,CUST-0534,Customer 1058,East,Tamil Nadu,Kolkata,Office Supplies,Writing,Notebook,4,742.76,0.1,233.3,Net Banking,Consumer
ORD-04718,2026-08-22,CUST-0144,Customer 0879,East,Maharashtra,Patna,Furniture,Chairs,Visitor Chair,2,13461.22,0.1,3468.6,Net Banking,Small Business
ORD-04719,2026-07-25,CUST-0346,Customer 0438,North,Kerala,Delhi,Furniture,Tables,Work Desk,4,18138.2,0.1,5236.51,Net Banking,Small Business
ORD-04720,2025-11-04,CUST-0355,Customer 0548,West,Gujarat,Mumbai,Office Supplies,Binders,Lever Arch Binder,1,111.53,0.15,20.48,UPI,Consumer
ORD-04721,2026-04-29,CUST-0541,Customer 0073,North,Karnataka,Jaipur,Office Supplies,Writing,Pen Set,1,571.32,0.02,199.57,Cash,Consumer
ORD-04722,2026-06-11,CUST-0250,Customer 1117,East,Karnataka,Guwahati,Technology,Smartphones,Android Phone,3,209758.42,0.0,39999.21,UPI,Corporate
ORD-04723,2025-02-12,CUST-0677,Customer 0630,South,Delhi,Bengaluru,Furniture,Chairs,Ergonomic Chair,5,65212.44,0.15,10375.42,Credit Card,Small Business
ORD-04724,2026-01-13,CUST-1136,Customer 0199,South,Kerala,Kochi,Office Supplies,Binders,Presentation Folder,3,2067.07,0.15,474.02,Net Banking,Corporate
ORD-04725,2026-07-05,CUST-0817,Customer 0521,East,Telangana,Patna,Office Supplies,Binders,Lever Arch Binder,1,526.66,0.02,97.01,Debit Card,Consumer
ORD-04726,2026-05-13,CUST-0600,Customer 0285,East,Rajasthan,Patna,Furniture,Tables,Work Desk,10,240479.04,0.15,59174.9,Debit Card,Small Business
ORD-04727,2026-03-20,CUST-0078,Customer 0206,East,Telangana,Kolkata,Furniture,Tables,Work Desk,2,55615.09,0.0,7508.82,Debit Card,Small Business
ORD-04728,2026-08-22,CUST-0819,Customer 0334,North,Rajasthan,Delhi,Technology,Accessories,Keyboard,2,1253.76,0.15,120.61,UPI,Consumer
ORD-04729,2025-11-16,CUST-0139,Customer 0072,West,Kerala,Ahmedabad,Furniture,Chairs,Visitor Chair,1,3212.83,0.02,425.69,UPI,Corporate
ORD-04730,2026-03-23,CUST-1088,Customer 0800,East,Gujarat,Bhubaneswar,Technology,Accessories,Keyboard,10,38616.85,0.0,7194.54,UPI,Small Business
ORD-04731,2025-05-21,CUST-1008,Customer 0428,West,Tamil Nadu,Mumbai,Office Supplies,Binders,Ring Binder,5,2854.35,0.2,689.58,Cash,Small Business
ORD-04732,2025-10-22,CUST-0725,Customer 0974,West,Tamil Nadu,Mumbai,Furniture,Chairs,Ergonomic Chair,1,6868.1,0.02,1371.73,Cash,Small Business
ORD-04733,2025-05-29,CUST-0188,Customer 0204,North,Gujarat,Lucknow,Office Supplies,Binders,Ring Binder,1,276.47,0.15,45.56,Credit Card,Corporate
ORD-04734,2026-05-22,CUST-0118,Customer 0393,North,Uttar Pradesh,Jaipur,Furniture,Storage,Bookshelf,3,29996.69,0.2,6801.43,UPI,Small Business
ORD-04735,2026-03-03,CUST-0609,Customer 1166,East,Telangana,Bhubaneswar,Furniture,Chairs,Visitor Chair,2,11975.87,0.05,2492.23,UPI,Consumer
ORD-04736,2026-05-29,CUST-1171,Customer 0738,East,Telangana,Patna,Technology,Smartphones,Budget Phone,1,76501.24,0.0,9549.45,Debit Card,Consumer
ORD-04737,2026-02-09,CUST-0447,Customer 0986,East,Tamil Nadu,Bhubaneswar,Office Supplies,Binders,Presentation Folder,2,1275.38,0.05,295.44,Cash,Consumer
ORD-04738,2026-08-16,CUST-0978,Customer 0560,North,Kerala,Jaipur,Office Supplies,Paper,Premium Paper,2,822.45,0.08,182.04,Net Banking,Corporate
ORD-04739,2026-03-28,CUST-0524,Customer 1178,West,Tamil Nadu,Surat,Furniture,Tables,Conference Table,2,26619.58,0.08,5095.44,UPI,Corporate
ORD-04740,2025-06-15,CUST-0227,Customer 0867,North,Gujarat,Lucknow,Office Supplies,Writing,Markers,1,611.72,0.05,187.03,Debit Card,Consumer
ORD-04741,2025-01-17,CUST-0582,Customer 1172,South,Uttar Pradesh,Hyderabad,Office Supplies,Binders,Presentation Folder,1,559.13,0.08,94.5,UPI,Corporate
ORD-04742,2025-03-19,CUST-0600,Customer 0820,North,Kerala,Delhi,Furniture,Storage,Filing Cabinet,8,91739.38,0.02,17984.98,Credit Card,Corporate
ORD-04743,2025-11-25,CUST-0940,Customer 1104,North,Maharashtra,Jaipur,Furniture,Tables,Conference Table,3,24270.31,0.2,3057.33,Debit Card,Consumer
ORD-04744,2025-08-05,CUST-0663,Customer 0558,North,Delhi,Delhi,Furniture,Tables,Work Desk,3,87640.91,0.0,20895.12,Credit Card,Consumer
ORD-04745,2025-06-02,CUST-0090,Customer 1149,West,Delhi,Ahmedabad,Technology,Laptops,Ultrabook,6,572620.79,0.02,134557.34,Cash,Corporate
ORD-04746,2026-09-21,CUST-0755,Customer 1169,North,Telangana,Jaipur,Technology,Laptops,Ultrabook,2,193909.73,0.1,26582.26,Debit Card,Consumer
ORD-04747,2025-05-01,CUST-1118,Customer 0177,West,Tamil Nadu,Mumbai,Furniture,Tables,Conference Table,5,60105.11,0.08,15977.24,Net Banking,Consumer
ORD-04748,2026-02-11,CUST-0146,Customer 0588,South,Gujarat,Chennai,Office Supplies,Paper,Recycled Paper,4,1906.79,0.02,490.92,Cash,Consumer
ORD-04749,2025-05-04,CUST-0130,Customer 0204,West,Gujarat,Pune,Technology,Accessories,Keyboard,2,3233.1,0.2,769.27,Net Banking,Small Business
ORD-04750,2025-08-02,CUST-1117,Customer 0528,West,Delhi,Pune,Furniture,Chairs,Office Chair,3,30588.8,0.02,4343.02,Credit Card,Consumer
ORD-04751,2025-04-20,CUST-0311,Customer 0241,East,Maharashtra,Guwahati,Office Supplies,Writing,Notebook,3,978.93,0.0,185.77,Credit Card,Small Business
ORD-04752,2026-09-12,CUST-0228,Customer 0413,South,Rajasthan,Hyderabad,Technology,Smartphones,Budget Phone,2,111586.54,0.08,11214.67,UPI,Consumer
ORD-04753,2025-10-26,CUST-0859,Customer 0232,East,Telangana,Bhubaneswar,Office Supplies,Binders,Lever Arch Binder,2,223.15,0.0,70.94,Credit Card,Corporate
ORD-04754,2025-10-31,CUST-1057,Customer 0224,East,Maharashtra,Guwahati,Furniture,Tables,Conference Table,1,10496.62,0.0,1312.2,UPI,Corporate
ORD-04755,2025-04-24,CUST-1027,Customer 0061,South,Karnataka,Chennai,Office Supplies,Paper,Premium Paper,2,1780.92,0.2,424.96,Net Banking,Small Business
ORD-04756,2026-06-03,CUST-0873,Customer 1144,East,Rajasthan,Patna,Furniture,Storage,Filing Cabinet,2,10269.85,0.1,2596.53,Credit Card,Consumer
ORD-04757,2025-02-12,CUST-0127,Customer 0986,South,Telangana,Hyderabad,Office Supplies,Binders,Presentation Folder,2,187.13,0.08,58.46,Cash,Corporate
ORD-04758,2026-02-19,CUST-0366,Customer 1064,East,Rajasthan,Patna,Technology,Smartphones,Premium Phone,1,40649.87,0.02,8171.46,UPI,Consumer
ORD-04759,2026-12-29,CUST-0735,Customer 0391,West,Kerala,Ahmedabad,Furniture,Tables,Work Desk,1,7948.4,0.0,1364.91,UPI,Small Business
ORD-04760,2026-06-08,CUST-0247,Customer 0720,East,Rajasthan,Bhubaneswar,Furniture,Chairs,Visitor Chair,4,49278.66,0.2,10637.63,Debit Card,Small Business
ORD-04761,2025-01-20,CUST-0788,Customer 0575,West,Uttar Pradesh,Mumbai,Furniture,Chairs,Office Chair,3,32287.48,0.05,6549.65,Credit Card,Consumer
ORD-04762,2025-10-18,CUST-0268,Customer 0475,South,Delhi,Hyderabad,Furniture,Storage,Filing Cabinet,3,28372.72,0.02,4774.13,Credit Card,Corporate
ORD-04763,2026-09-29,CUST-0798,Customer 0055,East,Rajasthan,Bhubaneswar,Office Supplies,Paper,Recycled Paper,4,3230.25,0.2,1089.49,UPI,Corporate
ORD-04764,2026-05-30,CUST-0965,Customer 0571,South,Delhi,Chennai,Technology,Accessories,Wireless Mouse,3,8826.62,0.08,2008.76,Debit Card,Corporate
ORD-04765,2026-01-30,CUST-0739,Customer 1193,West,Telangana,Mumbai,Technology,Accessories,Wireless Mouse,5,15392.94,0.1,2244.63,Net Banking,Small Business
ORD-04766,2025-05-14,CUST-0944,Customer 1015,East,Tamil Nadu,Kolkata,Office Supplies,Paper,Recycled Paper,2,1631.54,0.05,414.31,Cash,Small Business
ORD-04767,2026-02-13,CUST-0610,Customer 0636,East,West Bengal,Kolkata,Office Supplies,Paper,Recycled Paper,2,1538.52,0.2,453.43,Net Banking,Consumer
ORD-04768,2025-09-19,CUST-0916,Customer 0004,North,Uttar Pradesh,Delhi,Office Supplies,Writing,Markers,1,491.97,0.2,85.23,UPI,Consumer
ORD-04769,2026-11-10,CUST-1058,Customer 0530,North,Gujarat,Lucknow,Technology,Smartphones,Budget Phone,3,60618.32,0.1,6144.68,UPI,Corporate
ORD-04770,2026-09-15,CUST-1158,Customer 0764,North,Tamil Nadu,Delhi,Furniture,Tables,Conference Table,1,19889.6,0.02,5702.91,UPI,Consumer
ORD-04771,2025-08-23,CUST-0802,Customer 0701,West,Tamil Nadu,Ahmedabad,Office Supplies,Binders,Lever Arch Binder,8,5400.21,0.2,1594.17,Cash,Consumer
ORD-04772,2026-11-03,CUST-0334,Customer 0743,West,Karnataka,Mumbai,Furniture,Tables,Work Desk,1,20909.8,0.08,5383.43,Net Banking,Small Business
ORD-04773,2026-06-11,CUST-0246,Customer 0493,South,Kerala,Bengaluru,Office Supplies,Paper,A4 Paper,1,905.13,0.2,313.89,Net Banking,Small Business
ORD-04774,2025-02-02,CUST-0750,Customer 0742,East,Uttar Pradesh,Kolkata,Office Supplies,Writing,Markers,4,1797.68,0.05,323.52,Cash,Corporate
ORD-04775,2026-06-14,CUST-0644,Customer 0734,South,Telangana,Chennai,Furniture,Storage,Filing Cabinet,3,30756.26,0.15,7148.45,UPI,Small Business
ORD-04776,2026-07-28,CUST-0655,Customer 0644,South,Gujarat,Kochi,Furniture,Chairs,Office Chair,3,22881.53,0.1,3913.32,UPI,Consumer
ORD-04777,2026-08-15,CUST-0227,Customer 0381,North,Kerala,Chandigarh,Furniture,Storage,Storage Box,3,32785.34,0.02,8892.13,Cash,Small Business
ORD-04778,2026-10-10,CUST-0878,Customer 0442,West,Telangana,Surat,Technology,Laptops,Ultrabook,5,355027.98,0.02,54302.19,UPI,Consumer
ORD-04779,2026-05-04,CUST-0881,Customer 0387,North,Telangana,Delhi,Furniture,Chairs,Visitor Chair,4,66979.39,0.05,18590.38,Cash,Corporate
ORD-04780,2026-04-30,CUST-0553,Customer 1142,North,Rajasthan,Lucknow,Furniture,Chairs,Office Chair,4,54855.8,0.15,14949.71,UPI,Corporate
ORD-04781,2026-06-13,CUST-0876,Customer 0111,East,Telangana,Patna,Technology,Laptops,Ultrabook,2,90596.97,0.02,21102.35,Net Banking,Small Business
ORD-04782,2025-03-10,CUST-1089,Customer 1130,West,Rajasthan,Mumbai,Office Supplies,Binders,Lever Arch Binder,2,1695.92,0.0,367.57,Debit Card,Small Business
ORD-04783,2026-04-19,CUST-0559,Customer 0855,East,Karnataka,Bhubaneswar,Technology,Accessories,USB Hub,2,6748.37,0.0,1021.56,Credit Card,Consumer
ORD-04784,2025-01-29,CUST-0483,Customer 0764,East,Tamil Nadu,Kolkata,Technology,Smartphones,Budget Phone,3,193891.35,0.2,31895.53,Net Banking,Consumer
ORD-04785,2026-03-14,CUST-0548,Customer 0529,East,Karnataka,Patna,Furniture,Tables,Work Desk,10,235116.16,0.1,48390.05,Net Banking,Small Business
ORD-04786,2025-12-03,CUST-0685,Customer 0374,North,Gujarat,Jaipur,Office Supplies,Binders,Ring Binder,8,5918.82,0.0,1002.61,Credit Card,Consumer
ORD-04787,2026-10-30,CUST-0468,Customer 0719,West,Maharashtra,Pune,Technology,Laptops,Gaming Laptop,1,86434.72,0.0,19275.59,Credit Card,Consumer
ORD-04788,2025-07-30,CUST-0539,Customer 0671,West,Karnataka,Ahmedabad,Office Supplies,Writing,Pen Set,1,238.77,0.2,82.61,Cash,Small Business
ORD-04789,2026-01-28,CUST-0785,Customer 0958,West,Karnataka,Mumbai,Office Supplies,Binders,Ring Binder,5,3787.32,0.08,1217.89,Cash,Consumer
ORD-04790,2025-12-30,CUST-0196,Customer 0181,West,Uttar Pradesh,Mumbai,Furniture,Chairs,Ergonomic Chair,1,12653.26,0.08,2178.36,UPI,Consumer
ORD-04791,2025-01-21,CUST-0560,Customer 0414,East,Uttar Pradesh,Kolkata,Office Supplies,Writing,Pen Set,4,1955.36,0.0,470.98,Cash,Consumer
ORD-04792,2026-11-17,CUST-0734,Customer 0321,East,Telangana,Bhubaneswar,Technology,Smartphones,Android Phone,5,303247.64,0.08,29554.95,Debit Card,Small Business
ORD-04793,2026-07-17,CUST-1160,Customer 0273,North,Rajasthan,Delhi,Technology,Smartphones,Android Phone,3,100284.47,0.0,10242.34,Debit Card,Small Business
ORD-04794,2026-09-24,CUST-0840,Customer 1026,South,Uttar Pradesh,Hyderabad,Office Supplies,Paper,Premium Paper,1,406.19,0.15,113.73,Debit Card,Corporate
ORD-04795,2025-02-22,CUST-0441,Customer 0166,North,Kerala,Lucknow,Office Supplies,Binders,Lever Arch Binder,3,1690.38,0.2,346.13,Debit Card,Corporate
ORD-04796,2025-09-20,CUST-0523,Customer 0446,West,Karnataka,Ahmedabad,Office Supplies,Paper,A4 Paper,2,1984.64,0.15,398.08,Net Banking,Small Business
ORD-04797,2025-06-22,CUST-0479,Customer 0120,East,West Bengal,Guwahati,Furniture,Storage,Bookshelf,4,18025.05,0.0,4548.22,Net Banking,Consumer
ORD-04798,2025-01-14,CUST-0154,Customer 0157,East,Uttar Pradesh,Patna,Furniture,Storage,Filing Cabinet,4,39789.58,0.02,8758.03,UPI,Corporate
ORD-04799,2025-04-10,CUST-0449,Customer 0969,West,Uttar Pradesh,Mumbai,Technology,Accessories,Wireless Mouse,6,20567.85,0.15,3621.55,Credit Card,Consumer
ORD-04800,2025-09-17,CUST-0523,Customer 0648,North,Maharashtra,Delhi,Furniture,Tables,Work Desk,4,67321.17,0.05,16536.48,UPI,Corporate
ORD-04801,2025-03-30,CUST-0016,Customer 1164,West,Gujarat,Surat,Technology,Laptops,Ultrabook,4,189325.5,0.05,17444.01,Debit Card,Small Business
ORD-04802,2025-11-04,CUST-0889,Customer 0354,South,Karnataka,Kochi,Furniture,Storage,Storage Box,1,13396.92,0.05,2467.8,Credit Card,Consumer
ORD-04803,2025-07-03,CUST-1039,Customer 0756,West,Delhi,Surat,Furniture,Storage,Filing Cabinet,3,14672.75,0.08,2198.0,Net Banking,Small Business
ORD-04804,2026-05-20,CUST-0412,Customer 0294,South,West Bengal,Bengaluru,Furniture,Storage,Filing Cabinet,3,17910.58,0.0,4477.68,Net Banking,Small Business
ORD-04805,2025-11-23,CUST-0396,Customer 0932,North,Delhi,Delhi,Technology,Smartphones,Premium Phone,1,44945.4,0.0,9298.56,Cash,Consumer
ORD-04806,2026-08-12,CUST-0562,Customer 0081,South,Karnataka,Hyderabad,Office Supplies,Binders,Ring Binder,2,1311.4,0.0,360.84,Net Banking,Corporate
ORD-04807,2026-06-19,CUST-1099,Customer 0167,West,Tamil Nadu,Surat,Technology,Laptops,Ultrabook,3,190458.86,0.2,43768.62,Cash,Small Business
ORD-04808,2026-11-14,CUST-1184,Customer 0745,South,Delhi,Bengaluru,Office Supplies,Paper,Premium Paper,4,2070.23,0.15,323.83,Cash,Small Business
ORD-04809,2026-02-21,CUST-0980,Customer 0512,West,Telangana,Mumbai,Furniture,Chairs,Ergonomic Chair,2,11683.39,0.08,2256.44,Debit Card,Corporate
ORD-04810,2026-05-23,CUST-0261,Customer 0429,West,Uttar Pradesh,Surat,Technology,Smartphones,Android Phone,4,97408.48,0.02,22643.4,Credit Card,Corporate
ORD-04811,2026-03-23,CUST-0369,Customer 0788,West,Rajasthan,Mumbai,Technology,Laptops,Gaming Laptop,4,348571.0,0.2,78077.18,Cash,Small Business
ORD-04812,2025-06-24,CUST-0814,Customer 1111,South,Delhi,Kochi,Technology,Smartphones,Android Phone,5,213430.69,0.15,44667.37,Debit Card,Corporate
ORD-04813,2025-12-06,CUST-1038,Customer 0490,West,Telangana,Mumbai,Office Supplies,Writing,Notebook,4,1885.46,0.1,481.58,Credit Card,Small Business
ORD-04814,2025-11-30,CUST-0431,Customer 0614,North,Uttar Pradesh,Jaipur,Technology,Accessories,Wireless Mouse,2,9290.44,0.0,1454.31,Debit Card,Corporate
ORD-04815,2025-11-13,CUST-0597,Customer 0198,East,Rajasthan,Guwahati,Office Supplies,Paper,Premium Paper,1,546.58,0.0,175.61,UPI,Consumer
ORD-04816,2025-01-17,CUST-0527,Customer 0903,West,Gujarat,Surat,Furniture,Chairs,Ergonomic Chair,1,3748.06,0.02,747.04,UPI,Consumer
ORD-04817,2026-12-12,CUST-1097,Customer 0668,South,Rajasthan,Bengaluru,Furniture,Storage,Bookshelf,5,5202.78,0.2,1093.16,Cash,Consumer
ORD-04818,2025-05-25,CUST-0565,Customer 0308,South,Karnataka,Bengaluru,Office Supplies,Binders,Ring Binder,3,1501.92,0.0,357.14,Net Banking,Corporate
ORD-04819,2026-03-10,CUST-0802,Customer 0912,South,Maharashtra,Bengaluru,Office Supplies,Writing,Markers,1,570.56,0.08,180.82,Debit Card,Small Business
ORD-04820,2026-07-23,CUST-0661,Customer 0556,East,Kerala,Patna,Technology,Laptops,Ultrabook,1,62420.15,0.1,8704.8,Credit Card,Small Business
ORD-04821,2025-04-24,CUST-0293,Customer 0904,East,Tamil Nadu,Patna,Furniture,Chairs,Ergonomic Chair,5,74015.86,0.1,11127.19,Cash,Corporate
ORD-04822,2026-06-02,CUST-0493,Customer 0972,South,Telangana,Kochi,Technology,Smartphones,Android Phone,3,126136.29,0.15,21898.01,Credit Card,Consumer
ORD-04823,2026-11-13,CUST-0668,Customer 1135,West,Tamil Nadu,Ahmedabad,Office Supplies,Writing,Markers,3,1950.19,0.02,377.86,Cash,Small Business
ORD-04824,2025-09-05,CUST-0787,Customer 0295,West,Delhi,Pune,Furniture,Storage,Filing Cabinet,5,19919.88,0.05,4829.49,Net Banking,Small Business
ORD-04825,2026-07-24,CUST-0165,Customer 1104,North,West Bengal,Chandigarh,Technology,Accessories,USB Hub,5,18491.35,0.02,1501.93,Net Banking,Consumer
ORD-04826,2026-12-04,CUST-0134,Customer 1173,East,Delhi,Kolkata,Furniture,Tables,Conference Table,5,36543.87,0.0,7245.05,Cash,Consumer
ORD-04827,2025-07-17,CUST-0877,Customer 0789,West,Tamil Nadu,Mumbai,Office Supplies,Writing,Pen Set,3,1414.01,0.1,333.99,Debit Card,Corporate
ORD-04828,2026-04-21,CUST-0617,Customer 0416,North,Rajasthan,Delhi,Office Supplies,Paper,Recycled Paper,2,1411.2,0.0,482.83,Credit Card,Consumer
ORD-04829,2026-06-23,CUST-0163,Customer 0268,East,Gujarat,Kolkata,Furniture,Chairs,Visitor Chair,4,51599.18,0.0,15146.73,Credit Card,Corporate
ORD-04830,2026-07-14,CUST-0932,Customer 0424,South,Karnataka,Bengaluru,Technology,Laptops,Ultrabook,3,250232.54,0.2,52247.04,Credit Card,Small Business
ORD-04831,2026-12-12,CUST-0735,Customer 0945,West,Maharashtra,Mumbai,Technology,Accessories,Wireless Mouse,5,18789.39,0.1,2837.62,Net Banking,Small Business
ORD-04832,2025-01-23,CUST-1127,Customer 0631,West,Delhi,Ahmedabad,Furniture,Storage,Storage Box,3,30397.44,0.05,7168.32,UPI,Consumer
ORD-04833,2025-11-03,CUST-0164,Customer 0396,West,Maharashtra,Pune,Furniture,Storage,Bookshelf,1,10506.11,0.08,1756.56,Credit Card,Small Business
ORD-04834,2026-09-29,CUST-0524,Customer 0257,East,Telangana,Guwahati,Furniture,Chairs,Visitor Chair,5,79613.89,0.05,13714.57,Cash,Corporate
ORD-04835,2026-03-18,CUST-0223,Customer 0482,North,Maharashtra,Chandigarh,Technology,Laptops,Gaming Laptop,1,95219.39,0.05,15660.32,UPI,Small Business
ORD-04836,2025-05-07,CUST-0500,Customer 1009,South,Telangana,Bengaluru,Furniture,Tables,Work Desk,3,74023.76,0.02,10320.42,UPI,Small Business
ORD-04837,2026-01-15,CUST-0361,Customer 0311,West,Tamil Nadu,Surat,Office Supplies,Writing,Notebook,1,113.55,0.0,38.5,Credit Card,Consumer
ORD-04838,2025-08-07,CUST-0449,Customer 0424,North,Karnataka,Delhi,Office Supplies,Writing,Pen Set,1,451.57,0.08,120.55,Cash,Small Business
ORD-04839,2026-03-09,CUST-0044,Customer 0332,North,Karnataka,Jaipur,Office Supplies,Writing,Notebook,4,472.05,0.1,159.69,Cash,Consumer
ORD-04840,2026-06-16,CUST-0864,Customer 0368,West,Uttar Pradesh,Mumbai,Office Supplies,Paper,Premium Paper,4,1612.99,0.15,502.48,UPI,Corporate
ORD-04841,2025-02-07,CUST-0937,Customer 0836,North,Uttar Pradesh,Chandigarh,Office Supplies,Writing,Markers,8,2745.4,0.1,651.01,Net Banking,Small Business
ORD-04842,2026-08-12,CUST-1085,Customer 0782,North,Gujarat,Jaipur,Furniture,Tables,Conference Table,1,11301.05,0.02,2690.73,Cash,Corporate
ORD-04843,2026-01-17,CUST-0524,Customer 0297,North,Telangana,Jaipur,Office Supplies,Binders,Ring Binder,3,1930.96,0.2,476.78,Debit Card,Small Business
ORD-04844,2026-02-16,CUST-0390,Customer 0221,North,Delhi,Delhi,Furniture,Tables,Conference Table,3,44452.96,0.2,11854.81,Cash,Corporate
ORD-04845,2025-10-05,CUST-1104,Customer 0517,East,Delhi,Patna,Furniture,Storage,Storage Box,1,11085.89,0.0,2887.22,Debit Card,Corporate
ORD-04846,2025-09-24,CUST-0706,Customer 0912,South,Karnataka,Kochi,Furniture,Storage,Filing Cabinet,1,9316.71,0.08,1436.74,Cash,Small Business
ORD-04847,2026-11-07,CUST-0869,Customer 0797,North,Delhi,Delhi,Furniture,Tables,Side Table,5,61391.48,0.15,10586.87,Cash,Small Business
ORD-04848,2026-05-10,CUST-0089,Customer 0787,East,Tamil Nadu,Kolkata,Office Supplies,Writing,Notebook,4,2121.64,0.08,370.39,Credit Card,Corporate
ORD-04849,2026-03-04,CUST-0024,Customer 0773,North,Delhi,Jaipur,Technology,Accessories,Wireless Mouse,2,6749.05,0.2,1528.03,Cash,Corporate
ORD-04850,2025-01-20,CUST-0556,Customer 1094,East,Uttar Pradesh,Bhubaneswar,Technology,Accessories,Keyboard,4,2291.4,0.05,261.94,Debit Card,Small Business
ORD-04851,2026-06-20,CUST-0267,Customer 0886,West,Maharashtra,Mumbai,Office Supplies,Paper,Premium Paper,2,988.02,0.05,235.38,Net Banking,Small Business
ORD-04852,2025-02-18,CUST-0453,Customer 0869,North,Delhi,Delhi,Office Supplies,Writing,Notebook,8,2943.03,0.02,823.07,Cash,Small Business
ORD-04853,2025-01-07,CUST-1161,Customer 0935,North,Karnataka,Lucknow,Furniture,Tables,Conference Table,8,124967.13,0.02,19386.3,Debit Card,Corporate
ORD-04854,2025-10-25,CUST-0466,Customer 0183,East,West Bengal,Kolkata,Technology,Accessories,USB Hub,1,3358.33,0.2,792.07,UPI,Small Business
ORD-04855,2025-09-21,CUST-0042,Customer 0298,West,Rajasthan,Ahmedabad,Office Supplies,Binders,Presentation Folder,3,753.99,0.1,166.81,Credit Card,Small Business
ORD-04856,2025-06-23,CUST-0427,Customer 0172,North,Karnataka,Delhi,Furniture,Storage,Storage Box,8,100537.96,0.02,18961.5,Net Banking,Small Business
ORD-04857,2025-10-25,CUST-0276,Customer 0038,East,Tamil Nadu,Patna,Furniture,Storage,Storage Box,2,17344.43,0.0,3242.03,Credit Card,Small Business
ORD-04858,2026-06-06,CUST-1118,Customer 0189,West,Gujarat,Surat,Office Supplies,Paper,Premium Paper,2,772.3,0.05,122.98,Cash,Corporate
ORD-04859,2026-10-25,CUST-0729,Customer 0212,West,Maharashtra,Ahmedabad,Technology,Accessories,Wireless Mouse,4,16453.45,0.02,2535.59,Credit Card,Small Business
ORD-04860,2025-08-03,CUST-0539,Customer 0886,East,Maharashtra,Bhubaneswar,Office Supplies,Writing,Notebook,3,1412.19,0.15,273.66,Debit Card,Corporate
ORD-04861,2025-10-20,CUST-0682,Customer 0944,North,Tamil Nadu,Lucknow,Office Supplies,Writing,Pen Set,2,542.43,0.02,172.26,Debit Card,Small Business
ORD-04862,2026-12-06,CUST-1106,Customer 0053,West,West Bengal,Pune,Furniture,Tables,Side Table,3,69389.35,0.02,9874.58,Credit Card,Consumer
ORD-04863,2025-10-04,CUST-0328,Customer 0450,South,West Bengal,Chennai,Furniture,Tables,Side Table,1,7578.34,0.0,1361.67,UPI,Small Business
ORD-04864,2026-07-08,CUST-1093,Customer 0848,West,Tamil Nadu,Surat,Office Supplies,Writing,Pen Set,1,198.46,0.2,57.58,UPI,Corporate
ORD-04865,2025-05-11,CUST-1036,Customer 0938,East,West Bengal,Bhubaneswar,Technology,Laptops,Gaming Laptop,6,523566.04,0.0,75266.47,Debit Card,Corporate
ORD-04866,2026-08-14,CUST-0996,Customer 1065,East,Uttar Pradesh,Guwahati,Technology,Laptops,Gaming Laptop,5,224984.75,0.2,42660.46,Debit Card,Corporate
ORD-04867,2026-12-05,CUST-0906,Customer 1173,West,Maharashtra,Mumbai,Technology,Accessories,USB Hub,2,3955.8,0.15,931.57,Cash,Small Business
ORD-04868,2026-05-21,CUST-1192,Customer 1064,South,Kerala,Kochi,Office Supplies,Writing,Pen Set,4,1027.01,0.2,313.87,Credit Card,Small Business
ORD-04869,2026-12-18,CUST-0499,Customer 1066,West,Tamil Nadu,Pune,Technology,Smartphones,Budget Phone,3,229488.69,0.02,53115.17,Credit Card,Consumer
ORD-04870,2026-11-28,CUST-0307,Customer 0776,South,Gujarat,Kochi,Technology,Smartphones,Android Phone,1,44116.48,0.1,5889.02,Net Banking,Corporate
ORD-04871,2026-10-22,CUST-0674,Customer 0047,East,Delhi,Guwahati,Furniture,Tables,Side Table,4,86813.17,0.2,13199.74,Debit Card,Small Business
ORD-04872,2025-01-12,CUST-0767,Customer 1184,West,Delhi,Surat,Office Supplies,Writing,Notebook,2,951.2,0.2,248.41,Debit Card,Corporate
ORD-04873,2025-08-15,CUST-0928,Customer 0193,East,Gujarat,Bhubaneswar,Technology,Laptops,Business Laptop,3,249865.6,0.02,28962.88,UPI,Small Business
ORD-04874,2026-04-18,CUST-0365,Customer 0559,East,Kerala,Bhubaneswar,Office Supplies,Writing,Notebook,5,1952.76,0.02,648.45,UPI,Small Business
ORD-04875,2026-12-05,CUST-0690,Customer 0479,East,West Bengal,Kolkata,Office Supplies,Writing,Markers,2,839.58,0.08,163.36,Debit Card,Consumer
ORD-04876,2026-07-11,CUST-0098,Customer 0676,South,Rajasthan,Chennai,Technology,Smartphones,Android Phone,5,73075.05,0.2,12514.32,Credit Card,Consumer
ORD-04877,2025-07-15,CUST-0951,Customer 1095,South,Karnataka,Chennai,Furniture,Tables,Side Table,1,5003.58,0.15,676.15,Credit Card,Corporate
ORD-04878,2026-07-28,CUST-0742,Customer 0669,East,Delhi,Kolkata,Office Supplies,Writing,Markers,10,2269.89,0.1,713.18,Credit Card,Corporate
ORD-04879,2025-11-03,CUST-0548,Customer 0249,South,Maharashtra,Chennai,Technology,Laptops,Ultrabook,3,250077.57,0.15,25125.29,Credit Card,Small Business
ORD-04880,2026-08-16,CUST-0386,Customer 0835,West,Gujarat,Mumbai,Technology,Accessories,Keyboard,5,9649.37,0.0,1203.32,Credit Card,Corporate
ORD-04881,2026-11-18,CUST-0339,Customer 1182,East,Delhi,Kolkata,Furniture,Chairs,Office Chair,1,10107.01,0.05,1417.85,Credit Card,Consumer
ORD-04882,2025-08-11,CUST-1166,Customer 1184,North,Telangana,Jaipur,Technology,Laptops,Business Laptop,1,88683.75,0.2,18608.91,Cash,Corporate
ORD-04883,2026-09-25,CUST-0174,Customer 0804,North,Tamil Nadu,Chandigarh,Technology,Smartphones,Android Phone,1,35136.97,0.0,6820.67,Credit Card,Small Business
ORD-04884,2026-10-19,CUST-0609,Customer 0367,North,Uttar Pradesh,Chandigarh,Technology,Accessories,Wireless Mouse,1,4353.85,0.1,682.28,Credit Card,Corporate
ORD-04885,2026-08-08,CUST-0960,Customer 1101,South,Tamil Nadu,Hyderabad,Technology,Accessories,USB Hub,2,5585.58,0.15,556.02,Net Banking,Corporate
ORD-04886,2025-04-21,CUST-0713,Customer 0566,South,Maharashtra,Bengaluru,Office Supplies,Paper,Recycled Paper,4,3277.68,0.2,984.15,Credit Card,Corporate
ORD-04887,2026-07-28,CUST-1069,Customer 0281,West,Karnataka,Mumbai,Technology,Accessories,Keyboard,6,5663.45,0.05,1064.06,Net Banking,Corporate
ORD-04888,2025-06-30,CUST-1014,Customer 0391,East,Rajasthan,Patna,Technology,Accessories,USB Hub,1,570.24,0.1,62.81,Debit Card,Consumer
ORD-04889,2025-11-19,CUST-0776,Customer 0719,South,Rajasthan,Kochi,Technology,Smartphones,Budget Phone,1,55471.48,0.15,13302.05,Net Banking,Small Business
ORD-04890,2025-10-05,CUST-0039,Customer 0199,North,Maharashtra,Lucknow,Furniture,Chairs,Office Chair,5,44814.39,0.1,7884.09,Credit Card,Corporate
ORD-04891,2026-04-11,CUST-0090,Customer 0939,West,Maharashtra,Pune,Furniture,Chairs,Office Chair,1,10183.43,0.2,2377.04,Credit Card,Corporate
ORD-04892,2026-11-20,CUST-0280,Customer 0289,West,Uttar Pradesh,Surat,Office Supplies,Binders,Ring Binder,8,3580.74,0.2,580.61,Debit Card,Corporate
ORD-04893,2026-06-17,CUST-0524,Customer 0655,North,Karnataka,Chandigarh,Technology,Laptops,Gaming Laptop,2,186337.32,0.08,38329.72,Credit Card,Corporate
ORD-04894,2025-01-14,CUST-0595,Customer 0681,West,Kerala,Pune,Technology,Smartphones,Budget Phone,1,24894.88,0.2,2062.78,Cash,Consumer
ORD-04895,2026-04-18,CUST-0197,Customer 0991,West,Telangana,Mumbai,Furniture,Tables,Work Desk,4,51442.69,0.05,11845.36,Cash,Consumer
ORD-04896,2026-01-03,CUST-0462,Customer 0394,South,Uttar Pradesh,Kochi,Office Supplies,Writing,Pen Set,2,521.44,0.05,177.75,Debit Card,Consumer
ORD-04897,2026-12-31,CUST-0362,Customer 0103,North,Uttar Pradesh,Jaipur,Furniture,Storage,Bookshelf,4,31638.84,0.02,4467.99,Debit Card,Small Business
ORD-04898,2025-09-22,CUST-0524,Customer 0107,South,Delhi,Bengaluru,Office Supplies,Binders,Lever Arch Binder,3,921.06,0.0,319.09,Cash,Corporate
ORD-04899,2025-09-07,CUST-0708,Customer 0072,West,Gujarat,Ahmedabad,Office Supplies,Writing,Markers,5,548.1,0.15,110.39,Debit Card,Small Business
ORD-04900,2025-03-30,CUST-0374,Customer 1078,East,Maharashtra,Bhubaneswar,Office Supplies,Paper,Recycled Paper,2,1146.51,0.05,387.66,Credit Card,Consumer
ORD-04901,2026-10-02,CUST-1175,Customer 0687,West,Uttar Pradesh,Ahmedabad,Office Supplies,Binders,Lever Arch Binder,1,744.68,0.1,146.94,Net Banking,Corporate
ORD-04902,2026-10-25,CUST-0699,Customer 0048,South,Kerala,Kochi,Office Supplies,Binders,Presentation Folder,5,1240.38,0.1,398.91,Debit Card,Corporate
ORD-04903,2025-03-07,CUST-0028,Customer 0689,West,Kerala,Ahmedabad,Technology,Smartphones,Android Phone,5,233469.91,0.1,43717.76,UPI,Corporate
ORD-04904,2025-04-18,CUST-0172,Customer 0889,North,Rajasthan,Jaipur,Technology,Laptops,Ultrabook,5,410919.57,0.08,43342.93,Debit Card,Corporate
ORD-04905,2025-07-17,CUST-0415,Customer 0655,West,Kerala,Pune,Office Supplies,Binders,Ring Binder,6,572.09,0.05,179.69,Credit Card,Consumer
ORD-04906,2025-12-04,CUST-0827,Customer 1162,East,Gujarat,Patna,Furniture,Chairs,Ergonomic Chair,3,31186.97,0.2,9263.1,Credit Card,Corporate
ORD-04907,2026-11-27,CUST-0785,Customer 0305,West,Delhi,Surat,Technology,Smartphones,Budget Phone,1,73542.46,0.1,8179.95,Net Banking,Corporate
ORD-04908,2026-12-05,CUST-0806,Customer 0647,East,West Bengal,Kolkata,Office Supplies,Binders,Ring Binder,6,3580.25,0.2,797.65,Net Banking,Corporate
ORD-04909,2025-03-28,CUST-0115,Customer 0866,North,Kerala,Lucknow,Technology,Laptops,Gaming Laptop,3,215452.29,0.0,32666.55,Net Banking,Corporate
ORD-04910,2025-10-18,CUST-0412,Customer 0867,West,Kerala,Pune,Office Supplies,Paper,Premium Paper,4,4300.12,0.02,839.9,UPI,Small Business
ORD-04911,2025-10-19,CUST-0910,Customer 0917,East,Gujarat,Kolkata,Furniture,Tables,Work Desk,1,21003.94,0.08,4783.19,Credit Card,Corporate
ORD-04912,2026-07-05,CUST-0871,Customer 0979,South,Rajasthan,Chennai,Office Supplies,Paper,Premium Paper,1,952.46,0.0,324.9,Credit Card,Corporate
ORD-04913,2025-04-13,CUST-0877,Customer 0743,South,Gujarat,Hyderabad,Office Supplies,Binders,Ring Binder,6,1266.85,0.2,365.09,Cash,Small Business
ORD-04914,2025-01-07,CUST-1072,Customer 0760,North,West Bengal,Lucknow,Technology,Accessories,Keyboard,3,5326.43,0.2,847.12,Net Banking,Corporate
ORD-04915,2026-03-18,CUST-0829,Customer 0366,West,Telangana,Mumbai,Technology,Smartphones,Android Phone,6,354385.89,0.02,58819.86,Net Banking,Consumer
ORD-04916,2025-08-26,CUST-0115,Customer 0774,South,Karnataka,Bengaluru,Furniture,Chairs,Ergonomic Chair,8,64835.86,0.08,12667.61,Net Banking,Consumer
ORD-04917,2025-09-23,CUST-0942,Customer 0886,West,Rajasthan,Surat,Technology,Accessories,Wireless Mouse,4,8687.8,0.08,799.53,Debit Card,Small Business
ORD-04918,2026-11-07,CUST-0261,Customer 0401,West,Gujarat,Mumbai,Furniture,Tables,Work Desk,1,27447.76,0.0,7970.85,Cash,Small Business
ORD-04919,2025-10-05,CUST-1102,Customer 0377,East,Rajasthan,Guwahati,Office Supplies,Binders,Ring Binder,2,626.67,0.0,151.08,Credit Card,Corporate
ORD-04920,2026-07-30,CUST-0501,Customer 0418,North,Uttar Pradesh,Delhi,Office Supplies,Writing,Markers,3,1558.42,0.2,255.89,Credit Card,Corporate
ORD-04921,2025-01-10,CUST-0697,Customer 0396,North,Maharashtra,Jaipur,Office Supplies,Paper,Recycled Paper,2,662.54,0.08,227.84,Credit Card,Small Business
ORD-04922,2026-12-08,CUST-0375,Customer 0630,East,Kerala,Kolkata,Office Supplies,Writing,Pen Set,2,766.76,0.08,202.22,Cash,Small Business
ORD-04923,2026-08-26,CUST-0903,Customer 0735,East,Uttar Pradesh,Patna,Office Supplies,Writing,Pen Set,5,596.9,0.0,202.21,Net Banking,Consumer
ORD-04924,2026-10-20,CUST-0201,Customer 0413,North,Karnataka,Chandigarh,Technology,Smartphones,Premium Phone,2,35198.89,0.08,5101.12,Net Banking,Consumer
ORD-04925,2025-01-14,CUST-0596,Customer 1055,East,Karnataka,Guwahati,Office Supplies,Binders,Ring Binder,2,949.84,0.15,296.15,Cash,Small Business
ORD-04926,2026-05-12,CUST-0738,Customer 1086,North,Gujarat,Chandigarh,Office Supplies,Binders,Lever Arch Binder,4,3226.98,0.1,941.7,Credit Card,Consumer
ORD-04927,2026-04-15,CUST-1164,Customer 0471,East,Delhi,Bhubaneswar,Office Supplies,Binders,Ring Binder,3,2055.93,0.1,620.18,Debit Card,Corporate
ORD-04928,2025-07-27,CUST-0128,Customer 0256,East,Kerala,Guwahati,Office Supplies,Writing,Notebook,5,434.38,0.08,143.94,Cash,Corporate
ORD-04929,2025-10-30,CUST-0754,Customer 0823,South,Rajasthan,Kochi,Technology,Smartphones,Budget Phone,4,128306.65,0.15,20890.61,UPI,Corporate
ORD-04930,2026-09-25,CUST-1199,Customer 0892,South,Maharashtra,Bengaluru,Furniture,Chairs,Office Chair,1,10537.97,0.02,2840.37,Credit Card,Corporate
ORD-04931,2026-10-12,CUST-0683,Customer 0917,South,Karnataka,Chennai,Technology,Accessories,Keyboard,3,6298.25,0.08,1079.38,Credit Card,Consumer
ORD-04932,2025-07-01,CUST-0412,Customer 0659,East,Rajasthan,Kolkata,Office Supplies,Paper,Premium Paper,10,4085.18,0.08,738.24,UPI,Consumer
ORD-04933,2025-11-27,CUST-0999,Customer 0636,South,Kerala,Hyderabad,Technology,Laptops,Gaming Laptop,1,93518.61,0.2,10070.45,UPI,Consumer
ORD-04934,2026-11-14,CUST-1047,Customer 0920,South,Karnataka,Kochi,Technology,Smartphones,Budget Phone,3,61554.02,0.2,6235.34,UPI,Corporate
ORD-04935,2025-02-21,CUST-0964,Customer 0816,East,Kerala,Patna,Furniture,Storage,Bookshelf,2,26660.06,0.0,6441.56,Credit Card,Corporate
ORD-04936,2025-08-22,CUST-0662,Customer 0463,North,Gujarat,Delhi,Office Supplies,Writing,Markers,3,290.41,0.08,61.34,Debit Card,Small Business
ORD-04937,2026-03-12,CUST-0424,Customer 0504,West,Rajasthan,Mumbai,Furniture,Storage,Storage Box,5,10973.4,0.15,2587.11,Credit Card,Corporate
ORD-04938,2025-07-14,CUST-0045,Customer 0467,North,Rajasthan,Delhi,Office Supplies,Writing,Pen Set,4,2364.87,0.02,387.62,Net Banking,Consumer
ORD-04939,2025-01-30,CUST-0425,Customer 0557,West,Telangana,Ahmedabad,Furniture,Chairs,Office Chair,2,22274.61,0.0,3465.72,Credit Card,Corporate
ORD-04940,2025-04-13,CUST-0158,Customer 0883,South,Uttar Pradesh,Hyderabad,Office Supplies,Writing,Notebook,1,76.93,0.1,16.62,Cash,Small Business
ORD-04941,2026-06-25,CUST-0925,Customer 0479,South,Maharashtra,Chennai,Technology,Laptops,Gaming Laptop,4,383548.58,0.08,64461.5,Debit Card,Corporate
ORD-04942,2026-05-15,CUST-0428,Customer 0967,West,Karnataka,Surat,Furniture,Storage,Bookshelf,3,25300.64,0.0,7556.7,UPI,Small Business
ORD-04943,2025-06-21,CUST-0762,Customer 0924,West,Karnataka,Surat,Furniture,Tables,Conference Table,4,43220.77,0.0,9269.41,Debit Card,Corporate
ORD-04944,2026-10-06,CUST-0521,Customer 0353,East,Tamil Nadu,Guwahati,Furniture,Chairs,Visitor Chair,4,24069.68,0.1,7005.38,Credit Card,Small Business
ORD-04945,2026-08-28,CUST-0541,Customer 1047,East,Kerala,Bhubaneswar,Office Supplies,Paper,Premium Paper,4,3633.4,0.08,1156.84,Cash,Consumer
ORD-04946,2025-08-14,CUST-1175,Customer 0470,North,Kerala,Delhi,Office Supplies,Binders,Ring Binder,1,704.03,0.15,171.61,Cash,Corporate
ORD-04947,2026-08-28,CUST-1055,Customer 0491,West,Kerala,Surat,Furniture,Chairs,Office Chair,4,62430.41,0.02,12875.32,Net Banking,Corporate
ORD-04948,2025-01-09,CUST-0752,Customer 0445,East,Rajasthan,Guwahati,Office Supplies,Paper,Recycled Paper,5,4335.85,0.1,1210.01,UPI,Corporate
ORD-04949,2026-03-31,CUST-1135,Customer 0127,West,Delhi,Mumbai,Office Supplies,Binders,Lever Arch Binder,2,803.58,0.2,245.4,Debit Card,Corporate
ORD-04950,2026-07-14,CUST-0014,Customer 1144,East,West Bengal,Bhubaneswar,Office Supplies,Paper,Premium Paper,8,5320.34,0.1,912.49,Debit Card,Corporate
ORD-04951,2026-05-08,CUST-0797,Customer 1067,South,Rajasthan,Bengaluru,Office Supplies,Writing,Notebook,4,822.06,0.0,180.29,Cash,Small Business
ORD-04952,2025-09-24,CUST-0213,Customer 1022,East,Uttar Pradesh,Patna,Technology,Accessories,Keyboard,2,7318.89,0.15,1168.83,Net Banking,Corporate
ORD-04953,2026-03-10,CUST-0447,Customer 0066,North,Telangana,Delhi,Furniture,Tables,Conference Table,1,9653.58,0.02,2624.79,Debit Card,Small Business
ORD-04954,2025-08-07,CUST-0874,Customer 0058,West,Maharashtra,Surat,Furniture,Chairs,Ergonomic Chair,2,18783.23,0.08,3810.02,UPI,Consumer
ORD-04955,2026-08-15,CUST-1039,Customer 0612,North,Gujarat,Jaipur,Furniture,Tables,Side Table,2,29901.17,0.05,6185.02,Credit Card,Small Business
ORD-04956,2025-05-25,CUST-1092,Customer 0120,East,Uttar Pradesh,Kolkata,Office Supplies,Writing,Markers,4,1464.17,0.08,436.89,UPI,Consumer
ORD-04957,2026-09-14,CUST-1044,Customer 0042,West,Gujarat,Mumbai,Technology,Smartphones,Budget Phone,8,333758.55,0.02,38762.34,Net Banking,Small Business
ORD-04958,2025-11-20,CUST-1107,Customer 0201,South,Tamil Nadu,Chennai,Furniture,Chairs,Office Chair,4,22687.86,0.2,4721.3,Net Banking,Consumer
ORD-04959,2025-03-14,CUST-0244,Customer 0550,East,West Bengal,Patna,Office Supplies,Writing,Notebook,2,1209.51,0.0,303.23,Net Banking,Corporate
ORD-04960,2026-02-16,CUST-0292,Customer 0952,North,Uttar Pradesh,Lucknow,Technology,Laptops,Ultrabook,8,494582.46,0.1,43559.12,Net Banking,Consumer
ORD-04961,2026-12-31,CUST-0550,Customer 0076,North,Telangana,Delhi,Office Supplies,Paper,Recycled Paper,4,1500.75,0.2,456.25,Net Banking,Small Business
ORD-04962,2026-10-12,CUST-0435,Customer 0768,North,Gujarat,Jaipur,Furniture,Storage,Storage Box,3,36627.96,0.1,7458.21,Credit Card,Small Business
ORD-04963,2025-07-03,CUST-1032,Customer 1015,East,Rajasthan,Guwahati,Technology,Laptops,Gaming Laptop,2,172564.68,0.05,39305.87,Net Banking,Small Business
ORD-04964,2025-11-16,CUST-0702,Customer 0436,East,Kerala,Patna,Furniture,Tables,Work Desk,2,42751.9,0.1,9108.57,UPI,Small Business
ORD-04965,2026-11-06,CUST-0621,Customer 0107,East,Uttar Pradesh,Kolkata,Technology,Accessories,Wireless Mouse,1,2643.96,0.02,619.18,Credit Card,Small Business
ORD-04966,2025-10-31,CUST-0288,Customer 0958,East,Maharashtra,Guwahati,Furniture,Storage,Storage Box,4,56708.32,0.02,7048.92,Debit Card,Small Business
ORD-04967,2026-12-23,CUST-0566,Customer 1088,North,Telangana,Jaipur,Technology,Smartphones,Premium Phone,3,202136.43,0.2,46115.49,Cash,Corporate
ORD-04968,2026-08-12,CUST-0098,Customer 0772,North,Telangana,Jaipur,Technology,Smartphones,Android Phone,3,183822.91,0.0,15752.6,Debit Card,Corporate
ORD-04969,2025-09-16,CUST-0595,Customer 0449,East,West Bengal,Bhubaneswar,Technology,Accessories,USB Hub,5,19168.78,0.05,2777.16,Net Banking,Consumer
ORD-04970,2026-03-07,CUST-1015,Customer 0111,South,Maharashtra,Bengaluru,Furniture,Tables,Conference Table,6,58700.47,0.15,16869.94,Net Banking,Consumer
ORD-04971,2026-01-09,CUST-0991,Customer 0724,West,Maharashtra,Mumbai,Technology,Laptops,Ultrabook,8,858366.13,0.05,202114.04,Cash,Small Business
ORD-04972,2026-05-02,CUST-0147,Customer 1140,South,Delhi,Hyderabad,Office Supplies,Binders,Presentation Folder,1,303.93,0.0,104.88,Net Banking,Small Business
ORD-04973,2025-12-03,CUST-1035,Customer 0182,North,Delhi,Delhi,Office Supplies,Writing,Markers,3,1625.4,0.1,425.93,Cash,Small Business
ORD-04974,2026-04-20,CUST-0139,Customer 1178,North,Delhi,Lucknow,Technology,Laptops,Ultrabook,3,181211.66,0.0,29094.09,Net Banking,Consumer
ORD-04975,2026-12-25,CUST-0144,Customer 1170,East,Gujarat,Patna,Technology,Laptops,Business Laptop,5,553212.92,0.05,124252.88,Credit Card,Corporate
ORD-04976,2026-07-09,CUST-0854,Customer 0130,East,Gujarat,Patna,Office Supplies,Binders,Presentation Folder,1,120.3,0.08,40.21,Net Banking,Consumer
ORD-04977,2025-07-18,CUST-0914,Customer 0868,North,Telangana,Delhi,Technology,Smartphones,Budget Phone,1,26735.57,0.2,6266.05,UPI,Consumer
ORD-04978,2026-12-24,CUST-0322,Customer 0264,East,Rajasthan,Patna,Technology,Laptops,Business Laptop,1,70806.19,0.05,15670.07,Net Banking,Small Business
ORD-04979,2025-04-15,CUST-0516,Customer 1044,South,West Bengal,Chennai,Furniture,Chairs,Office Chair,10,174254.3,0.02,29978.5,Net Banking,Consumer
ORD-04980,2026-07-19,CUST-0037,Customer 0414,North,Tamil Nadu,Jaipur,Office Supplies,Writing,Notebook,1,291.85,0.1,50.17,Cash,Corporate
ORD-04981,2026-03-15,CUST-0512,Customer 1020,East,Gujarat,Bhubaneswar,Furniture,Storage,Filing Cabinet,2,6634.84,0.1,1019.13,Net Banking,Small Business
ORD-04982,2025-08-10,CUST-0437,Customer 1164,South,Tamil Nadu,Hyderabad,Furniture,Storage,Storage Box,3,37292.94,0.08,8058.28,Net Banking,Consumer
ORD-04983,2026-04-14,CUST-0655,Customer 0628,South,Tamil Nadu,Chennai,Office Supplies,Writing,Pen Set,2,938.28,0.02,272.78,UPI,Small Business
ORD-04984,2026-05-13,CUST-0662,Customer 0721,West,Maharashtra,Mumbai,Furniture,Tables,Conference Table,1,23887.56,0.05,5829.86,UPI,Corporate
ORD-04985,2026-10-19,CUST-0614,Customer 1196,North,Kerala,Jaipur,Furniture,Storage,Filing Cabinet,1,9899.47,0.2,1469.74,Credit Card,Corporate
ORD-04986,2026-05-23,CUST-0730,Customer 0418,North,Rajasthan,Delhi,Office Supplies,Binders,Ring Binder,3,1289.46,0.1,339.12,Credit Card,Consumer
ORD-04987,2026-04-23,CUST-0440,Customer 0932,East,Maharashtra,Guwahati,Furniture,Tables,Conference Table,1,16132.22,0.2,3009.5,UPI,Corporate
ORD-04988,2025-05-04,CUST-0335,Customer 0326,East,Rajasthan,Bhubaneswar,Furniture,Chairs,Ergonomic Chair,3,21210.05,0.08,5307.88,Cash,Corporate
ORD-04989,2025-04-09,CUST-0295,Customer 0709,North,Uttar Pradesh,Chandigarh,Office Supplies,Writing,Pen Set,1,338.13,0.0,54.79,Debit Card,Consumer
ORD-04990,2026-06-04,CUST-0967,Customer 0046,East,Rajasthan,Kolkata,Technology,Accessories,Keyboard,3,12421.22,0.1,1698.49,Debit Card,Consumer
ORD-04991,2026-03-15,CUST-0456,Customer 1005,North,Rajasthan,Jaipur,Furniture,Tables,Side Table,5,87157.43,0.1,23171.9,Cash,Consumer
ORD-04992,2025-04-25,CUST-1118,Customer 0048,East,Gujarat,Patna,Technology,Laptops,Gaming Laptop,3,267330.59,0.1,49036.3,Debit Card,Corporate
ORD-04993,2025-10-07,CUST-0027,Customer 0838,East,Karnataka,Kolkata,Furniture,Chairs,Visitor Chair,2,35659.15,0.0,6419.36,UPI,Corporate
ORD-04994,2026-09-06,CUST-0203,Customer 0995,West,Tamil Nadu,Pune,Furniture,Chairs,Ergonomic Chair,4,16525.54,0.0,2156.18,Cash,Small Business
ORD-04995,2026-07-26,CUST-1143,Customer 1075,East,Gujarat,Bhubaneswar,Furniture,Chairs,Visitor Chair,3,41554.33,0.15,6946.89,Net Banking,Small Business
ORD-04996,2025-10-25,CUST-0661,Customer 0132,West,Rajasthan,Ahmedabad,Office Supplies,Paper,A4 Paper,4,3778.74,0.05,1124.2,Debit Card,Consumer
ORD-04997,2025-02-11,CUST-0933,Customer 0517,South,Tamil Nadu,Chennai,Office Supplies,Writing,Pen Set,5,1468.14,0.08,504.1,Cash,Small Business
ORD-04998,2025-04-09,CUST-1110,Customer 1120,West,West Bengal,Pune,Office Supplies,Writing,Notebook,3,1980.12,0.05,490.89,UPI,Small Business
ORD-04999,2026-02-21,CUST-0193,Customer 0778,South,Delhi,Bengaluru,Office Supplies,Binders,Lever Arch Binder,2,1205.04,0.08,380.51,Cash,Corporate
ORD-05000,2026-02-22,CUST-0599,Customer 0823,North,Telangana,Jaipur,Technology,Laptops,Ultrabook,1,106351.27,0.02,11300.42,Credit Card,Corporate
